lsi_seq,ef_yd,name,base_name,kind,promulgation_no,promulgation_date,effective_date,revision_type,n_articles,scope_text,exclusion_text,hsk_listed,supplier_text,validity_years,validity_until,validity_start,addenda_text,annex_titles,annex_mentions_exclusion,annex_exclusion_text,annex_exclusion_missing,annex_other_text
11150,19910930,관세법제10조의규정에의한폴리아세탈수지에대한덤핑방지관세의부과에관한규정,폴리아세탈수지,대통령령,제13467호,1991-09-14,1991-09-30,제정,3,"제2조(부과대상 물품) ①덤핑방지관세가 부과되는 물품은 폴리아세탈수지(품목분류번호:3907.10.0000)중 중점도ㆍ저점도의 일반등급 및 비디오테이프ㆍ오디오테이프용 특수등급의 것으로 한다. ②제1항의 규정에 의한 중점도의 폴리아세탈수지는 용융지수 9이상 20미만의 것, 저점도의 폴리아세탈수지는 용융지수 20이상의 것, 비디오테이프ㆍ오디오테이프용 특수등급의 폴리아세탈수지는 저점도의 일반등급의 것에 대전방지제를 첨가하여 비디오테이프ㆍ오디오테이프에 사용하도록 특수처리된 것으로 한다. ③재무부장관은 제2항의 규정외에 폴리아세탈수지의 등급구분을 위하여 필요한 때에는 등급구분에 관한 세부사항을 정할 수 있다.",,3907.10.0000,"제1조(적용대상자) ①관세법 제10조의 규정에 의하여 덤핑방지관세가 부과되는 수출국과 수출자는 미국의 이ㆍ아이ㆍ듀폰ㆍ드ㆍ느모아즈 주식회사, 미국의 훽스트셀라니스 코퍼레이션 및 일본의 아사히 화성공업주식회사로 한다. ②제1항의 규정에 의한 수출국은 관세법시행령 제53조의4제3항의 규정을 준용하여 판단하며, 수출자에게는 제1항의 규정에 의한 회사와 관세법시행령 제3조의3의 규정에 의한 특수관계에 있는 자 및 사실상 이들 회사를 위하여 수출하는 자를 포함한다.",2,,,"<대통령령 제13467호, 1991. 9. 14.> ①(시행일) 이 영은 공포후 15일이 경과한 날부터 시행한다. ②(적용시한) 이 영은 이 영 시행일부터 2년간에 한하여 이를 적용한다. ③(적용례) 이 영은 이 영 시행후 최초로 수입신고되는것부터 적용한다.",,,,,
11149,19930220,관세법제10조의규정에의한정제인산에대한덤핑방지관세의부과에관한규정,정제인산,대통령령,제13846호,1993-02-20,1993-02-20,제정,4,제2조(부과대상물품) 덤핑방지관세가 부과되는 물품은 인산(관세율표 번호 : 2809.20.1000)중 정제된 것으로서 공업용 또는 식품용의 것으로 한다.,,2809.20.1000,제1조(적용대상자) 이 영에 의하여 덤핑방지관세가 부과되는 수출자는 중국화공진출구공사ㆍ상해시화공진출구공사등 중화인민공화국산 정제인산의 수출자로 한다.,3,,,"<대통령령 제13846호, 1993. 2. 20.> ①(시행일) 이 영은 공포한 날부터 시행한다. ②(적용시한) 이 영은 이 영 시행일부터 3년간에 한하여 이를 적용하다.",,,,,
11144,19930401,관세법제10조의규정에의한볼베어링에대한덤핑방지관세의부과에관한규정,볼베어링,대통령령,제13873호,1993-04-01,1993-04-01,제정,4,제2조(부과대상물품) 덤핑방지관세가 부과되는 물품은 국제 표준규격의 기본기호가 696ZZ인 볼베어링(관세율표 번호: 8482.10.0000)으로 한다.,,8482.10.0000,제1조(적용대상자) 이 영에 의하여 덤핑방지관세가 부과되는 수출자는 태국의 엔엠비 하이테크 베어링스사(NMB Hi-tech Bearings Ltd.)가 제조한 제2조에 규정된 물품을 수출하는 자로 한다.,5,,1993-01-28,"<대통령령 제13873호, 1993. 4. 1.> ①(시행일) 이 영은 공포한 날부터 시행한다. ②(적용시한) 이 영은 볼베어링에 대한 산업피해판정일(1993. 1. 28.)부터 5년간 이를 적용한다.",,,,,
11146,19931231,관세법제10조의규정에의한소다회에대한덤핑방지관세의부과에관한규정,소다회,대통령령,제14047호,1993-12-31,1993-12-31,제정,4,제2조(부과대상물품) 덤핑방지관세가 부과되는 물품은 중화인민공화국산 소다회 (관세율표 번호 2836.20.0000)로 한다.,,2836.20.0000,"제1조(적용대상자) 이 영에 의하여 덤핑방지관세가 적용되는 수출자는 제2조에 규정된 부과대상물품의 수출자로 한다. 다만, 관세법 제10조제9항의 규정에 의하여 약속이 수락된 중화하북진출구공사 및 중국화공건설총공사(이하 “약속대상수출자”라 한다)는 제외한다.",3,,,"<대통령령 제14047호, 1993. 12. 31.> ①(시행일) 이 영은 공포한 날부터 시행한다. ②(적용시한) 이 영은 이 영 시행일부터 3년간 이를 적용한다. ③(약속대상수출자에 대한 특례) 제1조단서에 규정된 약속대상수출자가 약속을 위반한 경우에는 약속위반일부터 잠정덤핑방지관세를 부과하되, 이 경우 중화하북진출구공사가 수출하는 것에 대한 잠정덤핑방지관세율은 과세가격의 64.78퍼센트로 하고, 중국화공건설총공사가 수출하는 것에 대한 잠정덤핑방지관세율은 과세가격의 66.11퍼센트로 한다.",,,,,
11147,19931231,관세법제10조의규정에의한인쇄제판용평면상사진플레이트에대한덤핑방지관세의부과에관한규정,인쇄제판용평면상사진플레이트,대통령령,제14046호,1993-12-31,1993-12-31,제정,4,"제2조(부과대상물품) 덤핑방지관세가 부과되는 물품은 일본산 인쇄제판용 평면상 사진플레이트(관세율표 번호: 3701.30.9100, 3701.91.9100, 3701.99.9100)로 하되, 두께 0.4밀리미터의 것을 제외한다.","덤핑방지관세가 부과되는 물품은 일본산 인쇄제판용 평면상 사진플레이트(관세율표 번호: 3701.30.9100, 3701.91.9100, 3701.99.9100)로 하되, 두께 0.4밀리미터의 것을 제외한다.",3701.30.9100;3701.91.9100;3701.99.9100,"제1조(적용대상자) 이 영에 의하여 덤핑방지관세가 적용되는 수출자는 일본 후지포토필림 코퍼레이션 리미티드, 폴리크롬저팬 코퍼레이션등이 생산하는 제2조에 규정된 물품의 수출자로 한다.",5,,1993-11-08,"<대통령령 제14046호, 1993. 12. 31.> ①(시행일) 이 영은 공포한 날로부터 시행한다. ②(적용시한) 이 영은 일본산 인쇄제판용 평면상 사진플레이트에 대한 산업피해판정일인 1993년 11월 8일부터 5년간 이를 적용한다.",,,,,
38849,19940809,관세법제10조의규정에의한유리장섬유에대한덤핑방지관세부과에관한규칙,유리장섬유,재무부령,제1997호,1994-08-09,1994-08-09,제정,5,"제2조(부과대상물품) 덤핑방지관세가 부과되는 물품은 미국ㆍ일본ㆍ대만에서 생산되고 그 조성이 E-glass인 유리장섬유(관세율표 번호 : 7019.10.0000, 7019.31.0000)로 한다.",,7019.10.0000;7019.31.0000,"제3조(부과대상수출자) 이 규칙에 의하여 덤핑방지관세가 부과되는 수출자는 제2조에 규정된 부과대상물품의 수출자로 한다. 다만, 관세법 제10조제4항의 규정에 의하여 약속이 수락된 대만의 피에프지 화이버 글라스사는 제외한다.",5,,1994-04-12,"<재무부령 제1997호, 1994. 8. 9.> ①(시행일) 이 규칙은 공포한 날부터 시행한다. ②(적용시한) 이 규칙은 유리장섬유에 대한 산업피해판정일인 1994년 4월 12일부터 5년간 적용한다.",[별표 ] 유리장섬유에대한덤핑방지관세율,,,,"[별표] 유리장섬유에 대한 덤핑방지관세율 품 목 수출국 생 산 자 덤핑방지관세율 얀(G75/1/0) 미 국 피피지 인더스트리스 인코퍼레이션 15.6% 기타 생산자 15.6% 일 본 니뽄일렉트릭 글라스 컴패니 리미티드 27.5% 기타 생산자 27.5% 다이렉트로빙 미 국 오웬스코닝 화이버 글라스 코퍼레이션 37.4% 기타 생산자 37.4% 일 본 니뽄일렉트릭 글라스 컴패니 리미티드 41.4% 아사히 화이버글라스 컴패니 리미티드 58.7% 기타 생산자 57.0% 어셈블드로빙 (판넬용 제외) 미 국 피피지 인더스트리스 인코퍼레이션 30.6% 오웬스코닝 화이버 글라스 인코퍼레이션 19.7% 기타 생산자 20.8% 일 본 니뽄일렉트릭 글라스 컴패니 리미티드 24.8% 아사히 화이버글라스 컴패니 리미티드 40.0% 니토보세키 컴패니 리미티드 26.2% 니뽄쉬트글라스 컴패니 리미티드 32.6% 기타 생산자 29.6% 촙트스트랜드 (폴리아세탈 용, 안티글리 콜용 나이론 66규격 제 외) 미 국 피피지 인더스트리스 인코퍼레이션 10.3% 오웬스코닝 화이버글라스 코퍼레이션 12.4% 기타 생산자 11.7% 일 본 니뽄일렉트릭 글라스 컴패니 리미티드 57.5% 아사히 화이버글라스 컴패니 리미티드 44.9% 니토보세키 컴패니 리미티드 57.0% 기타 생산자 51.2% 대 만 타이완글라스 인더스트리스 코페레이션 38.2% 기타 생산자 38.2% 촙트스트랜드 매트 일 본 아사히 화이버글라스 컴패니 리미티드 48.8% 기타 생산자 48.8% 대 만 타이완글라스 인더스트리스 코페레이션 39.5% 기타 생산자 39.5% 주)1. 기타 생산자라 함은 덤핑율조사대상기간 종료일(1993.7.31.)이후에 우리나라 에 덤핑방지관세부과대상물품을 수출하였거나 수출하는 신규 생산자를 말한 다. 2. 기타 생산자가 위표 같은 품목란 및 같은 수출국란의 생산자와 관세법시행규 칙 제4조제2항의 규정에 의한 특수관계가 있는 경우 기타 생산자의 덤핑방지 관세율은 그 특수관계가 있는 생산자의 덤핑방지관세율을 적용한다."
11145,19950304,관세법제10조의규정에의한볼베어링에대한덤핑방지관세의부과에관한규정,볼베어링,대통령령,제14545호,1995-03-04,1995-03-04,폐지,1,제0조(본문(조문 없음) 부과대상물품) 관세법제10조의규정에의한볼베어링에대한덤핑방지관세부과에관한규정은 이를 폐지한다.,,,,,,,"<대통령령 제14545호, 1995. 3. 4.> ①(시행일) 이 영은 공포한 날부터 시행한다. ②(덤핑방지관세의 환급등) 관세청장은 종전의 관세법제10조의규정에의한볼베어링에대한덤핑방지관세부과에관한규정에 의하여 부과·징수된 덤핑방지관세액중 실제 덤핑차액보다 과다하게 부과·징수한 금액은 이를 징수하지 아니하거나 관세법 제24조 및 관세및무역에관한일반협정1994제6조의시행에관한협정 제9조제3항에 의하여 환급한다.",,,,,
37124,19960229,관세법제10조의규정에의한중국산정제인산에대한덤핑방지관세의부과에관한규칙,중국산정제인산,총리령,제549호,1996-02-29,1996-02-29,제정,4,제2조(부과대상물품) 덤핑방지관세가 부과되는 물품은 중국산인산(관세율표번호 : 2809.20.1090)중 정제된 것으로서 별표에 규정된 것으로 한다.,,2809.20.1090,제3조(부과대상수출자) 이 규칙에 의하여 덤핑방지관세가 부과되는 수출자는 제2조에 규정된 부과대상물품의 수출자로 한다.,2,,1996-02-20,"<총리령 제549호, 1996. 2. 29.> ①(시행일) 이 규칙은 공포한 날부터 시행한다. ②(적용시한) 이 규칙은 1996년 2월 20일부터 2년간 이를 적용한다. ③(덤핑방지관세의 환급) 이 규칙에 의하여 부과하여야 할 덤핑방지관세액을 초과하여 부과ㆍ납부한 덤핑방지관세액으로서 조사하여 확인된 금액에 대하여는 관세법 제24조ㆍ제24조의2 및 제24조의3의 규정에 따라 이를 환급한다.",[별표 ] 덤핑방지관세율,,,,"[별 표] 덤핑방지관세율 품 목 수 출 자 덤핑방지 관세율(%) 공 업 용 정제인산 케미 팜 컴패니 리미티드(Chemie Pharm Co.,Ltd) 산토 진롱 그룹 컴패니(Shanto jinlong Group Co.) 센 젠 통다 케미칼 코퍼레이션 (Shen Zhen Tongda Chemical Corp.) 윤난 프로빈셜 케미칼 아이 엔 이 코퍼레이션 (Yunnan Provincial Chemical I&E Corp.) 시노켐 산동 코퍼레이션(Sinochem Shandong Corp.) 기타 수출자 57.55 47.03 42.96 55.87 18.66 55.44 식 품 용 정제인산 상하이 케미칼스 아이 엔 이 코퍼레이션 (Shanghai Chemicals I&E Corp.) 기타 수출자 46.78 40.46 주 1. 기타 수출자라 함은 덤핑조사대상기간 종료일(1995.7.31, 수입신고일 기준) 후에 우리나라에 덤핑방지관세부과대상물품을 수출하였거나 수출하는 신규 수출자를 말한다. 2. 기타수출자와 위표의 같은 품목란의 수출자 사이에 관세법시행규칙 제4조제 2항의 규정에 의한 특수관계가 있는 경우 기타 수출자의 덤핑방지관세율은 그 특수관계가 있는 수출자의 덤핑방지관세율을 적용한다."
38850,19960229,관세법제10조의규정에의한유리장섬유에대한덤핑방지관세의부과에관한규칙,유리장섬유,총리령,제550호,1996-02-29,1996-02-29,전부개정,4,"제2조(부과대상물품) 덤핑방지관세가 부과되는 물품은 미국ㆍ일본 및 대만산으로서 그 조성이 이 글라스(E-glass)인 유리장섬유(관세율표번호 : 7019.11.0000, 7019.12.0000, 7019.19.0000, 7019.31.0000)중 별표에 규정된 것으로 한다.",,7019.11.0000;7019.12.0000;7019.19.0000;7019.31.0000,"제3조(부과대상수출자) 이 규칙에 의하여 덤핑방지관세가 부과되는 수출자는 제2조에 규정된 부과대상물품의 수출자로 한다. 다만, 관세법 제10조제4항의 규정에 의하여 약속이 수락된 대만의 피에프지 화이버글라스사는 제외한다.",,1999-04-11,,"<총리령 제550호, 1996. 2. 29.> ①(시행일) 이 규칙은 공포한 날부터 시행한다. ②(적용시한) 이 규칙은 1999년 4월 11일까지 적용한다. ③(덤핑방지관세 환급) 일본산 유리장섬유중 글라스화이버 페이퍼 제조용 및 글라스화이버 강화 미네랄페이퍼 제조용 촙트스트랜드에 대하여 종전의 규정에 의하여 부과ㆍ납부된 덤핑방지관세는 관세법 제24조ㆍ제24조의2 및 제24조의3의 규정에 따라 이를 환급한다.",[별표 ] 덤핑방지관세율,,,,"[별표] 덤핑방지관세율 국 가 품 목 생 산 자 덤핑방지관세율(%) 미 국 얀(G75/1/0) 다이렉트로빙 어셈블드로빙 (판넬용 제외) 촙트스트 랜드 ( 폴 리 아 세 탈 용, 안티글리 콜용 나이론 66규격 제외) 피피지 인더스트리스 인코퍼레이션 기타 생산자 오웬스코닝 화이버글라스 코퍼레이션 기타 생산자 피피지 인더스트리스 인코퍼레이션 오웬스코닝 화이버글라스 코퍼레이션 기타 생산자 피피지 인더스트리스 인코퍼레이션 오웬스코닝 화이버글라스 코퍼레이션 기타 생산자 15.6 15.6 37.4 37.4 30.6 19.7 20.8 10.3 12.4 11.7 일 본 얀(G75/1/0) 다이렉트로빙 어셈블드로빙 (판넬용 제외) 촙트스트 랜드 ( 폴 리 아 세 탈 용, 안티글리 콜용 나이론 66규격 및 글 라스화이버 페 이퍼 및 글라 스화이버 강화 미네랄페 이퍼 제조용 촙트스 트랜드 제외) 촙트스트 랜드 매트 니뽄 일렉트릭 글라스 컴패니 리미티드 기타생산자 니뽄 일렉트릭글라스 컴패니 리미티드 아사히 화이버글라스 컴패니 리미티드 기타생산자 니뽄 일렉트릭글라스 컴패니 리미티드 아사히 화이버글라스 컴패니 리미티드 니토보세키 컴패니 리미티드 니뽄 쉬트글라스 컴패니 리미티드 기타생산자 니뽄 일렉트릭글라스 컴패니 리미티드 아사히 화이버글라스 컴패니 리미티드 니토보세키 컴패니 리미티드 기타생산자 아사히 화이버글라스 컴패니 리미티드 기타생산자 27.5 27.5 41.4 58.7 57.0 24.8 40.0 26.2 32.6 29.6 57.5 44.9 57.0 51.2 48.8 48.8 대 만 촙트스트 랜드 ( 폴 리 아 세 탈 용, 안티글리 콜용 나이론 66규격 제외) 촙트스트 랜드 매트 타이완 글라스 인더스트리스 코퍼레이션 기타생산자 타이완 글라스 인더스트리스 코퍼레이션 기타생산자 38.2 38.2 39.5 39.5 주 1. 기타생산자라 함은 덤핑방지관세 부과대상물품의 생산자로서 위의 표에 규정 되지 아니한 생산자를 말한다. 2. 기타생산자와 위표와 같은 국가란 및 같은 품목란의 생산자 사이에 관세법시 행규칙 제4조제2항의 규정에 의한 특수관계가 있는 경우 기타생산자의 덤핑방 지관세율은 그 특수관계가 있는 생산자의 덤핑방지관세율을 적용한다."
38846,19961031,관세법제10조의규정에의한미국산에탄올아민에대한덤핑방지관세부과에관한규칙,미국산에탄올아민,총리령,제589호,1996-10-31,1996-10-31,제정,4,"제2조(부과대상물품) 덤핑방지관세가 부과되는 물품은 미국산 에탄올아민(관세율표번호 : 2922.11.1000, 2922.12.1000, 2922.13.1000)으로한다.",,2922.11.1000;2922.12.1000;2922.13.1000,"제3조(부과대상공급자) 이 규칙에 의하여 덤핑방지관세가 부과되는 공급자는 제2조에 규정된 부과대상물품의 공급자로 한다. 다만, 법 제10조제4항의 규정에 의한 가격수정에 관한 약속이 수락된 유니온카바이드코퍼레이션은 부과대상에 제외한다.",5,,1996-07-10,"<총리령 제589호, 1996. 10. 31.> ①(시행일) 이 규칙은 공포한 날부터 시행한다. ②(적용시한) 이 규칙은 1996년 7월 10일부터 5년간 이를 적용한다. ③(덤핑방지관세의 환급) 이 규칙에 의하여 부과하여야 할 덤핑방지관세액을 초과하여 부과ㆍ납부한 덤핑방지관세액으로서 조사하여 확인된 금액에 대하여는 법 제24조ㆍ제24조의2 및 제24조의3의 규정에 따라 이를 환급한다.",[별표 ] 덤핑방지관세율[제4조관련],,,,[별표] 덤핑방지관세율(제4조 관련) 공급국 공급자 품 목 덤핑방지관세율(%) 미국 다우케미칼 모노에탄올아민 디에탄올아민 23.13 33.84 하우톤인터내셔널 트리에탄올아민 0 기타공급자 모노에탄올아민 디에탄올아민 트리에탄올아민 28.67 21.51 20.07 주 1. 기타공급자라 함은 조사대상기간(1995.1.1 ∼ 1995.12.31)동안 미국산 에탄올 아민을 공급한 자로서 조사대상공급자로 선정되지 아니한 자 및 조사대상기간 종료일이후 우리나라에 부과대상물품을 공급하였거나 공급하는 신규생산자를 말한다. 2. 기타공급자와 위표의 같은 품목란의 공급자 사이에 관세법시행규칙 제4조제2항 의 규정에 의한 특수관계가 있는 경우 기타공급자의 덤핑방지관세율은 그 특수 관계가 있는 공급자의 덤핑방지관세율을 적용한다.
11148,19961203,관세법제10조의규정에의한인쇄제판용평면상사진플레이트에대한덤핑방지관세의부과에관한규정,인쇄제판용평면상사진플레이트,대통령령,제15175호,1996-12-03,1996-12-03,폐지,1,제0조(본문(조문 없음) 부과대상물품) 대통령령 제14046호 관세법제10조의규정에의한인쇄제판용평면상사진플레이트에대한덤핑방지관세의부과에관한규정은 이를 폐지한다.,,,,,,,"<대통령령 제15175호, 1996. 12. 3.> 이 영은 공포한 날부터 시행한다.",,,,,
38845,19961203,관세법제10조의규정에의한미국및중국산염화콜린에대한덤핑방지관세부과에관한규칙,미국및중국산염화콜린,총리령,제594호,1996-12-03,1996-12-03,제정,4,제2조(부과대상물품 및 공급국) 덤핑방지관세가 부과되는 물품은 미국산 및 중국산 염화콜린(관세율표번호:2923.10.2000)으로 한다.,,2923.10.2000,제3조(부과대상공급자) 이 규칙에 의하여 덤핑방지관세가 부과되는 공급자는 제2조에 규정된 부과대상물품의 공급자로 한다.,,2001-09-01,,"<총리령 제594호, 1996. 12. 3.> ①(시행일) 이 규칙은 공포한 날부터 시행하되, 잠정덤핑방지관세부과일인 1996년 9월 2일부터 이를 적용한다. ②(적용시한) 이 규칙은 2001년 9월 1일까지 이를 적용한다. ③(덤핑방지관세의 환급) 이 규칙에 의하여 부과하여야 할 덤핑방지관세액을 초과하여 부과ㆍ납부한 덤핑방지관세액으로서 조사하여 확인된 금액에 대하여는 관세법 제24조ㆍ제24조의2 및 제24조의3의 규정에 따라 이를 환급한다.",[별표 ] 덤핑방지관세율[제4조관련],,,,[별표] 덤핑방지관세율(제4조 관련) 공 급 국 공 급 자 덤핑방지관세율(%) 미 국 치누크 그룹 49.62 기타공급자 49.62 중 국 리아오양 페트로케미칼 파이퍼 코퍼레이션 33.83 시노켐 텐진 임포트 엑스포트 코퍼레이션 34.57 후베이 프로빈셜 메디신 헬스 프로덕트 차이나 내셔널 파머수티칼 포린 트레이드 코퍼레이션 리아오양 메디신 헬스 프로덕트 임포트 엑스포트 코퍼레이션 칭다오 캐미칼 메디신 프로덕트 임포트 엑스포트 코퍼레이션 기타공급자 34.46 주 1. 기타공급자라 함은 조사대상기간(1995.1.1~1995.12.31)동안 미국 및 중국산 염화콜린을 공급한 자로서 조사대상공급자로 선정되지 아니한자 및 조사대상 기간종료일이후 우리나라에 부과대상물품을 공급하였거나 공급하는 신규생산 자를 말한다. 2. 기타공급자와 위표의 같은 품목란의 공급자 사이에 관세법 시행규칙 제4조제 2항의 규정에 의한 특수관계가 있는 경우 기타 공급자의 덤핑방지관세율은 그 특수관계가 있는 공급자의 덤핑방지관세율을 적용한다.
38851,19961203,관세법제10조의규정에의한인쇄제판용평면상사진플레이트에대한덤핑방지관세부과에관한규칙,인쇄제판용평면상사진플레이트,총리령,제593호,1996-12-03,1996-12-03,제정,3,"제2조(부과대상물품) 덤핑방지관세가 부과되는 물품은 일본산 인쇄제판용 평면상 사진플레이트(관세율표번호 : 3701.30.9100, 3701.91.9100, 3701.99.9100)로 하되, 두께 0.4밀리미터의 것 및 아사히 케미칼 인더스트리에서 생산하는 아사히 플렉소플레이트(관세율표번호: 3701.30.9100)는 부과대상에서 제외한다.","덤핑방지관세가 부과되는 물품은 일본산 인쇄제판용 평면상 사진플레이트(관세율표번호 : 3701.30.9100, 3701.91.9100, 3701.99.9100)로 하되, 두께 0.4밀리미터의 것 및 아사히 케미칼 인더스트리에서 생산하는 아사히 플렉소플레이트(관세율표번호: 3701.30.9100)는 부과대상에서 제외한다.",3701.30.9100;3701.91.9100;3701.99.9100,,,1998-11-07,,"<총리령 제593호, 1996. 12. 3.> ①(시행일) 이 규칙은 공포한 날부터 시행한다. ②(적용시한) 이 규칙은 1998년 11월 7일까지 이를 적용한다.",,,,,
38853,19961219,관세법제10조의규정에의한일본산및미국산리튬1차전지에대한덤핑방지관세부과에관한규칙,일본산및미국산리튬1차전지,총리령,제596호,1996-12-19,1996-12-19,제정,4,제2조(부과대상물품 및 공급국) 덤핑방지관세가 부과되는 물품은 일본산 및 미국산 리튬1차전지(관세율표번호 : 8506.50.0000)중 별표에서 규정하는 품목으로 한다.,,8506.50.0000,제3조(부과대상공급자) 이 규칙에 의하여 덤핑방지관세가 부과되는 공급자는 제2조에 규정된 부과대상물품의 공급자로 한다.,,1999-09-01,,"<총리령 제596호, 1996. 12. 19.> ①(시행일) 이 규칙은 공포한 날부터 시행하되, 잠정덤핑방지관세부과일인 1996년 9월 2일부터 이를 적용한다. ②(적용시한) 이 규칙은 1999년 9월 1일까지 이를 적용한다. ③(덤핑방지관세의 환급) 이 규칙에 의하여 부과하여야 할 덤핑방지관세액을 초과하여 부과ㆍ납부한 덤핑방지관세액으로서 조사하여 확인된 금액에 대하여는 관세법 제24조ㆍ제24조의2 및 제24조의3의 규정에 따라 이를 환급한다.",[별표 ] 덤핑방지관세율[제4조관련],,,,[별표] 덤핑방지관세율(제4조관련) 공급국 공 급 자 품 목 덤핑방지관세율(%) 일본 산요 일렉트릭 코퍼레이션 리미티드 CR123 21.52 CR-P2 34.13 2CR5 24.36 마쓰시다 일렉트릭 인더스트리얼 코퍼레이션 리미티드 CR123 7.89 CR-P2 45.67 2CR5 49.69 기타공급자 CR123 10.41 CR-P2 42.43 2CR5 42.10 미국 듀라셀 인코퍼레이션 DL123 10.88 DL223 19.86 DL245 5.25 기타공급자 DL123 10.88 DL223 19.86 DL245 5.25 주 1. 기타공급자라 함은 조사대상기간(1995. 1. 1 ~ 1995. 12. 31)동안 일본산 및 미국산 리튬1차전지중 조사대상물품을 공급한 자로서 조사대상공급자로 선정 되지 아니한 자 및 조사대상기간종료일 이후 우리나라에 부과대상물품을 공급 하였거나 공급하는 신규생산자를 말한다. 2. 기타공급자와 위표의 같은 품목란의 공급자 사이에 관세법 시행규칙 제4조제2 항의 규정에 의한 특수관계가 있는 경우 기타 공급자의 덤핑방지관세율은 그 특수관계가 있는 공급자의 덤핑 방지관세율을 적용한다. 3. 위표의 품목과 대체가능한 품목은 위표의 같은 품목의 덤핑 방지관세율을 적 용한다.
37123,19970517,관세법제10조의규정에의한중국산소다회에대한덤핑방지관세부과에관한규칙,중국산소다회,총리령,제637호,1997-05-17,1997-05-17,제정,4,"제2조(부과대상물품) 덤핑방지관세가 부과되는 물품은 중국산 소다회(탄산이나트륨, 관세율표번호 : 2836.20.0000)로 한다.",,2836.20.0000,"제3조(부과대상공급자) 덤핑방지관세가 부과되는 공급자는 제2조에 규정된 부과대상물품의 공급자로 하되, 중화하북진출구공사 및 중국화공건설총공사를 제외한다.",3,,,"<총리령 제637호, 1997. 5. 17.> ①(시행일) 이 규칙은 공포한 날부터 시행한다. ②(적용시한) 이 규칙은 시행일부터 3년간 적용한다.",,,,,
38847,19970517,관세법제10조의규정에의한불가리아산및러시아산소다회에대한덤핑방지관세부과에관한규칙,불가리아산및러시아산소다회,총리령,제638호,1997-05-17,1997-05-17,제정,4,"제2조(부과대상물품) 덤핑방지관세가 부과되는 물품은 불가리아산 및 러시아산 소다회(탄산이나트륨, 관세율표번호 : 2836.20.0000)로 한다.",,2836.20.0000,제3조(부과대상공급자) 덤핑방지관세가 부과되는 공급자는 제2조에 규정된 부과대상물품의 공급자로 한다.,,2000-01-23,,"<총리령 제638호, 1997. 5. 17.> ①(시행일) 이 규칙은 공포한 날부터 시행하되, 잠정덤핑방지관세부과일인 1997년 1월 24일부터 적용한다. ②(적용시한) 이 규칙은 2000년 1월 23일까지 적용한다. ③(잠정덤핑방지관세의 환급) 이 규칙에 의하여 부과하여야 할 덤핑방지관세액을 초과하여 부과·납부한 잠정덤핑방지관세액으로서 조사하여 확인된 금액에 대하여는 관세법 제24조·제24조의2 및 제24조의3의 규정에 따라 이를 환급한다.",[별표 ] 덤핑방지관세율[제4조관련],,,,[별표] 덤핑방지관세율(제4조관련) 공 급 국 공 급 자 덤핑방지관세율(%) 불 가 리 아 소디 에드(SODI EAD) 15.69 기타 공급자 15.69 러 시 아 제이에스씨 소다 (JSC SODA) 16.94 기타 공급자 16.94 주) 기타 공급자라 함은 조사대상기간(1995.7.1~1996.6.30)동안 불가리아산 및 러 시아산 소다회를 공급한 자로서 조사대상공급자로 선정되지 아니한자 및 조사 대상기간종료일이후 우리나라에 부과대상물품을 공급하였거나 공급하는 신규 생산자를 말한다.
38852,19970517,관세법제10조의규정에의한일본산·독일산·네덜란드산및중국산남성용전기면도기에대한덤핑방지관세부과에관한규칙,일본산·독일산·네덜란드산및중국산남성용전기면도기,총리령,제639호,1997-05-17,1997-05-17,제정,4,제2조(부과대상물품) 덤핑방지관세가 부과되는 물품은 일본산ㆍ독일산ㆍ네덜란드산 및 중국산 남성용 전기면도기(관세율표번호: 8510.10.0000)로 한다.,,8510.10.0000,"제3조(부과대상공급자) 덤핑방지관세가 부과되는 공급자는 제2조에 규정된 부과대상물품의 공급자로 한다. 다만, 관세법 제10조제4항의 규정에 의한 가격수정에 관한 약속이 수락된 별표 1의 공급지들을 제외하되, 동 약속대상 공급자들이 약속을 이행하지 아니하는 경우에는 그러하지 아니하다.",,2001-12-19,,"<총리령 제639호, 1997. 5. 17.> ①(시행일) 이 규칙은 공포한 날부터 시행하되, 잠정덤핑방지관세부과일인 1996년 12월 20일부터 적용한다. ②(적용시한) 이 규칙은 2001년 12월 19일까지 적용한다. ③(잠정덤핑방지관세의 환급) 이 규칙에 의하여 부과하여야 할 덤핑방지관세액을 초과하여 부과ㆍ납부한 잠정덤핑방지관세액으로서 조사하여 확인된 금액에 대하여는 관세법 제24조ㆍ제24조의2 및 제24조의 3의 규정에 따라 이를 환급한다.",[별표 1] 약속대상공급자[제3조관련] | [별표 2] 덤핑방지관세율[제4조관련],,,,"[별표 1] 약속대상 공급자(제3조 관련) 공 급 국 약속대상 공급자 일 본 마쓰시다 전공 (Matsushita Electric Works Ltd.) 산요 전기 (Sanyo Electric Co., Ltd.) 독 일 브라운 에이지 (Brown AG) 네 덜 란 드 필립스 (Philips Domestic Appliances and Personal Care B.V) 중 국 마쓰시다 전공·만보전기 유한공사 (Matsushita Electric Works-Wanbao Lte.) 필립스 중국 (Philips Domestic Appliances and Personal Care Company of Zuhai SEZ Ltd.) || [별표 2] 덤핑방지관세율(제4조관련) 공급국 공급자 품목 덤핑방지관세율(%) 일본 히다치 리미티드 1망식 45.68 기타 공급자 1망식 33.79 2망식 30.09 독일 기타 공급자 1망식 41.57 2망식 23.14 네덜란드 기타 공급자 2망식 37.76 중국 기타공급자 1망식 26.85 2망식 34.59 주) 1. ""기타 공급자""라 함은 조사대상기간(1995. 1. 1 ~ 1995. 12. 31)동안 부과 대상물품을 공급한 자로서 조사대상공급자로 선정되지 아니한 자 및 조사대 상기간종료일이후 우리나라에 부과대상물품을 공급하였거나 공급하는 신규 생산자를 말한다. 2. 기타 공급자와 위 표의 같은 품목란의 공급자 사이에 관세법시행규칙 제4조 제2항의 규정에 의한 특수관계가 있는 경우 기타 공급자의 덤핑방지관세율 은 그 특수관계가 있는 공급자의 덤핑방지관세율을 적용한다. 3. 위 표의 공급자가 조사대상기간중 부과대상물품을 공급하지 아니하였으나 그후 기타 공급자와 같은 품목을 공급하는 경우에는 위 표의 기타 공급자와 같은 품목의 덤핑방지관세율을 적용한다. 4. 별표 1의 약속대상 공급자들이 약속을 이행하지 아니하는 경우에는 위 표의 같은 공급국의 기타 공급자의 덤핑방지관세율을 적용한다."
38842,19970802,관세법제10조의규정에의한러시아산H형강에대한덤핑방지관세부과에관한규칙,러시아산H형강,총리령,제650호,1997-08-02,1997-08-02,제정,4,"제2조(부과대상물품) 덤핑방지관세가 부과되는 물품은 러시안산 H형강(관세율표번호:7216.33.1000, 7216.33.2000)으로 한다.",,7216.33.1000;7216.33.2000,"제3조(부과대상공급자) 덤핑방지관세가 부과되는 공급자는 제2조에 규정된 부과대상물품의 공급자로 한다. 다만, 관세법 제10조제4항의 규정에 의한 가격수정에 관한 약속이 수락된 니즈니타길사 및 메이어톤사를 제외하되, 동ㆍ공급자들이 가격수정에 관한 약속을 이행하지 아니하는 경우에는 그러하지 아니하다.",,2002-04-14,,"<총리령 제650호, 1997. 8. 2.> ①(시행일) 이 규칙은 공포한 날부터 시행하되, 잠정덤핑방지관세부과일인 1997년 4월 15일부터 적용한다. ②(적용시한) 이 규칙은 2002년 4월 14일까지 적용한다. ③(잠정덤핑방지관세의 환급) 이 규칙에 의하여 부과하여야 할 덤핑방지관세액을 초과하여 부과·납부한 잠정 덤핑방지관세액으로서 조사하여 확인된 금액에 대하여는 관세법 제24조·제24조의2 및 제24조의3의 규정에 따라 환급한다.",[별표 ] 덤핑방지관세율[제4조관련],,,,[별표] 덤핑방지관세율(제4조관련) 공 급 국 품 목 관세율표 번호 덤핑방지관세율(%) 러 시 아 일반사이즈 H형강 7216.33.1000 15.13 대형사이즈 H형강 7216.33.2000 15.18
57586,19971108,관세법제10조의규정에의한중국산포켓형라이터에대한덤핑방지관세부과에관한규칙,중국산포켓형라이터,총리령,제658호,1997-11-08,1997-11-08,제정,4,제2조(부과대상물품) 덤핑방지관세가 부과되는 물품은 다음 각호의 물품으로 한다. 1. 중국산 일회용 포켓형 라이터(관세율표번호 : 9613.10.0000) 2. 중국산 충전용 포켓형 라이터(관세율표번호 : 9613.20.0000)중 일회용 포켓형 라이터에 가스주입구를 부착하거나 라이터돌을 교체할 수 있도록 변형한 라이터,,9613.10.0000;9613.20.0000,제3조(부과대상공급자) 덤핑방지관세가 부과되는 공급자는 제2조에 규정된 부과대상물품의 공급자로 한다.,5,,,"<총리령 제658호, 1997. 11. 8.> ①(시행일) 이 규칙은 공포한 날부터 시행한다. ②(적용시한) 이 규칙은 시행일부터 5년간 적용한다. ③(잠정덤핑방지관세의 환급) 제2조에 규정된 물품에 대하여 관세법 제10조제2항의 규정에 의하여 부과된 잠정덤핑방지관세는 관세법 제10조제6항 본문의 규정에 의하여 이를 전액 환급한다. 이 경우 관세법 제24조 내지 제24조의 3의 규정을 준용한다.",,,,,
38843,19980117,관세법제10조의규정에의한말레이지아산중질섬유판에대한덤핑방지관세부과에관한규칙,말레이지아산중질섬유판,총리령,제678호,1998-01-17,1998-01-17,제정,4,제2조(부과대상물품) 덤핑방지관세가 부과되는 물품은 말레이지아산중질섬유판(관세율표번호 : 4411.21.0000)으로 한다.,,4411.21.0000,제3조(부과대상공급자) 덤핑방지관세가 부과되는 공급자는 제2조에 규정된 부과대상물품의 공급자로 한다.,3,,,"<총리령 제678호, 1998. 1. 17.> ①(시행일) 이 규칙은 공포한 날부터 시행한다. ②(적용시한) 이 규칙은 시행일부터 3년간 적용한다.",[별표 ] 덤핑방지관세율[제4조관련],,,,"[별표] 덤핑방지관세율(제4조관련) 공급국 공급자 덤핑방지관세율(%) 말레이지아 머복엠디에프사 (Merbok MDF Sdn. Bhd) 33.11(Blue등급) 17.38(Gold등급) 에브그린화이버보드사 (Evergreen Fibreboard Sdn. Bhd) 7.02 로빈리소스사 (Robin Resources Sdn. Bhd) 21.48 골든호프화이버보드사 (Golden Hope Fibreboard Sdn. Bhd) 20.00 타케우치엠디에프사 (Takeuchi MDF Sdn. Bhd) 33.11 기타공급자 23.99 주)""기타공급자""라 함은 조사대상기간(1996. 1. 1. ~ 1996. 12. 31.)동안 부과대 상물품을 공급한 자로서 조사대상공급자로 선정되지 아니한 자 및 조사대상기간 종료일후 우리나라에 부과대상물품을 공급하였거나 공급하는 신규생산자를 말한 다."
38841,19980310,관세법제10조의규정에의한독일산및영국산셀프복사지에대한덤핑방지관세부과에관한규칙,독일산및영국산셀프복사지,재정경제부령,제8호,1998-03-10,1998-03-10,제정,4,"제2조(부과대상물품) 덤핑방지관세가 부과되는 물품은 독일산 및 영국산 셀프복사지(관세율번호 : 4809.20.1000, 4809.20.2000, 4816.20.1000, 4816.20.2000)로 한다.",,4809.20.1000;4809.20.2000;4816.20.1000;4816.20.2000,"제3조(부과대상공급자) 덤핑방지관세가 부과되는 공급자는 제2조에 규정된 부과대상물품의 공급자로 한다. 다만, 관세법 제10조제4항의 규정에 의한 가격수정에 관한 약속이 수락된 독일 쾰러사는 제외하되, 동 공급자가 가격수정에 관한 약속을 이행하지 아니하는 경우에는 그러하지 아니하다.",3,,,"<재정경제부령 제8호, 1998. 3. 10.> ①(시행일) 이 규칙은 공포한 날로부터 시행한다. ②(적용시한) 이 규칙은 시행일로부터 3년간 적용한다.",,,,,
38848,19980806,관세법제10조의규정에의한싱가폴·중국및프랑스산가정용전기다리미에대한덤핑방지관세부과에관한규칙,싱가폴·중국및프랑스산가정용전기다리미,재정경제부령,제36호,1998-08-06,1998-08-06,제정,1,제0조(본문(조문 없음) 부과대상물품) 관세법 제10조의 규정에 의하여 싱가폴ㆍ중국 및 프랑스산 가정용 전기다리미(관세율표번호 : 8516.40.0000) 및 그 공급자에 대하여 별표의 덤핑방지관세율에 의한 덤핑방지관세를 부과한다.,,8516.40.0000,,,2001-04-05,,"<재정경제부령 제36호, 1998. 8. 6.> ①(시행일) 이 규칙은 공포한 날부터 시행하되, 관세법 제10조제2항의 규정에 의하여 잠정덤핑방지관세가 부과된 1998년 4월 6일부터 적용한다. ②(적용시한) 이 규칙은 2001년 4월 5일까지 적용한다. ③(잠정덤핑방지관세의 환급) 이 규칙에 의하여 부과하여야 할 덤핑방지관세액을 초과하여 부과ㆍ납부한 잠정덤핑방지관세액으로서 조사하여 확인된 금액은 관세법 제24조ㆍ동법 제24조의2 및 동법 제24조의3의 규정에 의하여 이를 환급한다.",[별표 ] 싱가폴·중국및프랑스산가정용전기다리미에대한덤핑방지관세율,,,,"[별표] 싱가폴·중국 및 프랑스산 가정용전기다리미에 대한 덤핑방지관세율 공급국 공 급 자 덤핑방지관세율(%) 싱가폴 필립스 싱가폴사(Philips Singapore Pte., Ltd) 및 동사의 제품을 수출하는 자 10.43 기타 공급자 10.43 중국 전 체 43.77 프랑스 물리넥스사(Moulinex S.A.) 및 동사의 제품 을 수출하는 자 11.47 칼로사(Calor S.A.) 및 동사의 제품을 수출 하는 자 14.02 기타 공급자 12.15 주) 동일 공급국안에서 기타 공급자와 명시된 공급자 사이에 관세법 시행령 제3조 의7제1항의 규정에 의한 특수관계가 있는 경우 기타 공급자의 덤핑방지관세율 은 그 특수관계가 있는 명시된 공급자의 덤핑방지관세율을 적용한다."
38856,19980820,관세법제10조의규정에의한일본산폴리비닐알콜에대한덤핑방지관세부과에관한규칙,일본산폴리비닐알콜,재정경제부령,제40호,1998-08-20,1998-08-20,제정,1,"제0조(본문(조문 없음) 부과대상물품) 관세법 제10조의 규정에 의하여 다음 기호의 1에 해당하는 물품 및 그 공급자에 대하여 별표의 덤핑방지관세율에 의한 덤핑방지관세를 부과한다. 1. 일본산 폴리비닐알콜(관세율표번호:3905.30.0000)중 수용액 상태의 제품을 제외한 것으로서 점도 4∼9 cps, 검화도 77.0∼94.0㏖%의 제품군 또는 점도 18∼55 cps, 검화도 84.0∼99.9㏖%의 제품군의 범위에 속하는 폴리비닐알콜. 다만, 생산자중 구라레이의 PVA-117HI, PVA-117H, PVA-HC, 니폰고세의 EG-05, EG-20, EG-25, EG-30, EG-40, EG-50, 신네츠의 P-18, P-20, 덴카의 K-VG, CB-80, B-33, PC-100, 유니티가의 UV 규격은 이를 제외한다. 2. 일본산 공중합 폴리비닐알콜(관세율표번호 3905.30.0000, 3905.91.0000)중 수용액 상태의 제품을 제외한 것으로서 점도 4∼9cps, 검화도 77.0∼94.0㏖%의 제품군의 범위에 속하는 공중합 폴리비닐알콜","1. 일본산 폴리비닐알콜(관세율표번호:3905.30.0000)중 수용액 상태의 제품을 제외한 것으로서 점도 4∼9 cps, 검화도 77.0∼94.0㏖%의 제품군 또는 점도 18∼55 cps, 검화도 84.0∼99.9㏖%의 제품군의 범위에 속하는 폴리비닐알콜. 다만, 생산자중 구라레이의 PVA-117HI, PVA-117H, PVA-HC, 니폰고세의 EG-05, EG-20, EG-25, EG-30, EG-40, EG-50, 신네츠의 P-18, P-20, 덴카의 K-VG, CB-80, B-33, PC-100, 유니티가의 UV 규격은 이를 제외한다. 2. 일본산 공중합 폴리비닐알콜(관세율표번호 3905.30.0000, 3905.91.0000)중 수용액 상태의 제품을 제외한 것으로서 점도 4∼9cps, 검화도 77.0∼94.0㏖%의 제품군의 범위에 속하는 공중합 폴리비닐알콜",3905.30.0000;3905.91.0000,,,2003-04-09,,"<재정경제부령 제40호, 1998. 8. 20.> ①(시행일) 이 규칙은 공포한 날부터 시행하되, 관세법 제10조제2항의 규정에 의하여 잠정덤핑방지관세가 부과된 1998년 4월 10일부터 적용한다. ②(적용시한) 이 규칙은 2003년 4월 9일까지 적용한다. ③(잠정덤핑방지관세의 환급) 이 규칙에 의하여 부과하여야 할 덤핑방지관세액을 초과하여 부과·납부한 잠정덤핑방지관세액으로서 조사하여 확인된 금액은 관세법 제24조·동법 제24조의2 및 동법 제24조의3의 규정에 의하여 이를 환급한다.",[별표 ] 일본산폴리비닐알콜에대한덤핑방지관세율,,,,[별표] 일본산 폴리비닐알콜에 대한 덤핑방지관세율 공급국 공 급 자 덤핑방지관세율(%) 일 본 구라레이사(Kuraray Co. Ltd.) 및 동사의 제품을 수출하는 자 27.00 니폰고세사(The Nippon Synthetic Chemical Industry Co. Ltd.) 및 동사의 제품을 수출하는 자 37.75 덴카사(Denki Kagatu Kogyo Kabushiki Kaisha) 및 동사의 제품을 수출하는 자 37.75 신네츠사(Shin-Estu Chemical Co. Ltd.) 및 동사 의 제품을 수출하는 자 37.75 유니티가사(Unitika Ltd.) 및 동사의 제품을 수출 하는 자 37.75 기타 공급자 35.48 주) 동일 공급국안에서 기타 공급자와 명시된 공급자 사이에 관세법시행령 제3조의 7제1항의 규정에 의한 특수관계가 있는 경우 기타 공급자의 덤핑방지관세율은 그 특수관계가 있는 명시된 공급자의 덤핑방지관세율을 적용한다.
37125,19980824,관세법제10조의규정에의한중국산페로실리코망간에대한덤핑방지관세부과에관한규칙,중국산페로실리코망간,재정경제부령,제42호,1998-08-24,1998-08-24,제정,1,"제0조(본문(조문 없음) 부과대상물품) 관세법 제10조의 규정에 의하여 중국산 페로실리코망간(관세율표번호:7202.30.0000)[탄소(C)성분함유량이 0.5퍼센트이하인 것을 제외한다] 및 그 공급자에 대하여 별표 1의 덤핑방지관세율에 의한 덤핑방지관세를 부과한다. 다만, 관세법 제10조제3항의 규정에 의한 가격수정에 관한 약속이 수락된 별표 2의 약속대상공급자에 대하여는 당해약속을 위반하는 경우에 한하여 덤핑방지관세를 부과한다.","관세법 제10조의 규정에 의하여 중국산 페로실리코망간(관세율표번호:7202.30.0000)[탄소(C)성분함유량이 0.5퍼센트이하인 것을 제외한다] 및 그 공급자에 대하여 별표 1의 덤핑방지관세율에 의한 덤핑방지관세를 부과한다. 다만, 관세법 제10조제3항의 규정에 의한 가격수정에 관한 약속이 수락된 별표 2의 약속대상공급자에 대하여는 당해약속을 위반하는 경우에 한하여 덤핑방지관세를 부과한다.",7202.30.0000,,,2003-04-09,,"<재정경제부령 제42호, 1998. 8. 24.> ①(시행일) 이 규칙은 공포한 날부터 시행하되, 관세법 제10조제2항의 규정에 의하여 잠정덤핑방지관세가 부과된 1998년 4월 10일부터 적용한다. ②(적용시한) 이 규칙은 2003년 4월 9일까지 적용한다. ③(잠정덤핑방지관세의 환급) 이 규칙에 의하여 부과하여야 할 덤핑방지관세액을 초과하여 부과ㆍ납부한 잠정덤핑방지관세액으로서 조사하여 확인된 금액은 관세법 제24조ㆍ동법 제24조의2 및 동법 제24조의3의 규정에 의하여 이를 환급한다.",[별표 1] 중국산페로실리코망간에대한덤핑방지관세율 | [별표 2] 약속대상공급자,,,,"[별표 1] 중국산페로실리코망간에대한덤핑방지관세율 공급국 공급자 덤핑방지관세율(%) 중국 ·China National Nonferrous Metals Import & Export Corp. ·Kangwon ASIA Co. Ltd. ·ASIA Minerals Ltd. ·Jinhan Import & Export Corp. ·Bogay Investment Ltd. ·Noble Resources Ltd. ·Sharpline International Ltd. ·Glencore International Ltd. ·Minvest International Ltd. ·Guizhou Provincial Foreign Trade I/E Corp. ·Shenyang Metals & Minerals Products Corp. 24.68 기타 공급자 17.95 || [별표 2] 약속대상공급자 공급국 약속대상공급자 중국 ·Minmetals International Enterprises Development Co. ·Zunyi Ferroalloy Import and Export Co. ·Jiangxi Chinabase Import and Export Co., Ltd. ·Jiangxi Provincial Metals & Minerals Import and Export Corp. ·Hainan Provincial International Economic and Trade Centre ·China North Industries Hainan corp. ·China Minmetals Materials Import and Export Co., Ltd ·China Metallurgical Import and Export Jiangxi Co. ·Guangxi Bayi Ferroalloy General Works."
38854,19990107,관세법제10조의규정에의한일본산인쇄제판용평면상사진플레이트에대한덤핑방지관세부과에관한규칙,일본산인쇄제판용평면상사진플레이트,재정경제부령,제62호,1999-01-07,1999-01-07,제정,4,"제2조(부과대상물품) 덤핑방지관세가 부과되는 물품은 일본산 인쇄제판용평면상사진플레이트(관세율표번호:3701.30.9100)로 하되, 두께 0.4밀리미터(mm)의 것 및 아사히케미칼인더스트리(Asahi Chemical Industry Co., Ltd.)가 생산하는 아사히플렉소플레이트(Asahi Flexo Plate)는 부과대상에서 제외한다.","덤핑방지관세가 부과되는 물품은 일본산 인쇄제판용평면상사진플레이트(관세율표번호:3701.30.9100)로 하되, 두께 0.4밀리미터(mm)의 것 및 아사히케미칼인더스트리(Asahi Chemical Industry Co., Ltd.)가 생산하는 아사히플렉소플레이트(Asahi Flexo Plate)는 부과대상에서 제외한다.",3701.30.9100,제3조(부과대상공급자) 덤핑방지관세가 부과되는 공급자는 제2조에 규정된 부과대상물품의 공급자로 한다.,3,,,"<재정경제부령 제62호, 1999. 1. 7.> ①(시행일) 이 규칙은 공포한 날부터 시행한다. ②(적용시한) 이 규칙은 시행일부터 3년간 적용한다.",[별표 ] 덤핑방지관세율[제4조관련],,,,"[별표] 덤핑방지관세율(제4조관련) 공급국 공급자 덤핑 방지 관세율(%) 일 본 후지포토필름 코퍼레이션 리미티드(Fuji Photo Film Co., Ltd.) 및 동사의 제품을 수출하는 자 28.70 폴리크롬저팬 코퍼레이션(Polychrome Japan Co.) 및 동사의 제품을 수출하는 자 38.16 기타 24.51 주) 기타공급자와 명시된 공급자 사이에 관세법시행령 제3조의7제1항의 규정에 의한 특수관계가 있는 경우 기타공급자의 덤핑방지관세율은 그 특수관계가 있는 명시 된 공급자의 덤핑방지관세율을 적용한다."
38844,19990621,관세법제10조의규정에의한미국·일본및대만산유리장섬유에대한덤핑방지관세부과에관한규칙,미국·일본및대만산유리장섬유,재정경제부령,제95호,1999-06-21,1999-06-21,제정,4,"제2조(부과대상물품) 덤핑방지관세과 부과되는 물품은 미국ㆍ일본 및 대만산으로tj 그 조성이 이 글라스(E-glass)인 유리장섬유(관세율표번호 : 7019.11.0000, 7019.12.0000, 7019.19.0000, 7019.31.0000)중 별표에 규정된 것으로 한다.",,7019.11.0000;7019.12.0000;7019.19.0000;7019.31.0000,"제3조(부과대상공급자) 이 규칙에 의하여 덤핑방지관세가 부과되는 공급자는 제2조에 규정된 부과대상물품의 공급자로 한다. 다만, 관세법 제10조제4항의 규정에 의하여 수출가격수정에 관한 약속이 수락된 대만의 피에프지 화이버 글라스 코퍼레이션(PFG Fiber Glass Corporation)을 제외한다.",,2001-04-11,,"<재정경제부령 제95호, 1999. 6. 21.> ①(시행일) 이 규칙은 공포한 날부터 시행한다. ②(적용시한) 이 규칙은 2001년 4월 11일까지 적용한다.",[별표 ] 덤핑방지관세율[제2조및제4조관련],,,,"[별표] 덤핑방지관세율(제2조 및 제4조관련) 공급국 부과대상물품 공 급 자 덤핑방지관세율 미국 얀(G75 1/0) 피피지 인더스트리스 인코퍼레이션(PPG Industry Inc.) 및 동사의 제품을 수출하는 자 15.6% 기타 공급자 15.6% 다이렉트로빙 오웬스 코닝 화이버 글라스 코퍼레이션 (Owens Corning Fiver Glass Corp.) 및 동사 의 제품을 수출하는 자 27.1% 기타 공급자 27.1% 어셈블드로빙 (판넬용 제외) 피피지 인더스트리스 인코퍼레이션 (PPG Industry Inc.) 및 동사의 제품을 수출하는 자 11.4% 오웬스 코닝 화이버 글라스 코퍼레이션 (Owens Corning Fiver Glass Corp.) 및 동사 의 제품을 수출하는 자 11.8% 기타 공급자 11.7% 촙트스트랜드 (폴리아세탈용, 안티글리콜용 나일론 66규격 제외) 피피지 인더스트리스 인코퍼레이션 (PPG Industry Inc.) 및 동사의 제품을 수출하는 자 10.3% 오웬스 코닝 화이버 글라스 코퍼레이션 (Owens Corning Fiver Glass Corp.) 및 동사 의 제품을 수출하는 자 12.4% 기타 공급자 11.7% 일본 얀(G75 1/0) 니뽄 일렉트릭 글라스 컴패니 리미티드 (Nippon Electric Glass Co, Ltd.) 및 동사의 제품을 수출하는 자 27.5% 기타 공급자 27.5% 다이렉트로빙 니뽄 일렉트릭 글라스 컴패니 리미티드 (Nippon Electric Glass Co, Ltd.) 및 동사의 제품을 수출하는 자 27.0% 아사히 화이버 글라스 컴패니 리미티드(Ashai Fiber Glass Co, Ltd.) 및 동사의 제품을 수출 하는 자 26.4% 기타 공급자 26.5% 어셈블드로빙 (판넬용 제외) 니뽄 일렉트릭 글라스 컴패니 리미티드 (Nippon Electric Glass Co, Ltd.) 및 동사의 제품을 수출하는 자 11.6% 아사히 화이버 글라스 컴패니 리미티드(Ashai Fiber Glass Co, Ltd.) 및 동사의 제품 을 수출하는 자 11.1% 니토 보세키 컴패니 리미티드(Nitto Boseki Co, Ltd.) 및 동사의 제품을 수출하는 자 11.6% 니뽄 쉬트 글라스 컴패니 리미티드 (Nippon Sheet Glass Co, Ltd.) 및 동사의 제품을 수 출하는 자 11.4% 기타 공급자 11.5% 촙 트 스 트 랜 드 (폴리아세탈용, 안 티 글 리 콜 용 나일론 66규격 및 글라스화이 버 페이퍼 및 글라스 화이버 강화 미네랄페 이퍼 제조용 촙 트 스 트 랜 드 제외) 니뽄 일렉트릭 글라스 컴패니 리미티드 (Nippon Electric Glass Co, Ltd.) 및 동사의 제품을 수출하는 자 57.5% 아사히 화이버 글라스 컴패니 리미티드(Ashai Fiber Glass Co, Ltd.) 및 동사의 제품을 수출 하는 자 44.9% 니토 보세키 컴패니 리미티드 (Nitto Boseki Co, Ltd.) 및 동사의 제품을 수출하는 자 57.0% 기타 공급자 51.2% 촙트스트랜드 매트 아사히 화이버 글라스 컴패니 리미티드 (Ashai Fiber Glass Co, Ltd.) 및 동사의 제품 을 수출하는 자 28.5% 기타 공급자 28.5% 대만 얀(G75 1/0) 모든 공급자 26.4% 촙 트 스 트 랜 드 (폴리아세탈용, 안 티 글 리 콜 용 나일론 66규격 제외) 타이완 글라스 인더스트리스 코퍼레이션 (Taiwan Glass Ind., Co.) 및 동사의 제품을 수출하는 자 38.2% 기타 공급자 38.2% 촙 트 스 트 랜 드 매트 타이완 글라스 인더스트리스 코퍼레이션 (Taiwan Glass Ind., Co.) 및 동사의 제품을 수출하는 자 28.8% 기타 공급자 28.8% 주) 동일 공급국안에서 기타 공급자와 명시된 공급자간에 관세법시행령 제3조의7제1 항의 규정에 의한 특수관계가 있는 경우 기타 공급자의 덤핑방지관세율은 그 특 수관계가 있는 공급자의 덤핑방지관세율을 적용한다."
37126,19991201,관세법제10조의규정에의한중국산포켓형라이터에대한덤핑방지관세부과에관한규칙,중국산포켓형라이터,재정경제부령,제110호,1999-12-01,1999-12-01,일부개정,4,제2조(부과대상물품) 덤핑방지관세가 부과되는 물품은 다음 각호의 물품으로 한다. 1. 중국산 일회용 포켓형 라이터(관세율표번호 : 9613.10.0000) 2. 중국산 충전용 포켓형 라이터(관세율표번호 : 9613.20.0000)중 일회용 포켓형 라이터에 가스주입구를 부착하거나 라이터돌을 교체할 수 있도록 변형한 라이터,,9613.10.0000;9613.20.0000,제3조(부과대상공급자) 덤핑방지관세가 부과되는 공급자는 제2조에 규정된 부과대상물품의 공급자로 한다.,5,,,"<총리령 제658호, 1997. 11. 8.> ①(시행일) 이 규칙은 공포한 날부터 시행한다. ②(적용시한) 이 규칙은 시행일부터 5년간 적용한다. ③(잠정덤핑방지관세의 환급) 제2조에 규정된 물품에 대하여 관세법 제10조제2항의 규정에 의하여 부과된 잠정덤핑방지관세는 관세법 제10조제6항 본문의 규정에 의하여 이를 전액 환급한다. 이 경우 관세법 제24조 내지 제24조의 3의 규정을 준용한다. <재정경제부령 제110호, 1999. 12. 1.> ①(시행일) 이 규칙은 공포한 날부터 시행한다. ②(적용례) 제4조 및 별표의 개정규정은 이 규칙 시행후 최초로 수입신고되는 라이터부터 적용한다.",[별표 ] 덤핑방지관세율[제4조관련],,,,"[별표]<신설 1999.12.1.> 덤핑방지관세율(제4조관련) 공급국 공 급 자 덤핑방지 관세율(%) 중 국 Ningbo Xinhai Electronics Manufacture Co., Ltd. 및 동 사의 제품을 수출하는 자 72.41 Tesonic International HK Ltd. 및 동사의 제품을 수출하 는 자 96.62 Zhongshan Food Stuffs IMP & EXP Co. 및 동사의 제 품을 수출하는 자 100.08 Smart Success Hong Kong Ltd. 및 동사의 제품을 수출 하는 자 100.10 기타 공급자 90.28 주) 기타 공급자와 명시된 공급자 사이에 관세법시행령 제3조의7제1항의 규정에 의 한 특수관계가 있는 경우 기타 공급자의 덤핑방지관세율은 그와 특수관계가 있 는 명시된 공급자의 덤핑방지관세율을 적용한다."
38855,20000801,관세법제10조의규정에의한일본산인쇄제판용평면상사진플레이트에대한덤핑방지관세부과에관한규칙,일본산인쇄제판용평면상사진플레이트,재정경제부령,제157호,2000-08-01,2000-08-01,일부개정,4,"제2조(부과대상물품) 덤핑방지관세가 부과되는 물품은 일본산 인쇄제판용평면상사진플레이트(관세율표번호:3701.30.9100)로 하되, 두께 0.4밀리미터(mm)의 것 및 플렉소그래픽인쇄기에 사용되는 플렉소플레이트(Flexo Plate)는 부과대상에서 제외한다. <개정 2000. 8. 1.>","덤핑방지관세가 부과되는 물품은 일본산 인쇄제판용평면상사진플레이트(관세율표번호:3701.30.9100)로 하되, 두께 0.4밀리미터(mm)의 것 및 플렉소그래픽인쇄기에 사용되는 플렉소플레이트(Flexo Plate)는 부과대상에서 제외한다. <개정 2000. 8. 1.>",3701.30.9100,제3조(부과대상공급자) 덤핑방지관세가 부과되는 공급자는 제2조에 규정된 부과대상물품의 공급자로 한다.,3,,,"<재정경제부령 제62호, 1999. 1. 7.> ①(시행일) 이 규칙은 공포한 날부터 시행한다. ②(적용시한) 이 규칙은 시행일부터 3년간 적용한다. <재정경제부령 제157호, 2000. 8. 1.> ①(시행일) 이 규칙은 공포한 날부터 시행한다. ②(적용례) 제2조의 개정규정은 이 규칙 시행후 최초로 수입신고되는 것부터 적용한다.",[별표 ] 덤핑방지관세율[제4조관련],,,,"[별표] 덤핑방지관세율(제4조관련) 공급국 공급자 덤핑 방지 관세율(%) 일 본 후지포토필름 코퍼레이션 리미티드(Fuji Photo Film Co., Ltd.) 및 동사의 제품을 수출하는 자 28.70 폴리크롬저팬 코퍼레이션(Polychrome Japan Co.) 및 동사의 제품을 수출하는 자 38.16 기타 24.51 주) 기타공급자와 명시된 공급자 사이에 관세법시행령 제3조의7제1항의 규정에 의한 특수관계가 있는 경우 기타공급자의 덤핑방지관세율은 그 특수관계가 있는 명시 된 공급자의 덤핑방지관세율을 적용한다."
37122,20001012,관세법제10조의규정에의한중국및일본산알칼리망간건전지에대한덤핑방지관세부과에관한규칙,중국및일본산알칼리망간건전지,재정경제부령,제166호,2000-10-12,2000-10-12,제정,4,제2조(부과대상물품) 덤핑방지관세가 부과되는 물품은 중국 및 일본산 알칼리망간건전지(관세율표번호:8506.10.2000)로서 국제전기협회 (International Electrotechnical Commission)에서 정한 건전지규격의 LR03과 LR6에 해당하는 물품으로 한다.,,8506.10.2000,"제3조(부과대상공급자) 덤핑방지관세가 부과되는 공급자는 제2조에 규정된 부과대상물품의 공급자로 한다. 다만, 관세법 제10조제3항의 규정에 의한 가격수정에 관한 약속이 수락된 중은영파전지유한공사 및 영파전지수출입공사를 제외하되, 동 공급자들이 가격수정에 관한 약속을 이행하지 아니하는 경우에는 그러하지 아니하다.",,2003-04-14,,"<재정경제부령 제166호, 2000. 10. 12.> ①(시행일) 이 규칙은 공포한 날부터 시행하되, 관세법 제10조제2항의 규정에 의한 잠정덤핑방지관세의 부과일인 2000년 4월 15일부터 적용한다. ②(적용시한) 이 규칙은 2003년 4월 14일까지 적용한다. ③(잠정덤핑방지관세의 환급) 이 규칙에 의하여 부과하여야 할 덤핑방지관세액을 초과하여 부과·납부한 잠정덤핑방지관세액으로서 조사하여 확인된 금액에 대하여는 관세법 제24조·제24조의2 및 제24조의3의 규정에 따라 이를 환급한다.",,,,,
23026,20001204,관세법제10조의규정에의한중국산소다회에대한덤핑방지관세부과에관한규칙,중국산소다회,재정경제부령,제168호,2000-12-04,2000-12-04,제정,4,"제2조(부과대상물품) 덤핑방지관세가 부과되는 물품은 중국산 소다회(탄산이나트륨, 관세율표번호2836.20.0000)로 한다.",,2836.20.0000,"제3조(부과대상공급자) 덤핑방지관세가 부과되는 공급자는 제2조에 규정된 부과대상물품의 공급자로 한다. 다만, 관세법 제10조제3항의 규정에 의한 가격수정에 관한 약속이 수락된 중화하북진출공사ㆍ중국화공건설총공사 및 칭따오하이완사를 제외하되, 동 공급자들이 가격수정에 관한 약속을 이행하지 아니하는 경우에는 그러하지 아니하다.",2,,,"<재정경제부령 제168호, 2000. 12. 4.> ①(시행일) 이 규칙은 공포한 날부터 시행한다. ②(적용시한) 이 규칙은 공포한 날로부터 2년간 적용한다.",,,,,
51157,20010813,관세법제51조의규정에의한일본산인쇄제판용평면상사진플레이트에대한덤핑방지관세부과에관한규칙,일본산인쇄제판용평면상사진플레이트,재정경제부령,제216호,2001-08-13,2001-08-13,일부개정,4,"제2조(부과대상물품) 덤핑방지관세가 부과되는 물품은 일본산 인쇄제판용평면상사진플레이트(관세율표번호:3701.30.9100)로 하되, 다음 각호의 1에 해당하는 것은 부과대상에서 제외한다. <개정 2000. 8. 1., 2001. 8. 13.> 1. 두께가 0.4밀리미터(mm)인 것 2. 플렉소그래픽인쇄기에 사용되는 플렉소플레이트(Flexo Plate) 3. 무습수플레이트(Waterless Plate)","덤핑방지관세가 부과되는 물품은 일본산 인쇄제판용평면상사진플레이트(관세율표번호:3701.30.9100)로 하되, 다음 각호의 1에 해당하는 것은 부과대상에서 제외한다. <개정 2000. 8. 1., 2001. 8. 13.> 1. 두께가 0.4밀리미터(mm)인 것 2. 플렉소그래픽인쇄기에 사용되는 플렉소플레이트(Flexo Plate) 3. 무습수플레이트(Waterless Plate)",3701.30.9100,제3조(부과대상공급자) 덤핑방지관세가 부과되는 공급자는 제2조에 규정된 부과대상물품의 공급자로 한다.,3,,,"<재정경제부령 제62호, 1999. 1. 7.> ①(시행일) 이 규칙은 공포한 날부터 시행한다. ②(적용시한) 이 규칙은 시행일부터 3년간 적용한다. <재정경제부령 제157호, 2000. 8. 1.> ①(시행일) 이 규칙은 공포한 날부터 시행한다. ②(적용례) 제2조의 개정규정은 이 규칙 시행후 최초로 수입신고되는 것부터 적용한다. <재정경제부령 제216호, 2001. 8. 13.> 이 규칙은 공포한 날부터 시행한다.",[별표 ] 덤핑방지관세율[제4조관련],,,,"[별표] <개정 2001.8.13> 덤핑방지관세율(제4조관련) 공급국 공급자 덤핑 방지 관세율(%) 일 본 후지포토필름 코퍼레이션 리미티드(Fuji Photo Film Co., Ltd.) 및 동사의 제품을 수출하는 자 28.70 폴리크롬저팬 코퍼레이션(Polychrome Japan Co.) 및 동사의 제품을 수출하는 자 38.16 기타 24.51 주) 기타공급자와 명시된 공급자 사이에 관세법시행령 제23조제1항의 규정에 의한 특 수관계가 있는 경우 기타공급자의 덤핑방지관세율은 그 특수관계가 있는 명시된 공급자의 덤핑방지관세율을 적용한다."
50716,20010821,관세법제51조의규정에의한독일산셀프복사지에대한덤핑방지관세부과에관한규칙,독일산셀프복사지,재정경제부령,제215호,2001-08-13,2001-08-21,제정,4,"제2조(부과대상물품) 덤핑방지관세가 부과되는 물품은 독일산 셀프복사지(관세율표번호 : 4809.20.1000, 4809.20.2000, 4816.20.1000, 4816.20.2000)로 한다.",,4809.20.1000;4809.20.2000;4816.20.1000;4816.20.2000,"제3조(부과대상공급자) 덤핑방지관세가 부과되는 공급자는 제2조에 규정된 부과대상물품의 공급자로 한다. 다만, 관세법 제54조제1항의 규정에 의한 가격인상에 관한 약속이 수락된 Papierfabric August Koehler AG사(동회사의 제품을 수출하는 자를 포함한다)는 제외하되, 동공급자가 가격인상에 관한 약속을 이행하지 아니하는 경우에는 그러하지 아니하다.",3,,,"<재정경제부령 제215호, 2001. 8. 13.> ①(시행일) 이 규칙은 2001년 8월 21일부터 시행한다. ②(적용시한) 이 규칙은 시행일부터 3년간 적용한다.",[별표 ] 덤핑방지관세율[제4조관련],,,,[별표] 덤핑방지관세율(제4조관련) 공 급 국 공 급 자 덤핑방지관세율(％) 독 일 Mitsubishi Hitec Paper Flensburg Gmbh사 및 동회사의 제품을 수출하는 자 15.82 그밖의 공급자 14.82 주) 그밖의 공급자와 Mitsubishi Hitec Paper Flensburg Gmbh사 및 동회사의 제품을 수출하는 자 사이에 관세법시행령 제23조제1항의 규정에 의한 특수관계가 있는 경우 그밖의 공급자의 덤핑방지관세율은 그 특수관계가 있는 Mitsubishi Hitec Paper Flensburg Gmbh사 및 동회사의 제품을 수출하는 자의 덤핑방지 관세율을 적용한다.
52775,20020314,관세법제51조의규정에의한일본산인쇄제판용평면상사진플레이트에대한덤핑방지관세부과에관한규칙,일본산인쇄제판용평면상사진플레이트,재정경제부령,제250호,2002-03-14,2002-03-14,전부개정,4,"제2조(부과대상물품) 덤핑방지관세가 부과되는 물품은 일본산 인쇄제판용평면상사진플레이트(관세율표번호 : 3701.30.9100)로 하되, 다음 각호의 1에 해당하는 것은 부과대상에서 제외한다. 1. 두께가 0.4밀리미터(mm)인 것 2. 플렉소그래픽인쇄기에 사용되는 플렉소플레이트(Flexo Plate) 3. 무습수플레이트(Waterless Plate)","덤핑방지관세가 부과되는 물품은 일본산 인쇄제판용평면상사진플레이트(관세율표번호 : 3701.30.9100)로 하되, 다음 각호의 1에 해당하는 것은 부과대상에서 제외한다. 1. 두께가 0.4밀리미터(mm)인 것 2. 플렉소그래픽인쇄기에 사용되는 플렉소플레이트(Flexo Plate) 3. 무습수플레이트(Waterless Plate)",3701.30.9100,제3조(부과대상공급자) 덤핑방지관세가 부과되는 공급자는 제2조에 규정된 부과대상물품의 공급자로 한다.,,2005-01-17,,"<재정경제부령 제250호, 2002. 3. 14.> ①(시행일) 이 규칙은 공포한 날부터 시행한다. ②(적용시한) 이 규칙은 2005년 1월 17일까지 적용한다.",[별표 ] 덤핑방지관세율[제4조관련],,,,"[별표] 덤핑방지관세율(제4조관련) 공급국 공 급 자 덤핑 방지 관세율(%) 일 본 후지포토필름 코퍼레이션 리미티드(Fuji Photo Film Co., Ltd.) 및 동사의 제품을 수출하는 자 28.70 폴리크롬저팬 코퍼레이션(Polychrome Japan Co.) 및 동 사의 제품을 수출하는 자 38.16 그 밖의 공급자 24.51 주) 그 밖의 공급자와 명시된 공급자 사이에 관세법시행령 제23조제1항의 규정에 의한 특수관계가 있는 경우 그 밖의 공급자에 대한 덤핑방지관세율은 그 특수관 계가 있는 명시된 공급자의 덤핑방지관세율을 적용한다."
52865,20020314,관세법제51조의규정에의한중국산포켓형라이터에대한덤핑방지관세부과에관한규칙,중국산포켓형라이터,재정경제부령,제249호,2002-03-14,2002-03-14,일부개정,4,제2조(부과대상물품) 덤핑방지관세가 부과되는 물품은 다음 각호의 물품으로 한다. 1. 중국산 일회용 포켓형 라이터(관세율표번호 : 9613.10.0000) 2. 중국산 충전용 포켓형 라이터(관세율표번호 : 9613.20.0000)중 일회용 포켓형 라이터에 가스주입구를 부착하거나 라이터돌을 교체할 수 있도록 변형한 라이터,,9613.10.0000;9613.20.0000,제3조(부과대상공급자) 덤핑방지관세가 부과되는 공급자는 제2조에 규정된 부과대상물품의 공급자로 한다.,5,,,"<총리령 제658호, 1997. 11. 8.> ①(시행일) 이 규칙은 공포한 날부터 시행한다. ②(적용시한) 이 규칙은 시행일부터 5년간 적용한다. ③(잠정덤핑방지관세의 환급) 제2조에 규정된 물품에 대하여 관세법 제10조제2항의 규정에 의하여 부과된 잠정덤핑방지관세는 관세법 제10조제6항 본문의 규정에 의하여 이를 전액 환급한다. 이 경우 관세법 제24조 내지 제24조의 3의 규정을 준용한다. <재정경제부령 제110호, 1999. 12. 1.> ①(시행일) 이 규칙은 공포한 날부터 시행한다. ②(적용례) 제4조 및 별표의 개정규정은 이 규칙 시행후 최초로 수입신고되는 라이터부터 적용한다. <재정경제부령 제249호, 2002. 3. 14.> 이 규칙은 공포한 날부터 시행한다.",[별표 ] 덤핑방지관세율[제4조관련],,,,"[별표]<신설 1999.12.1, 2002.3.14> 덤핑방지관세율(제4조관련) 공급국 공 급 자 덤핑방지 관세율(%) 중 국 Ningbo Xinhai Electronics Manufacture Co., Ltd. 및 동사의 제품을 수출하는 자 36.42 Tesonic International HK Ltd. 및 동사의 제품을 수출 하는 자 96.62 Zhongshan Food Stuffs IMP & EXP Co. 및 동사의 제 품을 수출하는 자 100.08 Smart Success Hong Kong Ltd. 및 동사의 제품을 수 출하는 자 100.10 기타 공급자 90.28 주) 기타 공급자와 명시된 공급자 사이에 관세법시행령 제23조제1항의 규정에 의한 특수관계가 있는 경우 기타 공급자의 덤핑방지관세율은 그와 특수관계가 있는 명시된 공급자의 덤핑방지관세율을 적용한다."
53168,20020410,관세법제51조의규정에의한중국산소다회에대한덤핑방지관세부과에관한규칙,중국산소다회,재정경제부령,제257호,2002-04-10,2002-04-10,일부개정,4,"제2조(부과대상물품) 덤핑방지관세가 부과되는 물품은 중국산 소다회(탄산이나트륨, 관세율표번호2836.20.0000)로 한다. 다만, 순도가 99.8퍼센트 이상인 소다회는 제외한다. <개정 2002. 4. 10.>","다만, 순도가 99.8퍼센트 이상인 소다회는 제외한다. <개정 2002. 4. 10.>",2836.20.0000,"제3조(부과대상공급자) 덤핑방지관세가 부과되는 공급자는 제2조에 규정된 부과대상물품의 공급자로 한다. 다만, 관세법 제54조의 규정에 의한 가격수정에 관한 약속이 수락된 중화하북진출공사ㆍ중국화공건설총공사 및 칭따오하이완사를 제외하되, 동 공급자들이 가격수정에 관한 약속을 이행하지 아니하는 경우에는 그러하지 아니하다. <개정 2002. 4. 10.>",2,,,"<재정경제부령 제168호, 2000. 12. 4.> ①(시행일) 이 규칙은 공포한 날부터 시행한다. ②(적용시한) 이 규칙은 공포한 날로부터 2년간 적용한다. <재정경제부령 제257호, 2002. 4. 10.> 이 규칙은 공포한 날부터 시행한다.",,,,,
5549,20020521,관세법제51조의규정에의한대만산시디알에대한덤핑방지관세부과에관한규칙,대만산시디알,재정경제부령,제264호,2002-05-21,2002-05-21,제정,4,"제2조(부과대상물품) 덤핑방지관세가 부과되는 물품은 대만사 시디알(CD-R : Compact Disc Recordable, 관세율표번호 : 8523.90.0000)로 하되, 다음 각호의 1에 해당하는 것은 부과대상에서 제외한다. 1. 직경 12센티미터(㎝) 미만인 것 2. 시디알더블유(CD-RW : Compact Disc Re-Writable)","덤핑방지관세가 부과되는 물품은 대만사 시디알(CD-R : Compact Disc Recordable, 관세율표번호 : 8523.90.0000)로 하되, 다음 각호의 1에 해당하는 것은 부과대상에서 제외한다. 1. 직경 12센티미터(㎝) 미만인 것 2. 시디알더블유(CD-RW : Compact Disc Re-Writable)",8523.90.0000,제3조(부과대상공급자) 덤핑방지관세가 부과되는 공급자는 제2조에 규정된 부과대상물품의 공급자로 한다.,,2007-01-20,,"<재정경제부령 제264호, 2002. 5. 21.> ①(시행일) 이 규칙은 공포한 날부터 시행하되, 관세법 제53조의 규정에 의하여 잠정덤핑방지관세가 부과된 2002년 1월 21일부터 적용한다. ②(적용시한) 이 규칙은 2007년 1월 20일까지 적용한다.",,,,,
52784,20020703,관세법제51조의규정에의한러시아산에이치형강에대한덤핑방지관세부과에관한규칙,러시아산에이치형강,재정경제부령,제270호,2002-07-03,2002-07-03,제정,4,"제2조(부과대상물품) 덤핑방지관세가 부과되는 물품은 러시아산 에이치(H)형강(관세율표번호 : 7216.33.1000, 7216.33.2000)으로 한다.",,7216.33.1000;7216.33.2000,제3조(부과대상공급자) 덤핑방지관세가 부과되는 공급자는 제2조에 규정된 부과대상물품의 공급자로 한다.,,2005-07-02,,"<재정경제부령 제270호, 2002. 7. 3.> ①(시행일) 이 규칙은 2002년 7월 3일부터 시행한다. ②(적용시한) 이 규칙은 2005년 7월 2일까지 적용한다.",,,,,
57476,20030523,관세법제51조의규정에의한중국산포켓형라이타에대한덤핑방지관세부과에관한규칙,중국산포켓형라이타,재정경제부령,제315호,2003-05-23,2003-05-23,제정,4,제2조(부과대상물품) 덤핑방지관세가 부과되는 물품은 다음 각호의 물품으로 한다. 1. 중국산일회용포켓형라이타(관세율표번호 : 9613.10.0000) 2. 중국산충전용포켓형라이타(관세율표번호 : 9613.20.0000)로서 일회용 포켓형라이타에 가스주입구를 부착하거나 라이타돌을 교체할 수 있도록 변형한 것,,9613.10.0000;9613.20.0000,제3조(부과대상공급자) 덤핑방지관세가 부과되는 공급자는 제2조에 규정된 부과대상물품의 공급자로 한다.,,2006-05-22,,"<재정경제부령 제315호, 2003. 5. 23.> ①(시행일) 이 규칙은 2003년 5월 23일부터 시행한다. ②(적용시한) 이 규칙은 2006년 5월 22일까지 적용한다.",[별표 ] 덤핑방지관세율[제4조관련],,,,"[별표] 덤핑방지관세율(제4조관련) 공급국 공급자 덤핑방지 관세율(%) 중국 Ningbo Xinhai Electronics Manufacture Co., Ltd. 및 동 사의 제품을 수출하는 자 36.42 Tesonic International HK Ltd. 및 동사의 제품을 수출하 는 자 65.31 Zhongshan Food Stuffs IMP & EXP Co. 및 동사의 제 품을 수출하는 자 65.31 Smart Success Hong Kong Ltd. 및 동사의 제품을 수출 하는 자 65.31 기타 공급자 65.31 주) 기타 공급자와 명시된 공급자 사이에 관세법시행령 제23조제1항의 규정에 의한 특수관계가 있는 경우 기타 공급자의 덤핑방지관세율은 그와 특수관계 가 있는 명시된 공급자의 덤핑방지관세율을 적용한다."
57191,20030718,관세법제51조의규정에의한일본산수화알루미늄에대한덤핑방지관세부과에관한규칙,일본산수화알루미늄,재정경제부령,제324호,2003-07-18,2003-07-18,제정,4,"제2조(부과대상물품) 덤핑방지관세가 부과되는 물품은 일본산 수산화알루미늄(관세율표번호 : 2818.30.9000)으로 한다. 다만, 수분함유량이 4퍼센트 미만인 것을 제외한다.","다만, 수분함유량이 4퍼센트 미만인 것을 제외한다.",2818.30.9000,"제3조(부과대상공급자) ①덤핑방지관세가 부과되는 공급자는 제2조에 규정된 부과대상물품의 공급자로 한다. ②제1항의 규정에 불구하고 관세법 제54조제1항의 규정에 의한 수출가격인상약속이 수락된 다음 각호의 1에 해당하는 자는 부과대상공급자에서 제외하되, 수출가격인 상약속을 이행하지 아니하는 경우에는 덤핑방지관세를 부과한다. 1. Nippon Light Metal Company Ltd., Showa Denko K.K. 및 Sumitomo Chemical Co., Ltd. 2. 제1호의 공급자가 법적으로 또는 사실상 지배하고 있는 자 3. 제1호의 공급자가 우리나라에 대한 수출을 위탁한 자",,2008-07-17,,"<재정경제부령 제324호, 2003. 7. 18.> ①(시행일) 이 규칙은 2003년 7월 18일부터 시행한다. ②(적용시한) 이 규칙은 2008년 7월 17일까지 적용한다.",[별표 ] 덤핑방지관세율[제4조관련],,,,"[별표] 덤핑방지관세율(제4조관련) 공급국 공 급 자 덤핑방지 관세율(%) 일본 Nippon Light Metal Company Ltd. 및 동사와 제3조제2항제2 호 또는 제3호의 관계에 있는 자 33.15 Showa Denko K.K. 및 동사와 제3조제2항제2호 또는 제3호의 관계에 있는 자 60.76 Sumitomo Chemical Co., Ltd. 및 동사와 제3조제2항제2호 또 는 제3호의 관계에 있는 자 65.95"
56800,20030909,관세법제51조의규정에의한인도네시아산일회용포켓형라이타에대한덤핑방지관세부과에관한규칙,인도네시아산일회용포켓형라이타,재정경제부령,제329호,2003-09-09,2003-09-09,제정,4,제2조(부과대상물품) 덤핑방지관세가 부과되는 물픔은 다음 각호의 물품으로 한다. 1. 인도네시아산 일회용 포켓형 라이타(관세율표번호 : 9613.10.0000) 2. 인도네시아산 충전용 포켓형 라이타(관세율표번호 : 9613.20.0000)로서 일회용 포켓형라이타에 가스주입구를 부착하거나 라이타돌을 교체할 수 있도록 변형한 것,,9613.10.0000;9613.20.0000,제3조(부과대상공급자) 덤핑방지관세가 부과되는 공급자는 제2조에 규정된 부과대상물품의 공급자로 한다.,,2006-09-08,,"<재정경제부령 제329호, 2003. 9. 9.> ①(시행일) 이 규칙은 2003년 9월 9일부터 시행한다. ②(적용시한) 이 규칙은 2006년 9월 8일까지 적용한다.",[별표 ] 덤핑방지관세율[제4조관련],,,,"[별표] 덤핑방지관세율(제4조관련) 공급국 공 급 자 덤핑방지 관세율(%) 인 도 네시아 타타시타(P.T. Indobangkit Tatacipta) 및 동사의 제품을 수출 하는 자 62.53 크릭(Click Lighter Z S Co., Ltd.) 및 동사의 제품을 수출하 는 자 54.17 프라카사(P.T. Indocument Tunggal Prakarsa) 및 동사의 제 품을 수출하는 자 54.17 엑프레스(P.T. Pls. Ekpress) 및 동사의 제품을 수출하는자 86.36 그 밖의 공급자 66.69 주) ""그 밖의 공급자""와 명시된 공급자 사이에 관세법시행령 제23조제1항의 규정에 의한 특수관계가 있는 경우 ""그 밖의 공급자""의 덤핑방지관세율은 그와 특수관 계가 있는 명시된 공급자의 덤핑방지관세율을 적용한다."
59178,20031107,관세법제51조의규정에의한인도네시아·중국산정보용지및백상지에대한덤핑방지관세부과에관한규칙,인도네시아·중국산정보용지및백상지,재정경제부령,제330호,2003-11-07,2003-11-07,제정,4,"제2조(부과대상물품) 덤핑방지관세가 부과되는 물품은 인도네시아ㆍ중국산 정보용지 및 백상지(관세율표번호 : 4802.55.1010, 4802.55.1090, 4802.55.9010, 4802.55.9090, 4802.56.1010, 4802.56.1090, 802.56.9010, 4802.56.9090, 4802.57.1010, 4802.57.1090, 4802.57.9010, 4802.57.9090, 4809.10.0000, 4809.90.9000, 4816.10.0000, 4816.90.9000)로서 1제곱미터당 중량이 40g 이상 150g 이하인 것으로 한다.",,4802.55.1010;4802.55.1090;4802.55.9010;4802.55.9090;4802.56.1010;4802.56.1090;4802.56.9090;4802.57.1010;4802.57.1090;4802.57.9010;4802.57.9090;4809.10.0000;4809.90.9000;4816.10.0000;4816.90.9000,제3조(부과대상공급자) 덤핑방지관세가 부과되는 공급자는 제2조에 규정된 부과대상물품의 공급자로 한다.,,2006-11-06,,"<재정경제부령 제330호, 2003. 11. 7.> ①(시행일) 이 규칙은 2003년 11월 7일부터 시행한다. ②(적용시한) 이 규칙은 2006년 11월 6일까지 적용한다.",[별표 ] 덤핑방지관세율[제4조관련],,,,"[별표] 덤핑방지관세율(제4조관련) 공급국 공급자 덤핑방지 관세율(%) 인도네 시아 P.T. Indah Kiat Pulp & Paper Tbk 및 동사의 제품을 수출하는 자 8.22 P.T. Pindo Deli Pulp & Paper Mills 및 동사의 제품을 수출하는 자 8.22 P.T. Pabrik Kertas Tjiwi Kimia Tbk 및 동사의 제품을 수출하는 자 8.22 APRIL Fine Paper Trading Pte. Ltd. 및 동사의 제품을 수출하는 자 2.80 그 밖의 공급자 2.80 중국 Upm-Kymmene Suzhou Paper Co., Ltd. 및 동사의 제 품을 수출하는 자 5.50 Shandong Chenming Paper Holdings Ltd. 및 동사의 제 품을 수출하는 자 7.17 Gold Huasheng Paper Co., Ltd. 및 동사의 제품을 수출 하는 자 8.99 Shandong Huatai Paper Co., Ltd. 및 동사의 제품을 수 출하는 자 8.99 그 밖의 공급자 5.50 주) ""그 밖의 공급자""와 명시된 공급자 사이에 관세법시행령 제23조제1항의 규 정에 의한 특수관계가 있는 경우 ""그 밖의 공급자""의 덤핑방지관세율은 그와 특 수관계가 있는 명시된 공급자의 덤핑방지관세율을 적용한다."
59216,20031203,관세법제51조의규정에의한일본산폴리비닐알콜에대한덤핑방지관세부과에관한규칙,일본산폴리비닐알콜,재정경제부령,제332호,2003-12-03,2003-12-03,제정,4,"제2조(부과대상물품) 덤핑방지관세가 부과되는 물품은 다음 각호의 물품으로 한다. 1. 일본산 폴리비닐알콜(관세율표번호 : 3905.30.0000)중 점도 4 내지 9 씨피에스(cps), 검화도 77.0 내지 94.0 몰퍼센트(mol%)의 제품군 또는 점도 18 내지 55 씨피에스(cps), 검화도 84.0 내지 99.9 몰퍼센트(mol%)의 제품군에 속하는 폴리비닐알콜. 다만, 수용액 상태의 제품 및 다음 각목에 해당하는 규격의 제품을 제외한다. 가. 생산자중 구라레이(Kuraray Co., Ltd.)의 PVA-117HI, PVA-117H, PVA-HC, K-polymer(KL-118, KL-318, KM-118, KM-618), C-polymer(C-506), R-polymer(R-1130, R-2130), M-polymer(M-115, M-215), EXCEVAL(RS-1113, RS-1117, RS-1713, RS-1717, RS-2113, RS-2117, RS-2817, RS-2617, RS-2713) 나. 생산자중 니폰고세(The Nippon Synthetic Chemical Industry Co., Ltd.)의 EG-05, EG-20, EG-25, EG-30, EG-40, EG-50 다. 생산자중 재팬 뱀 앤 포발(Japan Vam & Poval Co., Ltd.)의 VP-18, VP-20, V 라. 생산자중 덴카(Denki Kagaku Kogyo Kabushili Kaisha)의 K-VG, CB-80, B-33, PC-100 2. 일본산 공중합 폴리비닐알콜(관세율표번호 : 3905.30.0000, 3905.91.0000)중 점도 4 내지 9 씨피에스(cps), 검화도 77.0 내지 94.0 몰퍼센트(mol%)의 제품군의 범위에 속하는 공중합 폴리비닐알콜. 다만, 수용액 상태의 제품을 제외한다.","다만, 수용액 상태의 제품 및 다음 각목에 해당하는 규격의 제품을 제외한다. 가. 생산자중 구라레이(Kuraray Co., Ltd.)의 PVA-117HI, PVA-117H, PVA-HC, K-polymer(KL-118, KL-318, KM-118, KM-618), C-polymer(C-506), R-polymer(R-1130, R-2130), M-polymer(M-115, M-215), EXCEVAL(RS-1113, RS-1117, RS-1713, RS-1717, RS-2113, RS-2117, RS-2817, RS-2617, RS-2713) 나. 생산자중 니폰고세(The Nippon Synthetic Chemical Industry Co., Ltd.)의 EG-05, EG-20, EG-25, EG-30, EG-40, EG-50 다. 생산자중 재팬 뱀 앤 포발(Japan Vam & Poval Co., Ltd.)의 VP-18, VP-20, V 라. 생산자중 덴카(Denki Kagaku Kogyo Kabushili Kaisha)의 K-VG, CB-80, B-33, PC-100 2. 일본산 공중합 폴리비닐알콜(관세율표번호 : 3905.30.0000, 3905.91.0000)중 점도 4 내지 9 씨피에스(cps), 검화도 77.0 내지 94.0 몰퍼센트(mol%)의 제품군의 범위에 속하는 공중합 폴리비닐알콜. 다만, 수용액 상태의 제품을 제외한다.",3905.30.0000;3905.91.0000,제3조(부과대상공급자) 덤핑방지관세가 부과되는 공급자는 제2조에 규정된 부과대상물품의 공급자로 한다.,,2006-12-02,,"<재정경제부령 제332호, 2003. 12. 3.> ①(시행일) 이 규칙은 2003년 12월 3일부터 시행한다. ②(적용시한) 이 규칙은 2006년 12월 2일까지 적용한다.",,,,,
59331,20031203,관세법제51조의규정에의한중국산페로실리코망간에대한덤핑방지관세부과에관한규칙,중국산페로실리코망간,재정경제부령,제333호,2003-12-03,2003-12-03,제정,4,"제2조(부과대상물품) 덤핑방지관세가 부과되는 물품은 중국산 페로실리코망간(관세율표번호 : 7202.30.0000)으로 한다. 다만, 탄소(C) 함유량이 0.5퍼센트 이하인 것을 제외한다.","다만, 탄소(C) 함유량이 0.5퍼센트 이하인 것을 제외한다.",7202.30.0000,"제3조(부과대상공급자) ①덤핑방지관세가 부과되는 공급자는 제2조에 규정된 부과대상물품의 공급자로 한다. ②제1항의 규정에 불구하고 관세법 제54조제1항의 규정에 의한 가격수정에 관한 약속이 수락된 다음 각호의 1에 해당하는 자를 부과대상공급자에서 제외하되, 동 공급자들이 가격수정에 관한 약속을 이행하지 아니하는 경우에는 덤핑방지관세를 부과한다. 1. Sichuan Emei Ferroalloy(Group) Co., Ltd.가 생산한 물품을 공급하는 Sichuan Emei Ferroalloy I/E Co., Ltd. 2. Guangxi Bayi Ferroalloy(Group) Co., Ltd. 3. Guizhou Longli Longteng Ferroalloy Co., Ltd. 또는 Guizhou Qingzhen Ferroalloy Co., Ltd.가 생산한 물품을 공급하는 Minmetals Orient Import & Export Co., Ltd. 4. 제1호 내지 제3호의 공급자가 법적으로 또는 사실상 지배하고 있는 자 5. 제1호 내지 제3호의 공급자가 우리나라에 대한 수출을 위탁한 자",,2008-12-02,,"<재정경제부령 제333호, 2003. 12. 3.> ①(시행일) 이 규칙은 2003년 12월 3일부터 시행한다. ②(적용시한) 이 규칙은 2008년 12월 2일까지 적용한다.",,,,,
59332,20031203,관세법제51조의규정에의한싱가폴·중국및일본산알칼리망간건전지에대한덤핑방지관세부과에관한규칙,싱가폴·중국및일본산알칼리망간건전지,재정경제부령,제334호,2003-12-03,2003-12-03,제정,4,제2조(부과대상물품) 덤핑방지관세가 부과되는 물품은 싱가폴ㆍ중국 및 일본산 알칼리망간건전지(관세율표번호 : 8506.10.2000)로서 국제전기협회(International Elec trotechnical Commission)에서 정한 건전지규격의 LR03과 LR6에 해당하는 물품으로 한다.,,8506.10.2000,"제3조(부과대상공급자) 덤핑방지관세가 부과되는 공급자는 제2조에 규정된 부과대상물품의 공급자로 한다. 다만, 관세법 제54조의 규정에 의한 가격수정에 관한 약속이 수락된 싱가폴의 에너자이저 싱가폴(Energizer Singapore Pte., Ltd.) 및 중국의 에너자이저 차이나(Energizer (China) Co., Ltd.)를 제외하되, 동 공급자들이 가격수정에 관한 약속을 이행하지 아니하는 경우에는 덤핑방지관세를 부과한다.",,2006-12-02,,"<재정경제부령 제334호, 2003. 12. 3.> ①(시행일) 이 규칙은 2003년 12월 3일부터 시행한다. ②(적용시한) 이 규칙은 2006년 12월 2일까지 적용한다.",,,,,
61546,20040623,관세법제51조의규정에의한중국산차아황산소다에대한덤핑방지관세부과에관한규칙,중국산차아황산소다,재정경제부령,제384호,2004-06-23,2004-06-23,제정,4,제2조(부과대상물품) 덤핑방지관세가 부과되는 물품은 중국산 차아황산소다(관세율표번호 : 2831.10.1000)로 한다.,,2831.10.1000,제3조(부과대상공급자) 덤핑방지관세가 부과되는 공급자는 제2조에 규정된 부과대상물품의 공급자로 한다.,,2007-06-22,,"<재정경제부령 제384호, 2004. 6. 23.> ①(시행일) 이 규칙은 2004년 6월 23일부터 시행한다. ②(유효기간) 이 규칙은 2007년 6월 22일까지 효력을 가진다.",[별표 ] 덤핑방지관세율[제4조관련],,,,"[별 표] 덤핑방지관세율(제4조관련) 공급국 공 급 자 덤핑방지 관세율(%) 중 국 중성화공(Guangdong Zhongcheng Chemicals Co., Ltd.) 및 동사의 제품을 수출하는 자 11.78 산동진해(Shandong Jinhe Industrial Co., Ltd.) 및 동사의 제품을 수출하는 자 21.07 그 밖의 공급자 11.78 주) ""그 밖의 공급자""와 명시된 공급자 사이에 관세법시행령 제23조제1항의 규 정에 의한 특수관계가 있는 경우 ""그 밖의 공급자""의 덤핑방지관세율은 그 와 특수관계가 있는 명시된 공급자의 덤핑방지관세율을 적용한다."
60493,20040730,관세법제51조의규정에의한일본및미국산리튬1차전지에대한덤핑방지관세부과에관한규칙,일본및미국산리튬1차전지,재정경제부령,제390호,2004-07-30,2004-07-30,제정,4,"제2조(부과대상물품) 덤핑방지관세가 부과되는 물품은 일본 및 미국산 리튬1차전지(관세율표번호 : 8506.50.0000)로서 IEC(International Electrotechnical Commission)에서 규정하는 CR규격의 제품중 CR123A(CR17345), 2CR5(2CP3845), CRP2(2CP4036) 및 CR-2(CR16270)로 한다.",,8506.50.0000,제3조(부과대상공급자) 덤핑방지관세가 부과되는 공급자는 제2조에 규정된 부과대상물품의 공급자로 한다.,,2007-07-29,,"<재정경제부령 제390호, 2004. 7. 30.> ①(시행일) 이 규칙은 2004년 7월 30일부터 시행한다. ②(유효기간) 이 규칙은 2007년 7월 29일까지 효력을 가진다.",,,,,
60494,20040730,관세법제51조의규정에의한일본·인도및스페인산스테인레스스틸바에대한덤핑방지관세부과에관한규칙,일본·인도및스페인산스테인레스스틸바,재정경제부령,제391호,2004-07-30,2004-07-30,제정,4,"제2조(부과대상물품) 덤핑방지관세가 부과되는 물품은 일본ㆍ인도 및 스페인산 스테인레스스틸바(관세율표번호 : 7222.11.0000, 7222.19.0000, 7222.20.0000, 7222.30.0000, 7222.40.0000)중 다음 각호의 1에 해당하는 것으로 한다. 다만, 별표에 규정된 제품을 제외한다. 1. 중공(中空)이 없는 원형강(Round Bar) : 지름이 600㎜ 이하인 것 2. 각강(Square Bar) : 대변거리가 4.5 ∼ 55㎜인 것 3. 육각강(Hexagonal Bar) : 대변거리가 5 ∼ 55㎜인 것 4. 평강(Flat Bar)중 다음 각목의 1에 해당하는 것 가. 두께가 3 ∼ 13㎜이고 너비가 15 ∼ 100㎜인 것 나. 두께가 13 ∼ 25㎜이고 너비가 15 ∼ 150㎜인 것 다. 두께가 25 ∼ 150㎜이고 너비가 150 ∼ 600㎜인 것 5. ㄱ형강(Angle Bar) : 두께가 3 ∼ 10㎜이고 너비가 20 ∼ 100㎜인 것","다만, 별표에 규정된 제품을 제외한다. 1. 중공(中空)이 없는 원형강(Round Bar) : 지름이 600㎜ 이하인 것 2. 각강(Square Bar) : 대변거리가 4.5 ∼ 55㎜인 것 3. 육각강(Hexagonal Bar) : 대변거리가 5 ∼ 55㎜인 것 4. 평강(Flat Bar)중 다음 각목의 1에 해당하는 것 가. 두께가 3 ∼ 13㎜이고 너비가 15 ∼ 100㎜인 것 나. 두께가 13 ∼ 25㎜이고 너비가 15 ∼ 150㎜인 것 다. 두께가 25 ∼ 150㎜이고 너비가 150 ∼ 600㎜인 것 5. ㄱ형강(Angle Bar) : 두께가 3 ∼ 10㎜이고 너비가 20 ∼ 100㎜인 것",7222.11.0000;7222.19.0000;7222.20.0000;7222.30.0000;7222.40.0000,"제3조(부과대상공급자) ①덤핑방지관세가 부과되는 공급자는 제2조에 규정된 부과대상물품의 공급자로 한다. ②제1항의 규정에 불구하고 미소(微少)마진으로 조사종결된 인도의 비라즈(Viraj Alloys Ltd., Viraj Impoexpo Ltd.)는 부과대상공급자에서 제외하고, 관세법 제54조제1항의 규정에 의한 수출가격인상약속을 수락한 다음 각호의 1에 해당하는 자에 대하여는 부과대상공급자에서 제외하되, 수출가격인상약속을 이행하지 아니하는 경우에는 덤핑방지관세를 부과한다. 1. 일본 산요(Sanyo Special Steel Co., Ltd.) 2. 제1호의 공급자가 법적으로 지배하거나 사실상 지배하고 있는 자 3. 제1호 및 제2호의 공급자가 우리나라에 대한 수출을 위탁한 자",,2009-07-29,,"<재정경제부령 제391호, 2004. 7. 30.> ①(시행일) 이 규칙은 2004년 7월 30일부터 시행한다. ②(유효기간) 이 규칙은 2009년 7월 29일까지 효력을 가진다.",[별표 ] 덤핑방지관세부과대상에서제외되는물품[제2조단서관련],Y,"[별표] 덤핑방지관세 부과대상에서 제외되는 물품(제2조 단서관련) 1. 내열강 JIS의 SUH1/1HT, SUH3/3HT, SUH11/11HT, SUH35, 21-2N, 21-12N (SUH37), 23-8N, 21-4NNbW 규격 2. 니켈합금강 및 전자스테인레스강 3. LNG선박건조용 스테인레스스틸 플랫바(SUS304)로서 규격[두께(㎜)×폭(㎜)× 길이(㎜)]이 8×40×6000, 12×55×6000, 12×110×6000, 12×120×6000, 16×55×6000에 해당하는 것과 LNG선박건조용 스테인레스스틸 플랫바 (SUS304L)로서 규격[두께(㎜)×폭(㎜)×길이(㎜)]이 8×100×6000인 것 4. 합성섬유방사용 노즐용의 것으로서 SUS-630KN(HRC34-38) 원형강(￠30-- ￠600) 및 SUS-630KN(HRC35-40) 사각강 5. 다음 각목의 1에 해당하는 것 가. 관이음쇠 및 유압용 육각강(SUS316)중 그 경도가 HRC 21 ∼ 23이고, 허용 공차가 H11이며, 대변거리가 5 ∼ 55㎜에 해당하는 것[구체적으로 대변거 리(단위 : ㎜)가 7.9, 9.5, 11.1, 12.0, 12.7, 14.0, 14.2, 15.0, 15.8, 16.0, 17.0, 17.4, 18.0, 19.1, 20.6, 22.0, 22.2, 23.8, 24.0, 25.0, 25.4, 26.9, 28.5, 30.0, 31.7, 32.0, 33.3, 34.9, 36.0, 38.1, 41.0, 44.4, 46.0, 47.6, 50.0, 54.0, 55.0인 것을 말한다] 나. 스테인레스스틸 원형강(SUS316)중 그 경도가 HRC 24 ∼ 28이고, 허용공차 가 H9이며, 지름이 6 ∼ 50.8㎜에 해당하는 것[구체적으로 지름(단위 : ㎜) 이 6.0, 10.0, 12.0, 13.0, 14.0, 16.0, 18.0, 20.0, 23.0, 26.0, 29.0, 30.0, 32.0, 35.0, 40.0, 42.0, 50.8인 것을 말한다] 6. 가솔린 자동차용 연료펌프모타 샤프트(Shaft)용 원형강(SUS440C)으로서 지름 5.1㎜, 길이 2,000㎜, 직경공차 ±0.02㎜ 이내, 진직도 ±0.018㎜ 이내, 진원도 0.012㎜ 이내, 표면거칠기 3.2z 이내 및 표면경도 HRB96(Max)인 것 7. 자동차 연료조절기밸브용 원형강(SUS402F)으로서 규격[두께(㎜)×길이(㎜)]이 7.1(＋0.05/－0)×2,500(＋30/－0) 또는 11.5(＋0.05/－0)×2,500(＋30/－0)인 것 8. 자동차 및 유공압 솔레노이드밸브용 쾌삭스테인레스스틸바 원형강(ASK3200) 으로서 지름이 8㎜ 이하인 것 9. 전자부품가공용 쾌삭스테인레스스틸바 원형강(ASK3000U)으로서 지름이 1 ∼ 4㎜이하인 것",,
62521,20041020,관세법제51조의규정에의한미국·인도·중국및캐나다산염화콜린에대한덤핑방지관세부과에관한규칙,미국·인도·중국및캐나다산염화콜린,재정경제부령,제397호,2004-10-20,2004-10-20,제정,4,"제2조(부과대상물품) 덤핑방지관세가 부과되는 물품은 미국ㆍ인도ㆍ중국 및 캐나다산 염화콜린(관세율표번호 : 2309.90.2099중 콜린의 염, 2309.90.3020중 콜린의 염, 2309.90.9000중 콜린의 염, 2923.10.2000)으로 한다.",,2309.90.2099;2309.90.3020;2309.90.9000;2923.10.2000,제3조(부과대상공급자) 덤핑방지관세가 부과되는 공급자는 제2조에 규정된 부과대상물품의 공급자로 한다.,,2009-10-19,,"<재정경제부령 제397호, 2004. 10. 20.> ①(시행일) 이 규칙은 2004년 10월 20일부터 시행한다. ②(유효기간) 이 규칙은 2009년 10월 19일까지 효력을 가진다.",[별표 ] 덤핑방지관세율[제4조관련],,,,"[별표] 덤핑방지관세율(제4조관련) 공급국 공급자 덤핑방지 관세율(%) 미국 모든 공급자 22.19 인도 모든 공급자 22.19 중국 타민코(Taminco Choline Chloride Shanghai Co., Ltd.) 및 동사의 제품을 수출하는 자 10.28 악조노벨(Yixing Akzo Novel Sanyuan Chemicals Co.,Ltd.) 및 동사의 제품을 수출하는 자 27.55 지앙수(Jiangsu Sainty Intl. Group Co., Ltd.) 및 동사의 제품을 수출하는 자 신켐(Synchem International Co., Ltd.) 및 동사의 제품을 수출하는 자 헬렌(Helen Qingdao FTZ Co., Ltd.) 및 동사의 제품을 수출하는 자 그 밖의 공급자 25.81 캐나다 모든 공급자 26.88 주) ""그 밖의 공급자""와 명시된 공급자 사이에 관세법시행령 제23조제1항의 규정에 의한 특수관계가 있는 경우 ""그 밖의 공급자""의 덤핑방지관세율은 그와 특수관 계가 있는 명시된 공급자의 덤핑방지관세율을 적용한다"
66554,20050113,관세법 제51조의 규정에 의한 일본·인도 및 스페인산 스테인레스 스틸바에 대한 덤핑방지관세부과에 관한 규칙,일본·인도및스페인산스테인레스스틸바,재정경제부령,제410호,2005-01-13,2005-01-13,일부개정,4,"제2조(부과대상물품) 덤핑방지관세가 부과되는 물품은 일본ㆍ인도 및 스페인산 스테인레스스틸바(관세율표번호 : 7222.11.0000, 7222.19.0000, 7222.20.0000, 7222.30.0000, 7222.40.0000)중 다음 각호의 1에 해당하는 것으로 한다. 다만, 별표에 규정된 제품을 제외한다. 1. 중공(中空)이 없는 원형강(Round Bar) : 지름이 600㎜ 이하인 것 2. 각강(Square Bar) : 대변거리가 4.5 ∼ 55㎜인 것 3. 육각강(Hexagonal Bar) : 대변거리가 5 ∼ 55㎜인 것 4. 평강(Flat Bar)중 다음 각목의 1에 해당하는 것 가. 두께가 3 ∼ 13㎜이고 너비가 15 ∼ 100㎜인 것 나. 두께가 13 ∼ 25㎜이고 너비가 15 ∼ 150㎜인 것 다. 두께가 25 ∼ 150㎜이고 너비가 150 ∼ 600㎜인 것 5. ㄱ형강(Angle Bar) : 두께가 3 ∼ 10㎜이고 너비가 20 ∼ 100㎜인 것","다만, 별표에 규정된 제품을 제외한다. 1. 중공(中空)이 없는 원형강(Round Bar) : 지름이 600㎜ 이하인 것 2. 각강(Square Bar) : 대변거리가 4.5 ∼ 55㎜인 것 3. 육각강(Hexagonal Bar) : 대변거리가 5 ∼ 55㎜인 것 4. 평강(Flat Bar)중 다음 각목의 1에 해당하는 것 가. 두께가 3 ∼ 13㎜이고 너비가 15 ∼ 100㎜인 것 나. 두께가 13 ∼ 25㎜이고 너비가 15 ∼ 150㎜인 것 다. 두께가 25 ∼ 150㎜이고 너비가 150 ∼ 600㎜인 것 5. ㄱ형강(Angle Bar) : 두께가 3 ∼ 10㎜이고 너비가 20 ∼ 100㎜인 것",7222.11.0000;7222.19.0000;7222.20.0000;7222.30.0000;7222.40.0000,"제3조(부과대상공급자) ①덤핑방지관세가 부과되는 공급자는 제2조에 규정된 부과대상물품의 공급자로 한다. ②제1항의 규정에 불구하고 미소(微少)마진으로 조사종결된 인도의 비라즈(Viraj Alloys Ltd., Viraj Impoexpo Ltd.)는 부과대상공급자에서 제외하고, 관세법 제54조제1항의 규정에 의한 수출가격인상약속을 수락한 다음 각호의 1에 해당하는 자에 대하여는 부과대상공급자에서 제외하되, 수출가격인상약속을 이행하지 아니하는 경우에는 덤핑방지관세를 부과한다. 1. 일본 산요(Sanyo Special Steel Co., Ltd.) 2. 제1호의 공급자가 법적으로 지배하거나 사실상 지배하고 있는 자 3. 제1호 및 제2호의 공급자가 우리나라에 대한 수출을 위탁한 자",,2009-07-29,,"<재정경제부령 제391호, 2004. 7. 30.> ①(시행일) 이 규칙은 2004년 7월 30일부터 시행한다. ②(유효기간) 이 규칙은 2009년 7월 29일까지 효력을 가진다. <재정경제부령 제410호, 2005. 1. 13.> ①(시행일) 이 규칙은 공포한 날부터 시행한다. ②(유효기간) 이 규칙은 2009년 7월 29일까지 효력을 가진다.",[별표 ] 덤핑방지관세부과대상에서제외되는물품[제2조단서관련],Y,"[별표] 덤핑방지관세 부과대상에서 제외되는 물품(제2조 단서관련) 1. 내열강 JIS의 SUH1/1HT, SUH3/3HT, SUH11/11HT, SUH35, 21-2N, 21-12N (SUH37), 23-8N, 21-4NNbW 규격 2. 니켈합금강 및 전자스테인레스강 3. LNG선박건조용 스테인레스스틸 플랫바(SUS304)로서 규격[두께(㎜)×폭(㎜)× 길이(㎜)]이 8×40×6000, 12×55×6000, 12×110×6000, 12×120×6000, 16×55×6000에 해당하는 것과 LNG선박건조용 스테인레스스틸 플랫바 (SUS304L)로서 규격[두께(㎜)×폭(㎜)×길이(㎜)]이 8×100×6000인 것 4. 합성섬유방사용 노즐용의 것으로서 SUS-630KN(HRC34-38) 원형강(￠30-- ￠600) 및 SUS-630KN(HRC35-40) 사각강 5. 다음 각목의 1에 해당하는 것 가. 관이음쇠 및 유압용 육각강(SUS316)중 그 경도가 HRC 21 ∼ 23이고, 허용 공차가 H11이며, 대변거리가 5 ∼ 55㎜에 해당하는 것[구체적으로 대변거 리(단위 : ㎜)가 7.9, 9.5, 11.1, 12.0, 12.7, 14.0, 14.2, 15.0, 15.8, 16.0, 17.0, 17.4, 18.0, 19.1, 20.6, 22.0, 22.2, 23.8, 24.0, 25.0, 25.4, 26.9, 28.5, 30.0, 31.7, 32.0, 33.3, 34.9, 36.0, 38.1, 41.0, 44.4, 46.0, 47.6, 50.0, 54.0, 55.0인 것을 말한다] 나. 스테인레스스틸 원형강(SUS316)중 그 경도가 HRC 24 ∼ 28이고, 허용공차 가 H9이며, 지름이 6 ∼ 50.8㎜에 해당하는 것[구체적으로 지름(단위 : ㎜) 이 6.0, 10.0, 12.0, 13.0, 14.0, 16.0, 18.0, 20.0, 23.0, 26.0, 29.0, 30.0, 32.0, 35.0, 40.0, 42.0, 50.8인 것을 말한다] 6. 가솔린 자동차용 연료펌프모타 샤프트(Shaft)용 원형강(SUS440C)으로서 지름 5.1㎜, 길이 2,000㎜, 직경공차 ±0.02㎜ 이내, 진직도 ±0.018㎜ 이내, 진원도 0.012㎜ 이내, 표면거칠기 3.2z 이내 및 표면경도 HRB96(Max)인 것 7. 자동차 연료조절기밸브용 원형강(SUS402F)으로서 규격[두께(㎜)×길이(㎜)]이 7.1(＋0.05/－0)×2,500(＋30/－0) 또는 11.5(＋0.05/－0)×2,500(＋30/－0)인 것 8. 자동차 및 유공압 솔레노이드밸브용 쾌삭스테인레스스틸바 원형강(ASK3200) 으로서 지름이 8㎜ 이하인 것 9. 전자부품가공용 쾌삭스테인레스스틸바 원형강(ASK3000U)으로서 지름이 1 ∼ 4㎜이하인 것",,
66897,20050302,관세법 제51조의 규정에 의한 중국산 아나타제형 이산화티타늄에 대한 덤핑방지관세의 부과에 관한 규칙,중국산아나타제형이산화티타늄,재정경제부령,제419호,2005-03-02,2005-03-02,제정,4,"제2조(부과대상물품) 덤핑방지관세가 부과되는 물품은 중국산 아나타제형 이산화티타늄(관세율표번호 : 2823.00.1000, 2823.00.9000)으로서 화학식이 TiO2인 아나타제형 이산화티타늄(섬유용을 제외한다)으로 한다.","덤핑방지관세가 부과되는 물품은 중국산 아나타제형 이산화티타늄(관세율표번호 : 2823.00.1000, 2823.00.9000)으로서 화학식이 TiO2인 아나타제형 이산화티타늄(섬유용을 제외한다)으로 한다.",2823.00.1000;2823.00.9000,제3조(부과대상공급자) 덤핑방지관세가 부과되는 공급자는 제2조에 규정된 부과대상물품의 공급자로 한다.,,2008-03-01,,"<재정경제부령 제419호, 2005. 3. 2.> ①(시행일) 이 규칙은 2005년 3월 2일부터 시행한다. ②(유효기간) 이 규칙은 2008년 3월 1일까지 효력을 가진다.",[별표 ] 덤핑방지관세율[제4조관련],,,,"[별표] 덤핑방지관세율(제4조관련) 공급국 공급자 덤핑방지 관세율(%) 중국 핑구이(Guangxi Pinggui PGMA Co., Ltd.) 및 동사의 제품을 수출하는 자 4.82 즈보(Zibo Cobalt Industrial Co. Ltd.) 및 동사의 제품을 수출하는 자 23.08 글로리(Glory International Trading Ltd.) 및 동사의 제품을 수출하는 자 시노켐(Sinochem Jiangsu Imp. & Exp. Co.) 및 동사의 제품을 수출하는 자 쩐지앙(Zhenjiang Star Group) 및 동사의 제품을 수출하는 자 바이허(Guangxi Baihe Chemical Co., Ltd.) 및 동사의 제품을 수출하는 자 그 밖의 공급자 17.08 주) ""그 밖의 공급자""와 명시된 공급자 사이에 「관세법 시행령」 제23조제1항의 규정에 의한 특수관계가 있는 경우 ""그 밖의 공급자""의 덤핑방지관세율은 그와 특수관계가 있는 명시된 공급자의 덤핑방지관세율을 적용한다."
68889,20050420,관세법 제51조의 규정에 의한 일본산 염화비닐중합체우판(PVC Plate)에 대한 덤핑방지관세의 부과에 관한 규칙,일본산염화비닐중합체우판(PVCPlate),재정경제부령,제436호,2005-04-20,2005-04-20,제정,4,"제2조(부과대상물품) 덤핑방지관세가 부과되는 물품은 일본산 염화비닐중합체후판(관세율표번호 : 3917.39.2000, 3917.39.9000, 3919.90.0000, 3920.49.0000, 3921.12.0000, 3921.90.4010, 3921.90.4020중 반도체ㆍLCD 및 PDP 제조설비의 골격ㆍ외형 등의 주재료용으로 사용되는 염화비닐중합체후판을 말한다)으로 하되, 제조공정방식이 압출방식에 의한 제품과 난연제품(FM규격)을 제외한다.","덤핑방지관세가 부과되는 물품은 일본산 염화비닐중합체후판(관세율표번호 : 3917.39.2000, 3917.39.9000, 3919.90.0000, 3920.49.0000, 3921.12.0000, 3921.90.4010, 3921.90.4020중 반도체ㆍLCD 및 PDP 제조설비의 골격ㆍ외형 등의 주재료용으로 사용되는 염화비닐중합체후판을 말한다)으로 하되, 제조공정방식이 압출방식에 의한 제품과 난연제품(FM규격)을 제외한다.",3917.39.2000;3917.39.9000;3919.90.0000;3920.49.0000;3921.12.0000;3921.90.4010;3921.90.4020,"제3조(부과대상공급자) ①덤핑방지관세가 부과되는 공급자는 제2조에 규정된 부과대상물품의 공급자로 한다. ②제1항의 규정에 불구하고 관세법 제54조제1항의 규정에 의한 수출가격인상약속을 수락한 다음 각호의 1에 해당하는 자에 대하여는 부과대상공급자에서 제외한다. 다만, 수출가격인상약속을 이행하지 아니하는 경우에는 그러하지 아니하다. 1. 미츠비시(Mitsubishi Plastics Inc.) 2. 타키론(Takiron Co., Ltd.) 3. 제1호 및 제2호의 공급자가 법적으로 지배하거나 사실상 지배하고 있는 자 4. 제1호 및 제2호의 공급자가 우리나라에 대한 수출을 위탁한 자",,2009-12-19,,"<재정경제부령 제436호, 2005. 4. 20.> ①(시행일) 이 규칙은 공포한 날부터 시행하되, 잠정덤핑방지관세 부과일인 2004년 12월 20일부터 적용한다. ②(유효기간) 이 규칙은 2009년 12월 19일까지 효력을 가진다.",[별표 ] 덤핑방지관세율[제4조관련],,,,"[별표] 덤핑방지관세율(제4조관련) 공급국 공급자 덤핑방지관세율(%) 일본 추추나카(Tsutsunaka Plastic Ind. Co., Ltd.) 및 동사의 제품을 수출하는 자 29.70 그 밖의 공급자 27.91 주) ""그 밖의 공급자""와 명시된 공급자 사이에 「관세법 시행령」 제23조제1항의 규 정에 의한 특수관계가 있는 경우 ""그 밖의 공급자""의 덤핑방지관세율은 그와 특 수관계가 있는 명시된 공급자의 덤핑방지관세율을 적용한다."
92840,20050916,관세법 제51조의 규정에 따른 일본산 6축 수직다관절형 산업용 로봇에 대한 덤핑방지관세의 부과에 관한 규칙,일본산6축수직다관절형산업용로봇,재정경제부령,제463호,2005-09-16,2005-09-16,제정,4,"제2조(부과대상물품) ①덤핑방지관세가 부과되는 물품은 일본산 산업용 로봇(관세율표번호 : 8479.50.9000, 8515.21.1010, 8515.21.2010, 8515.21.9010, 8515.31.1010, 8515.31.9010)으로서 다음 각 호의 요건을 모두 갖춘 것으로 한다. 다만, 별표1에 규정된 제품을 제외한다. 1. 6축 수직다관절의 구조를 가진 산업용 로봇일 것 2. 주로 자동차산업 분야의 점용접(spot welding)작업, 운반ㆍ조정(handling)작업에 사용되는 산업용 로봇일 것 3. 운반할 수 있는 중량이 120킬로그램에서 210킬로그램까지인 범용산업용 로봇일 것 ②제1항의 규정을 적용함에 있어서 로봇 구성품은 로봇 본체, 제어장치, 조정기 및 전원케이블로 한정한다.","다만, 별표1에 규정된 제품을 제외한다. 1. 6축 수직다관절의 구조를 가진 산업용 로봇일 것 2. 주로 자동차산업 분야의 점용접(spot welding)작업, 운반ㆍ조정(handling)작업에 사용되는 산업용 로봇일 것 3. 운반할 수 있는 중량이 120킬로그램에서 210킬로그램까지인 범용산업용 로봇일 것 ②제1항의 규정을 적용함에 있어서 로봇 구성품은 로봇 본체, 제어장치, 조정기 및 전원케이블로 한정한다.",8479.50.9000;8515.21.1010;8515.21.2010;8515.21.9010;8515.31.1010;8515.31.9010,제3조(부과대상공급자) 덤핑방지관세가 부과되는 공급자는 제2조에 규정된 부과대상물품의 공급자로 한다.,,2010-04-17,,"<재정경제부령 제463호, 2005. 9. 16.> ①(시행일) 이 규칙은 공포한 날부터 시행하되, 잠정덤핑방지관세의 부과일인 2005년 4월 18일부터 적용한다. ②(유효기간) 이 규칙은 2010년 4월 17일까지 효력을 가진다.",[별표 1] 덤핑방지관세 부과대상 제외물품(제2조관련) | [별표 2] 덤핑방지관세율(제4조관련),Y,"[별표 1] 덤핑방지관세 부과대상 제외물품(제2조관련) 1. 긴 팔(Long Arm)형 로봇 가. 정의 표준형 로봇에 비하여 긴 팔(Long Arm)을 장착하여 먼 곳의 작업물을 대상으로 작업을 하는 로봇으로서 최대 동작범위가 2천800백밀리미터 이상인 팔(Arm)을 가지고 있는 바닥설치형 로봇 나. 모델명 ZX130L?ZX165L?ZX200L(이상 가와사키중공업주식회사 제품), SH166L?SH200L (이상 주식회사 나찌 제품), UP130L?UP165L?UP200L(이상 주식회사 야스카와전기 제품), R-2000iA/125L(화낙주식회사 제품) 등으로 가목의 정의에 해당하는 것 2. 고밀도형 로봇 가. 정의 좁은 공간에서 작업하기 위하여 개발된 로봇으로서 높이가 1천 4백 5십밀리미터 이하이고 최대 동작범위가 1천 4백 5십밀리미터 이하인 로봇 나. 모델명 UB150(가와사키중공업주식회사 제품), SG160R·SG160P(이상 주식회사 나찌 제품), UP120E·UP165E(이상 주식회사 야스카와전기 제품), R-2000iA/165CF(화낙주식회사 제품)등으로 가목의 정의에 해당하는 것 3. 클린룸용 로봇 가. 정의 로봇 자체에 방진대책을 갖추어 깨끗한 환경을 요구하는 반도체 공장· 정밀전자부품공장 등에서 사용되는 로봇 나. 모델명 FC06N·FC10N·FC20N·FC30N·FC45N·FC60L(이상 가와사키중공업주식회사 제품), SH133C·SH166C(이상 주식회사 나찌 제품), CRJ·CR3X·CR20·CR50·CR130·CSL10·CSL15(이상 주식회사 야스카와 전기제품), M-6iB/6C·LR Mate 200iB/5C(화낙주식회사 제품)등으로 가목의 정의에 해당하는 것 4. 프레스간 및 공작기계 핸들링 로봇 가. 정의 (1) 프레스간 핸들링 로봇 작업물을 프레스장비에 적재하여 반복적 작업을 수행하는 로봇으로서 다음의 어느 하나에 해당하는 로봇 (가) 바닥이나 천장에 설치하여 적재작업을 반복적으로 수행할수 있도록 선회축(1축)을 2중으로 설치한 것 (나) 표준형 팔(Arm)보다 긴 팔(바닥설치형은 행동반경이 3천밀리미터 이상, 선반설치형은 행동반경이 3천 2백밀리미터 이상인 것을 말한다)을 가지고 있고, 분당처리속도가 10에스피엠(Sheet per minute) 이상인 것 (2) 공작기계 핸들링 로봇 수치제어(NC) 선반 등의 공작기계 자동화를 지원하기 위하여 피가공물 또는 작업물을 가공장비로 적재 또는 탈착하기 위한 작업을 반복적으로 수행할 수 있도록 특수하게 설계·개발되어 상부레일(Overhead Rail)에 설치되어 사용되는 것 나. 모델명 SC120LF(주식회사 나찌 제품), NY170LⅡ·SK506X·SR200X·EPH4000(이상 주식회사 야스카와전기 제품),S-900iB/200, R-2000iA/200T(이상 화낙주식회사 제품) 등으로 가목의 정의에 해당하는 것",,"[별표 2] 덤핑방지관세율(제4조관련) 공급국 공급자 덤핑방지 관세율(%) 일본 가와사키중공업주식회사(川崎重工業株式會社) 9.43 주식회사 나찌(株式會社 不二越 및 동사의 제품을 수출하는 자 10.00 주식회사 야스카와전기(株式會社 安川電氣) 및 동사의 제품 을 수출하는 자 9.40 화낙주식회사(FANUC株式會社) 및 동사의 제품을 수출하는 자 4.51 그 밖의 공급자 9.03 주) ""그 밖의 공급자""와 명시된 공급자 사이에 「관세법 시행령」제 23조제1항의 규정에 의한 특수관계가 있는 경우 ""그 밖의 공급자""의 덤핑방지관세율은 그와 특수관계가 있는 명시된 공급자의 덤핑 방지관세율을 적용한다"
74088,20060530,관세법 제51조에 따른 중국산 도자기질 타일에 대한 덤핑방지관세의 부과에 관한 규칙,중국산도자기질타일,재정경제부령,제509호,2006-05-30,2006-05-30,제정,4,"제2조(부과대상물품) 덤핑방지관세가 부과되는 물품은 중국산 도자기질 타일(관세율표번호 : 6907.90.1000, 6907.90.9000, 6908.90.1000, 6908.90.9000, 6901.00.3000)로서 가로 및 세로의 길이가 70밀리미터 이상 1천 3백밀리미터 이하인 사각형태의 것을 말한다.",,6907.90.1000;6907.90.9000;6908.90.1000;6908.90.9000;6901.00.3000,제3조(부과대상공급자) 덤핑방지관세가 부과되는 공급자는 제2조에 따른 부과대상물품의 공급자로 한다.,,2010-12-29,,"<재정경제부령 제509호, 2006. 5. 30.> ①(시행일) 이 규칙은 공포한 날부터 시행하되, 잠정덤핑방지관세의 부과일인 2005년 12월 30일부터 적용한다. ②(유효기간) 이 규칙은 2010년 12월 29일까지 효력을 가진다.",[별표 ] 덤핑방지관세율[제4조관련],,,,"[별표] 덤핑방지관세율(제4조 관련) 공급국 공급자 덤핑방지 관세율(%) 1. 상원(Foshan Chancheng Shangyuan Oulian Construction Ceramic Limited) 및 그 회사의 제품을 수출하는 자 7.49 중국 2. 다음 각 목의 회사 및 그 회사의 제품을 수출하는 자 가. New Zhong Yuan Ceramics Co., Ltd. Of Guangdong 나. Foshan New Zhongyuan Ceramics Co., Ltd. 다. Heyuan Wanfeng Ceramics Co., Ltd. 라. Qingyuan Southern Building Materials and Sanitary Ware Co., Ltd. 마. Sichuan New Zhongyuan Ceramics Co., Ltd. 바. Sichuan Xin Yuezhong Ceramics Co., Ltd. 사. New Zhong Yuan Ceramics Import & Export Co., Ltd. of Guangdong 아. Foshan San De Bo Ceramics Co., Ltd. 자. Foshan Lungo Ceramics Co., Ltd. 4.64 3. 허메이(Foshan Hemei Ceramics Co., Ltd.) 및 그 회사의 제품을 수출하는 자 7.21 4. 샹시(Foshan Shuangxi Ceramics Co., Ltd.) 및 그 회사의 제품을 수출하는 자 4.21 5. 다음 각 목의 회사의 제품을 수출하는 자[신종웨이(Foshan Xinzhongwei Economic and Trade Co., Ltd.)에 한한다] 가. Guangdong Foshan Shitao Ceramic Tiles Co., Ltd. 나. Nanhai Chongfa Ceramics Enterprise Co., Ltd. 다. Foshan Sanshui New Silver Eagle Ceramics Co., Ltd. 라. Foshan Gaoming Yaju Ceramics Co., Ltd. 마. Foshan City Nanhai Shishan Jinjue Ceramics Co., Ltd. 바. Wonderful Ceramic Industrial Park (Dongguan) 사. Forsan City Huaxinda Ceramics Co., Ltd. 아. Guangdong Dongpeng Ceramic Co., Ltd. 자. Guangdong Wuhua Huihua Ceramics Co., Ltd. 차. Foshan Migelan Building Materials Co., Ltd. 7.21 6. 하오홍(Foshan Haohong Ceramics Ltd.) 및 그 회사의 제품을 수출하는 자 2.76 7. 광동홍토우(Guangdong Winto Ceramics Co., Ltd.) 및 그 회사의 제품을 수출하는 자 3.97 8. 시완이글(Foshan Shiwan Eagle Brand Ceramics Co., Ltd.) 및 그 회사의 제품을 수출하는 자 3.51 9. 상해 ASA(Sanghai ASA Ceramics Co., Ltd.) 및 그 회사의 제품을 수출하는 자 29.41 10. 달리안(Dalian Zheng Ren Trading Co., Ltd.) 및 그 회사의 제품을 수출하는 자 11. 광동난하이(Guangdong Nanhai Light Industrial products Imp & Exp Co., Ltd.) 및 그 회사의 제품을 수출하는 자 12. 메디컬이큅먼트(China National Medical Equipment & Supplies Imp & Exp Corp.) 및 그 회사의 제품을 수출하는 자 13. 그 밖의 공급자 13.33"
75857,20061020,관세법 제51조에 따른 중국·대만 및 말레이시아산 폴리에스테르 장섬유 연신가공사에 대한 덤핑방지관세의 부과에 관한 규칙,중국·대만및말레이시아산폴리에스테르장섬유연신가공사,재정경제부령,제526호,2006-10-20,2006-10-20,제정,4,"제2조(부과대상물품) 덤핑방지관세가 부과되는 물품은 중국ㆍ대만 및 말레이시아산 폴리에스테르 장섬유 연신가공사(Polyester Filament Draw Textured Yarn, 관세율표번호 : 5402.33.0000)로 한다. 다만, 다음 각 호의 어느 하나에 해당하는 물품을 제외한다. 1. 폴리에스테르를 나이론 등 다른 섬유와 복합방사한 물품 2. 폴리에스테르 장섬유 연신가공사를 종류가 다른 원사와 공기(空氣)로 접착시킨 물품","다만, 다음 각 호의 어느 하나에 해당하는 물품을 제외한다. 1. 폴리에스테르를 나이론 등 다른 섬유와 복합방사한 물품 2. 폴리에스테르 장섬유 연신가공사를 종류가 다른 원사와 공기(空氣)로 접착시킨 물품",5402.33.0000,제3조(부과대상공급자) 덤핑방지관세가 부과되는 공급자는 제2조에 따른 부과대상물품의 공급자로 한다.,,2009-10-20,,"<재정경제부령 제526호, 2006. 10. 20.> ①(시행일) 이 규칙은 공포한 날부터 시행한다. ②(유효기간) 이 규칙은 2009년 10월 20일까지 효력을 가진다.",[별표 ] 덤핑방지관세율[제4조관련],,,,"[별표] 덤핑방지관세율(제4조 관련) 공급국 공 급 자 덤핑방지 관세율(%) 중 국 효성지아싱[Hyosung Chemical Fiber(Jiaxing) Co., Ltd.] 및 그 회사의 물품을 수출하는 자 6.53 유안동(Zhejiang Yuandong New Polyester Co., Ltd.) 및 그 회사의 물품을 수출하는 자 8.69 롱쉥(Rongsheng Chemical Fibre Group) 및 그 회사의 물품을 수출하는 자 8.69 하이신(Shanghai Haixin Chemical Fiber Co., Ltd.) 및 그 회사의 물품을 수출하는 자 8.69 그 밖의 공급자. 다만, 헹리(Jiangsu Hengli Chemical Fibre Co., Ltd) 및 그 회사의 물품을 수출하는 자를 제외한다. 8.69 대 만 신콩(Shinkong Synthetic Fibers Corparation) 및 그 회사의 물품을 수출하는 자 3.72 릴리(Lealea Enterprise Co., Ltd) 및 그 회사의 물품을 수출하는 자 2.76 난야(Nan Ya Plastics Corporation) 및 그 회사 의 물품을 수출하는 자 7.99 직셍(Zig Sheng Industrial Co., Ltd) 및 그 회사 의 물품을 수출하는 자 3.12 란파(Lan Fa Textile Co., Ltd) 및 그 회사의 물 품을 수출하는 자 2.60 튠텍스(Tuntex Distinct Corporation) 및 그 회사 의 물품을 수출하는 자 8.69 후알롱(Hualon Corporation) 및 그 회사의 물품 을 수출하는 자 5.81 그 밖의 공급자 7.35 말레이시아 후알롱[Hualon Corporation (M) Sdn., Bhd.]및 그 회사의 물품을 수출하는 자 2.78 그 밖의 공급자 2.78"
76126,20061123,관세법 제51조에 따른 일본산 자동가이드홀펀칭기에 대한 덤핑방지관세의 부과에 관한 규칙,일본산자동가이드홀펀칭기,재정경제부령,제528호,2006-11-22,2006-11-23,제정,4,"제2조(부과대상물품) 덤핑방지관세가 부과되는 물품은 일본산 자동가이드홀펀칭기(관세율표번호 : 8462.41.1000, 8462.49.1000)로서 전하결합소자형 카메라(Charge-coupled Device Camera : CCD Camera)를 장착하고 천공장치를 이용하여 연성인쇄회로기판의 가이드홀(Guide Hole)이나 휴대전화기 키패드(Keypad)용 필름의 가이드홀을 수치제어방식에 의하여 자동으로 천공하는 것으로 한다. 다만, 롤 형태로 감겨져 있는 연성인쇄회로기판 또는 휴대전화기 키패드용 필름을 천공하는 것을 제외한다.","다만, 롤 형태로 감겨져 있는 연성인쇄회로기판 또는 휴대전화기 키패드용 필름을 천공하는 것을 제외한다.",8462.41.1000;8462.49.1000,제3조(부과대상공급자) 덤핑방지관세가 부과되는 공급자는 제2조에 따른 부과대상물품의 공급자로 한다.,,2009-11-22,,"<재정경제부령 제528호, 2006. 11. 22.> ①(시행일) 이 규칙은 2006년 11월 23일부터 시행한다. ②(유효기간) 이 규칙은 2009년 11월 22일까지 효력을 가진다.",,,,,
76309,20061212,관세법 제51조에 따른 중국·싱가포르 및 미국산 폴리비닐알코올에 대한 덤핑방지관세의 부과에 관한 규칙,중국·싱가포르및미국산폴리비닐알코올,재정경제부령,제530호,2006-12-11,2006-12-12,제정,4,"제2조(부과대상물품) 덤핑방지관세가 부과되는 물품은 중국ㆍ싱가포르 및 미국산 폴리비닐알코올(관세율표번호 : 3905.30.0000, 3905.91.0000)로 한다. 다만, 다음 각 호의 어느 하나에 해당하는 폴리비닐알코올을 제외한다. 1. 수용액 상태의 폴리비닐알코올 2. 검화도(치齒 化度)가 99.5몰퍼센트(mol%) 이상이고, 점도(粘度)가 60시피에스(cps) 내지 80시피에스(cps)이며, 중합도(重合度)가 2천600이상인 폴리비닐알코올","다만, 다음 각 호의 어느 하나에 해당하는 폴리비닐알코올을 제외한다. 1. 수용액 상태의 폴리비닐알코올 2. 검화도(치齒 化度)가 99.5몰퍼센트(mol%) 이상이고, 점도(粘度)가 60시피에스(cps) 내지 80시피에스(cps)이며, 중합도(重合度)가 2천600이상인 폴리비닐알코올",3905.30.0000;3905.91.0000,제3조(부과대상공급자) 덤핑방지관세가 부과되는 공급자는 제2조에 따른 부과대상물품의 공급자로 한다.,,2009-12-11,,"<재정경제부령 제530호, 2006. 12. 11.> ①(시행일) 이 규칙은 2006년 12월 12일부터 시행한다. ②(유효기간) 이 규칙은 2009년 12월 11일까지 효력을 가진다.",[별표 ] 덤핑방지관세율[제4조관련],,,,"[별 표] 덤핑방지관세율(제4조 관련) 공급국 공 급 자 덤핑방지 관세율(%) 중 국 시추안 비닐론(Sichuan Vinylon Works) 및 그 회사의 제품을 수출하는 자 35.17 샹시 상웨이(Shanxi Sanwei Group Co., Ltd.) 및 그 회사의 물품을 수출하는 자 11.11 그 밖의 공급자 33.44 싱가포르 포발 아시아(Poval Asia Pte., Ltd.) 및 그 회사 의 물품을 수출하는 자 14.96 이누이(INUI Corp.) 및 그 회사의 물품을 수출하 는 자 쿠라레이 스페셜(Kuraray Specialties Asia Pte., Ltd.) 및 그 회사의 물품을 수출하는 자 마루젠(Maruzen Chemicals Co., Ltd.) 및 그 회 사의 물품을 수출하는 자 그 밖의 공급자 미 국 셀라니즈(Celanese Chemicals Ltd.) 및 그 회사 의 물품을 수출하는 자 33.93 듀퐁(E.I. Dupong de Nemours & Co.) 및 그 회 사의 물품을 수출하는 자 그 밖의 공급자"
79226,20070601,관세법 제51조에 따른 인도네시아 및 중국산 백상지에 대한 덤핑방지관세 부과에 관한 규칙,인도네시아및중국산백상지,재정경제부령,제564호,2007-06-01,2007-06-01,제정,4,"제2조(부과대상물품) 덤핑방지관세가 부과되는 물품은 인도네시아 및 중국산 백상지(관세율표번호 : 4802.55.1010, 4802.55.1090, 4802.55.9010, 4802.55.9090, 4802.56.1010, 4802.56.1090, 4802.56.9010, 4802.56.9090, 4802.57.1010, 4802.57.1090, 4802.57.9010, 4802.57.9090)로서 1제곱미터당 중량이 40그램 이상 150그램 이하인 것으로 한다.",,4802.55.1010;4802.55.1090;4802.55.9010;4802.55.9090;4802.56.1010;4802.56.1090;4802.56.9010;4802.56.9090;4802.57.1010;4802.57.1090;4802.57.9010;4802.57.9090,"제3조(부과대상공급자) ①덤핑방지관세가 부과되는 공급자는 제2조에 따른 부과대상물품의 공급자로 한다. ②제1항에도 불구하고 「관세법」 제54조제1항에 따른 수출가격인상약속을 수락한 다음 각 호의 어느 하나에 해당하는 자에 대하여는 부과대상물품의 공급자에서 제외한다. 다만, 수출가격인상약속을 이행하지 아니하는 경우에는 그러하지 아니하다. 1. PT. Indah Kiat Pulp & Paper Corp. 2. PT. Pindo Deli Pulp & Paper Mills 3. PT. Pabrik Kertas Tjiwi Kimia Tbk 4. April Fine Paper Trading Pte., Ltd. 5. UPM-Kymmene (Changshu)Paper Industry Co., Ltd. 6. 제1호부터 제5호까지의 공급자가 법적으로 지배하거나 사실상 지배하고 있는 자 7. 제1호부터 제5호까지의 공급자가 우리나라에 대한 수출을 위탁한 자",,2010-05-31,,"<재정경제부령 제564호, 2007. 6. 1.> 제1조 (시행일) 이 규칙은 2007년 6월 1일부터 시행한다. 제2조 (적용시한) 이 규칙은 2010년 5월 31일까지 적용한다.",[별표 ] 덤핑방지관세율[제4조관련],,,,
81110,20071029,관세법 제51조의 규정에 의한 일본·인도 및 스페인산 스테인레스 스틸바에 대한 덤핑방지관세부과에 관한 규칙,일본·인도및스페인산스테인레스스틸바,재정경제부령,제580호,2007-10-29,2007-10-29,일부개정,4,"제2조(부과대상물품) 덤핑방지관세가 부과되는 물품은 일본ㆍ인도 및 스페인산 스테인레스스틸바(관세율표번호 : 7222.11.0000, 7222.19.0000, 7222.20.0000, 7222.30.0000)중 다음 각호의 1에 해당하는 것으로 한다. 다만, 별표에 규정된 제품을 제외한다. <개정 2007. 10. 29.> 1. 중공(中空)이 없는 원형강(Round Bar) : 지름이 600㎜ 이하인 것 2. 각강(Square Bar) : 대변거리가 4.5 ∼ 55㎜인 것 3. 육각강(Hexagonal Bar) : 대변거리가 5 ∼ 55㎜인 것 4. 평강(Flat Bar)중 다음 각목의 1에 해당하는 것 가. 두께가 3 ∼ 13㎜이고 너비가 15 ∼ 100㎜인 것 나. 두께가 13 ∼ 25㎜이고 너비가 15 ∼ 150㎜인 것 다. 두께가 25 ∼ 150㎜이고 너비가 150 ∼ 600㎜인 것","다만, 별표에 규정된 제품을 제외한다. <개정 2007. 10. 29.> 1. 중공(中空)이 없는 원형강(Round Bar) : 지름이 600㎜ 이하인 것 2. 각강(Square Bar) : 대변거리가 4.5 ∼ 55㎜인 것 3. 육각강(Hexagonal Bar) : 대변거리가 5 ∼ 55㎜인 것 4. 평강(Flat Bar)중 다음 각목의 1에 해당하는 것 가. 두께가 3 ∼ 13㎜이고 너비가 15 ∼ 100㎜인 것 나. 두께가 13 ∼ 25㎜이고 너비가 15 ∼ 150㎜인 것 다. 두께가 25 ∼ 150㎜이고 너비가 150 ∼ 600㎜인 것",7222.11.0000;7222.19.0000;7222.20.0000;7222.30.0000,"제3조(부과대상공급자) ①덤핑방지관세가 부과되는 공급자는 제2조에 규정된 부과대상물품의 공급자로 한다. ②제1항의 규정에 불구하고 미소(微少)마진으로 조사종결된 인도의 비라즈(Viraj Alloys Ltd., Viraj Impoexpo Ltd.)는 부과대상공급자에서 제외하고, 관세법 제54조제1항의 규정에 의한 수출가격인상약속을 수락한 다음 각호의 1에 해당하는 자에 대하여는 부과대상공급자에서 제외하되, 수출가격인상약속을 이행하지 아니하는 경우에는 덤핑방지관세를 부과한다. 1. 일본 산요(Sanyo Special Steel Co., Ltd.) 2. 제1호의 공급자가 법적으로 지배하거나 사실상 지배하고 있는 자 3. 제1호 및 제2호의 공급자가 우리나라에 대한 수출을 위탁한 자",,2009-07-29,,"<재정경제부령 제391호, 2004. 7. 30.> ①(시행일) 이 규칙은 2004년 7월 30일부터 시행한다. ②(유효기간) 이 규칙은 2009년 7월 29일까지 효력을 가진다. <재정경제부령 제410호, 2005. 1. 13.> ①(시행일) 이 규칙은 공포한 날부터 시행한다. ②(유효기간) 이 규칙은 2009년 7월 29일까지 효력을 가진다. <재정경제부령 제580호, 2007. 10. 29.> 제1조 (시행일) 이 규칙은 공포한 날부터 시행한다. 제2조 (유효기간) 이 규칙은 2009년 7월 29일까지 효력을 가진다.",[별표 ] 덤핑방지관세부과대상에서제외되는물품[제2조단서관련],Y,"[별 표] 덤핑방지관세 부과대상에서 제외되는 물품(제2조 단서관련) 1. 내열강 JIS의 SUH1/1HT, SUH3/3HT, SUH11/11HT, SUH35, 21-2N, 21- 12N(SUH37), 23-8N, 21-4NNbW 규격 2. 니켈합금강 및 전자스테인레스강 3. LNG선박건조용 스테인레스스틸 플랫바(SUS304)로서 규격[두께(㎜)×폭(㎜) ×길이(㎜)]이 8×40×6000, 12×55×6000, 12×110×6000, 12×120×6000, 16×55×6000에 해당하는 것과 LNG선박건조용 스테인레스스틸 플랫바(SUS 304L)로서 규격[두께(㎜)×폭(㎜)×길이(㎜)]이 8×100×6000인 것 4. 합성섬유방사용 노즐용의 것으로서 SUS-630KN(HRC34-38) 원형강(￠30 --￠600) 및 SUS-630KN(HRC35-40) 사각강 5. 다음 각목의 1에 해당하는 것 가. 관이음쇠 및 유압용 육각강(SUS316)중 그 경도가 HRC 21∼23이고, 허 용공차가 H11이며, 대변거리가 5∼55㎜에 해당하는 것[구체적으로 대변 거리(단위 : ㎜)가 7.9, 9.5, 11.1, 12.0, 12.7, 14.0, 14.2, 15.0, 15.8, 16.0, 17.0, 17.4, 18.0, 19.1, 20.6, 22.0, 22.2, 23.8, 24.0, 25.0, 25.4, 26.9, 28.5, 30.0, 31.7, 32.0, 33.3, 34.9, 36.0, 38.1, 41.0, 44.4, 46.0, 47.6, 50.0, 54.0, 55.0인 것을 말한다] 나. 스테인레스스틸 원형강(SUS316)중 그 경도가 HRC 24∼28이고, 허용공 차가 H9이며, 지름이 6∼50.8㎜에 해당하는 것[구체적으로 지름(단위 : ㎜)이 6.0, 10.0, 12.0, 13.0, 14.0, 16.0, 18.0, 20.0, 23.0, 26.0, 29.0, 30.0, 32.0, 35.0, 40.0, 42.0, 50.8인 것을 말한다] 6. 가솔린 자동차용 연료펌프모타 샤프트(Shaft)용 원형강(SUS440C)으로서 지 름 5.1㎜, 길이 2,000㎜, 직경공차 ±0.02㎜ 이내, 진직도 ±0.018㎜ 이내, 진 원도 0.012㎜ 이내, 표면거칠기 3.2z 이내 및 표면경도 HRB96(Max)인 것 7. 자동차 연료조절기밸브용 원형강(SUS402F)으로서 규격[두께(㎜)×길이(㎜)] 이 7.1(＋0.05/－0)×2,500(＋30/－0) 또는 11.5(＋0.05/－0)×2,500(＋30/ －0)인 것 8. 자동차 및 유공압 솔레노이드밸브용 쾌삭스테인레스스틸바 원형강(ASK3200) 으로서 지름이 8㎜ 이하인 것 9. 전자부품가공용 쾌삭스테인레스스틸바 원형강(ASK3000U)으로서 지름이 1∼4㎜ 이하인 것",,
82859,20080131,관세법 제51조에 따른 중국산 차아황산소다에 대한 덤핑방지관세부과에 관한 규칙,중국산차아황산소다,재정경제부령,제601호,2008-01-31,2008-01-31,제정,4,제2조(부과대상 물품) 덤핑방지관세가 부과되는 물품은 중국산 차아황산소다(관세율표번호:2831.10.1000)로 한다.,,2831.10.1000,제3조(부과대상 공급자) 덤핑방지관세가 부과되는 공급자는 제2조에 따른 부과대상물품의 공급자로 한다.,2,,,"<재정경제부령 제601호, 2008. 1. 31.> 제1조 (시행일) 이 규칙은 공포한 날부터 시행한다. 제2조 (유효기간) 이 규칙은 공포일부터 2년간 효력을 가진다.",[별표 ] 덤핑방지관세율(제4조 관련),,,,"[별표] 덤핑방지관세율(제4조 관련) 공 급 국 공 급 자 덤핑방지 관세율(%) 중 국 1. 중성화공(Guangdong Zhongcheng Chemicals Co., Ltd.) 및 같은 기업의 제품을 수출하는 자 12.11 2. 산동진해(Shandong Jinhe Industrial Co., Ltd.) 및 같은 기업의 제품을 수출하는 자 36.18 3 그 밖의 공급자 13.41 주) ""그 밖의 공급자""와 제1호 또는 제2호의 공급자 사이에 「관세법 시행령」 제23 조제1항에 따른 특수관계가 있는 경우에는 ""그 밖의 공급자""의 덤핑방지관세 율은 그와 특수관계가 있는 제1호 또는 제2호의 공급자의 덤핑방지관세율을 적용한다."
86812,20080417,관세법 제51조에 따른 중국산 플로트판유리에 대한 덤핑방지관세 부과에 관한 규칙,중국산플로트판유리,기획재정부령,제11호,2008-04-17,2008-04-17,제정,4,"제2조(부과대상물품) 덤핑방지관세가 부과되는 물품은 플로트공법으로 생산된 중국산 판유리(관세율표 번호 : 7005.10, 7005.21, 7005.29) 중 다음 각 호의 어느 하나에 해당하는 것으로 하되, 코팅유리(Coated Glass), 무늬유리(Patterned Glass), 망입유리(Wired Glass), 복층유리(Insulating Glass), 강화유리(Tempered Glass), 접합유리(Laminated Glass), 에칭유리(EtchedGlass), 저철분유리(Low iron Glass) 등 판유리의 효용을 개선하기 위하여 가공한 유리를 제외한다. 1. 맑은 유리(Clear Float Glass) : 두께 4㎜ 초과 13㎜ 미만인 것 2. 색유리 중 그린유리(Green Float Glass) : 두께 4㎜ 초과 13㎜ 미만인 것","덤핑방지관세가 부과되는 물품은 플로트공법으로 생산된 중국산 판유리(관세율표 번호 : 7005.10, 7005.21, 7005.29) 중 다음 각 호의 어느 하나에 해당하는 것으로 하되, 코팅유리(Coated Glass), 무늬유리(Patterned Glass), 망입유리(Wired Glass), 복층유리(Insulating Glass), 강화유리(Tempered Glass), 접합유리(Laminated Glass), 에칭유리(EtchedGlass), 저철분유리(Low iron Glass) 등 판유리의 효용을 개선하기 위하여 가공한 유리를 제외한다. 1. 맑은 유리(Clear Float Glass) : 두께 4㎜ 초과 13㎜ 미만인 것 2. 색유리 중 그린유리(Green Float Glass) : 두께 4㎜ 초과 13㎜ 미만인 것",7005.10;7005.21;7005.29,"제3조(부과대상 공급자) ① 덤핑방지관세가 부과되는 공급자는 제2조에 따른 부과대상물품의 공급자로 한다. ② 제1항에도 불구하고 별표 제1호가목부터 카목까지의 공급자 중 「관세법」 제54조제1항에 따른 가격수정에 관한 약속을 수락한 자는 부과대상물품의 공급자에서 제외하되, 가격수정에 관한 약속을 이행하지 아니하는 경우에는 덤핑방지관세를 부과한다.",,2010-10-28,,"<기획재정부령 제11호, 2008. 4. 17.> 제1조 (시행일) 이 규칙은 공포한 날부터 시행하되, 제3조제2항 외에는 관세법 제53조에 따라 잠정 덤핑방지관세가 부과된 2007년 10월 29일부터 적용한다. 제2조 (유효기간) 이 규칙은 2010년 10월 28일까지 효력을 가진다.",[별표 ] 덤핑방지관세율(제4조 관련),,,,"[별표] 덤핑방지관세율(제4조 관련) 공급국 공급자명 덤핑방지 관세율(%) 중 국 1. 다음 각 목의 차이나글라스그룹(China Glass Holdings Ltd.) 관계사 및 같은 기업의 제품을 수출하는 자 가. Weihai Zhong Bo Technology Co., Ltd. 나. Suqian Huayi Coated Glass Co., Ltd. 다. Beijing Qinchang Glass Co., Ltd. 라. Shaanxi Blue Star Glass Co., Ltd. 마. Huada (Hongkong) International Co., Ltd. 바. Weihai Blue Star Glass Holding Co., Ltd. 사. Weihai Blue Star New Technology Glass Co., Ltd. 아. Jiangsu SHD New Materials Co., Ltd. 자. Weihai Blue Star Super Thin Glass Co., Ltd. 차. Wuhai Blue Star Glass Co., Ltd. 카. Weihai Blue Star Import & Export Co., Ltd. 12.73 2. 다음 각 목의 진징그룹(Jinjing Group Co., Ltd.) 관계사 및 같은 기업의 제품을 수출하는 자 가. Shandong Jinjing Trade Co., Ltd. 나. Shandong Jinjing Science & Technology Stock Co., Ltd. 다. Zibo Zhongqi Building Materials Co., Ltd. 라. Zibo Jinxing Glass Co., Ltd. 마. Tengzhou Jinjing Glass Co., Ltd. 바. Tengzhou Fumin Glass Co., Ltd. 사. Langfang Jinbiao Glass Co., Ltd. 15.22 3. 칭다오판유리(Qingdao Float Glass Co., Ltd.) 및 같은 기업의 제품을 수출하는 자 28.31 4. 칭다오진징(Qingdao Jinjing Stock Co., Ltd.) 및 같은 기업의 제품을 수출하는 자 36.01 5. 야오후아(Qinhuangdao Yaohua Glass Co., Ltd.) 및 같은 기업의 제품을 수출하는 자 21.37 6. 티지창지앙(TG Changjiang Glass Co., Ltd.) 및 같은 기업의 제품을 수출하는 자 29.21 7. 지앙수파룬(Jiangsu Farun Group Co., Ltd.) 및 같은 기업의 제품을 수출하는 자 36.01 8. 그 밖의 공급자 19.06 주) ""그 밖의 공급자""와 제1호부터 제7호까지의 공급자 사이에 「관세법 시행령」 제23조제1항에 따른 특수관계가 있는 경우에는 ""그 밖의 공급자""의 덤핑방지관세율은 그와 특수관계가 있는 제1호부터 제7호까지의 공급자의 덤핑방지관세율을 적용한다."
87059,20080516,관세법 제51조에 따른 중국산 과산화벤조일에 대한 덤핑방지관세 부과에 관한 규칙,중국산과산화벤조일,기획재정부령,제24호,2008-05-16,2008-05-16,제정,4,"제2조(부과대상물품) 덤핑방지관세가 부과되는 물품은 과산화벤조일(관세율표 번호: 2916.32) 중농도 50퍼센트부터 94퍼센트까지의 중국산으로서 수분 외의 물질을 포함하지 아니한 것으로 한다. 다만, 정상적인 제조과정에서 불순물이 첨가되는 경우는 부과대상에 포함한다.",,2916.32,"제3조(부과대상 공급자) ① 덤핑방지관세가 부과되는 공급자는 제2조에 따른 부과대상물품의 공급자로 한다. ② 제1항에도 불구하고 기획재정부장관이 「관세법」 제54조제1항에 따른 가격수정에 관한 약속을 수락한 다음 각 호의 어느 하나에 해당하는 자는 부과대상물품의 공급자에서 제외한다. 다만, 가격수정에 관한 약속을 이행하지 아니하는 경우에는 덤핑방지관세를 부과한다. 1. Tianjin Akzo Nobel Peroxides Co., Ltd. 2. 제1호의 공급자가 법적으로 지배하거나 사실상 지배하고 있는 자",3,,,"<기획재정부령 제24호, 2008. 5. 16.> 제1조 (시행일) 이 규칙은 공포한 날부터 시행한다. 제2조 (유효기간) 이 규칙은 공포한 날부터 3년간 효력을 가진다.",[별표 ] 덤핑방지관세율(제4조 관련),,,,"[별표] 덤핑방지관세율(제4조 관련) 공급국 공급자명 덤핑방지 관세율(%) 중국 1. TianJin Akzo Nobel Peroxides Co., Ltd. 및 동사의 제품을 수출하는 자 9.72 2. Jiangsu Yuanyang Chemical Limited Company 및 동사의 제품을 수출하는 자 0.00 3. 그 밖의 공급자 9.72 주) ""그 밖의 공급자""와 제1호 또는 제2호의 공급자 사이에 「관세법 시행령」 제23조제1항에 따른 특수관계가 있는 경우에는 ""그 밖의 공급자""의 덤핑방지관세율은 그와 특수관계가 있는 제1호 또는 제2호의 공급자의 덤핑방지관세율을 적용한다."
88551,20080825,관세법 제51조에 따른 중국산 아나타제형 이산화티타늄에 대한 덤핑방지관세 부과에 관한 규칙,중국산아나타제형이산화티타늄,기획재정부령,제33호,2008-08-25,2008-08-25,제정,4,제2조(부과대상 물품) 덤핑방지관세가 부과되는 물품은 중국산 아나타제형 이산화티타늄(관세율표 번호：2823.00)으로서 화학식이 TiO2인 아나타제형 이산화티타늄(섬유용은 제외한다)으로 한다.,덤핑방지관세가 부과되는 물품은 중국산 아나타제형 이산화티타늄(관세율표 번호：2823.00)으로서 화학식이 TiO2인 아나타제형 이산화티타늄(섬유용은 제외한다)으로 한다.,2823.00,제3조(부과대상공급자) 덤핑방지관세가 부과되는 공급자는 제2조에 규정된 부과대상물품의 공급자로 한다.,,2011-03-01,,"<기획재정부령 제33호, 2008. 8. 25.> 제1조(시행일) 이 규칙은 공포한 날부터 시행한다. 제2조(유효기간) 이 규칙은 2011년 3월 1일까지 효력을 가진다.",[별표 ] 덤핑방지관세율(제4조 관련),,,,"[별표] 덤핑방지관세율(제4조 관련) 공급국 공급자 덤핑방지 관세율(%) 중 국 Guangxi Pinggui PGMA Co. Ltd. 및 같은 회사의 제품을 수출하는 자 4.86 Zibo Cobalt Industrial Co. Ltd. 및 같은 회사의 제품을 수출하는 자 23.08 Glory International Trading Ltd. 및 같은 회사의 제품을 수출하는 자 Sinochem Jiangsu Imp. & Exp. Co. 및 같은 회사의 제품을 수출하는 자 Zhenjiang Star Group 및 같은 회사의 제품을 수출하는 자 Guangxi Baihe Chemical Co. Ltd. 및 같은 회사의 제품을 수출하는 자 그 밖의 공급자 17.08 주) ""그 밖의 공급자""와 명시된 공급자 사이에 「관세법 시행령」 제23조제1항에 따른 특수관계가 있는 경우에는 ""그 밖의 공급자""의 덤핑방지관세율은 그와 특수관계가 있는 명시된 공급자의 덤핑방지관세율을 적용한다."
88552,20080825,관세법 제51조에 따른 중국·일본 및 싱가포르산 초산에틸에 대한 덤핑방지관세 부과에 관한 규칙,중국·일본및싱가포르산초산에틸,기획재정부령,제34호,2008-08-25,2008-08-25,제정,4,"제2조(부과대상 물품) 덤핑방지관세가 부과되는 물품은 중국ㆍ일본 및 싱가포르산 초산에틸(Ethyl Acetate, 관세율표 번호：2915.31)로 한다.",,2915.31,제3조(부과대상 공급자) 덤핑방지관세가 부과되는 공급자는 제2조에 따른 부과대상물품의 공급자로 한다.,3,,,"<기획재정부령 제34호, 2008. 8. 25.> 제1조(시행일) 이 규칙은 공포한 날부터 시행한다. 제2조(유효기간) 이 규칙은 공포일부터 3년간 효력을 가진다.",[별표 ] 덤핑방지관세율(제4조 관련),,,,"[별표] 덤핑방지관세율(제4조 관련) 공급국 공 급 자 명 덤핑방지 관세율(%) 중 국 Jiangsu Sopo Corporation Ltd. 및 같은 회사의 제품을 수출하는 자 5.81 Shanghai Wujing Chemical Co. Ltd. 및 같은 회사의 제품을 수출하는 자 6.88 Shandong Jinyimeng Group Ltd. 및 같은 회사의 제품을 수출하는 자 7.46 그 밖의 공급자 6.36 싱가포르 모든 공급자 14.03 일 본 모든 공급자 14.17 주) ""그 밖의 공급자""와 명시된 공급자 사이에 「관세법 시행령」 제23조제1항에 따른 특수관계가 있는 경우에는 ""그 밖의 공급자""의 덤핑방지관세율은 그와 특수관계가 있는 명시된 공급자의 덤핑방지관세율을 적용한다."
89449,20081027,중국 및 인도산 폴리에틸렌 테레프탈레이트(PET) 필름에 대한 덤핑방지관세의 부과에 관한 규칙,중국및인도산폴리에틸렌테레프탈레이트(PET)필름,기획재정부령,제37호,2008-10-27,2008-10-27,제정,4,"제2조(부과대상 물품) 덤핑방지관세가 부과되는 물품은 중국 및 인도산 폴리에틸렌 테레프탈레이트(Polyethylene terephthalate, PET) 필름(관세율표 번호: 3920.62, 3920.69)으로 한다. 다만, 별표 1에 따른 물품은 제외한다.","다만, 별표 1에 따른 물품은 제외한다.",3920.62;3920.69,제3조(부과대상 공급자) 덤핑방지관세가 부과되는 공급자는 제2조에 따른 부과대상 물품의 공급자로 한다.,,2011-10-26,,"<기획재정부령 제37호, 2008. 10. 27.> 제1조(시행일) 이 규칙은 2008년 10월 27일부터 시행한다. 제2조(유효기간) 이 규칙은 2011년 10월 26일까지 효력을 가진다.",[별표 1] 덤핑방지관세 부과대상 제외물품(제2조 관련) | [별표 2] 덤핑방지관세율(제4조 관련),Y,"[별표 1] 덤핑방지관세 부과대상 제외물품(제2조 관련) 1. 두께가 9㎛ 미만으로서 증착되지 않은 폴리에틸렌 테레프탈레이트 필름 2. 비냉매용 모터 절연용(絶緣用)으로 사용되는 두께 125㎛ 이상인 흰색의 폴리에틸렌 테레프탈레이트 필름 가. 규격 미국 Underwriters Laboratory Inc.가 지정한 시험방식에 따라 측정한 전기적 및 기계적 내열성(Relative Thermal Index, RTI)이 각각 섭씨 105도 이상이고 흐림도(Haze)가 70퍼센트 이상일 것 나. 모델명 Garfilm EM6(인도 Garware Polyester Limited 제품), J-470(인도 Jindal Polyfilms Limited 제품) 등으로 가목의 규격에 해당하는 것 3. 냉매용 모터 절연용으로 사용되는 두께 125㎛ 이상인 흰색의 폴리에틸렌 테레프탈레이트 필름 가. 규격 미국 Underwriters Laboratory Inc.가 지정한 시험방식에 따라 측정한 전기적 및 기계적 내열성(Relative Thermal Index, RTI)이 각각 섭씨 140도, 125도 이상이고 소중합체(Oligomer) 추출비율이 0.65퍼센트 이하이며 흐림도(Haze)가 75퍼센트 이상일 것 나. 모델명 Garfilm EM6-L.O.(인도 Garware Polyester Limited 제품) 등으로 가목의 규격에 해당하는 것",,"[별표 2] 덤핑방지관세율(제4조 관련) 공급국 공 급 자 덤핑방지 관세율(%) 중 국 푸웨이(Fuwei Films Shandong Co., Ltd.) 및 같은 회사의 제품을 수출하는 자 5.67 천진완화(Tianjin Wanhua Co., Ltd.) 및 같은 회사의 제품을 수출하는 자 8.93 산토우(Shantou Soe First Polyester Films Co., Ltd.) 및 같은 회사의 제품을 수출하는 자 15.95 이화도레이(Yihua Toray Polyester Film Co., Ltd.) 및 같은 회사의 제품을 수출하는 자 25.32 장수중다(Jiansu Zhongda New Materials International Co., Ltd.) 및 같은 회사의 제품을 수출하는 자 25.32 저장우밍(Zhejiang Wuming Trading Co., Ltd.) 및 같은 회사의 제품을 수출하는 자 25.32 그 밖의 공급자 23.61 인 도 가웨어(Garware Polyester Limited) 및 같은 회사의 제품을 수출하는 자 10.43 진달(Jindal Poly Films Limited) 및 같은 회사의 제품을 수출하는 자 25.32 그 밖의 공급자 10.43 주) ""그 밖의 공급자""와 명시된 공급자 사이에 「관세법 시행령」 제23조제1항에 따른 특수관계가 있는 경우에는 ""그 밖의 공급자""의 덤핑방지관세율은 그와 특수관계가 있는 명시된 공급자의 덤핑방지관세율을 적용한다."
89450,20081027,러시아·미국·인도네시아·중국 및 캐나다산 크라프트지에 대한 덤핑방지관세 부과에 관한 규칙,러시아·미국·인도네시아·중국및캐나다산크라프트지,기획재정부령,제38호,2008-10-27,2008-10-27,제정,4,"제2조(부과대상 물품) 덤핑방지관세가 부과되는 물품은 러시아ㆍ미국ㆍ인도네시아ㆍ중국 및 캐나다산 크라프트지(관세율표 번호: 4804.21, 4804.29)로서 1제곱미터당 중량이 50그램 이상 150그램 이하인 제품으로 한다. 다만, 한국산업규격(KS M ISO) 1924-2에 따라 측정한 인장 파괴 신장률이 세로 6.2퍼센트 이상이며 가로 5.5퍼센트 이상인 크라프트지는 제외한다.","다만, 한국산업규격(KS M ISO) 1924-2에 따라 측정한 인장 파괴 신장률이 세로 6.2퍼센트 이상이며 가로 5.5퍼센트 이상인 크라프트지는 제외한다.",4804.21;4804.29,제3조(부과대상 공급자) 덤핑방지관세가 부과되는 공급자는 제2조에 따른 부과대상 물품의 공급자로 한다.,,2011-10-26,,"<기획재정부령 제38호, 2008. 10. 27.> 제1조(시행일) 이 규칙은 2008년 10월 27일부터 시행한다. 제2조(유효기간) 이 규칙은 2011년 10월 26일까지 효력을 가진다.",[별표 ] 덤핑방지관세율(제4조 관련),,,,"[별표] 덤핑방지관세율(제4조 관련) 공급국 공 급 자 덤핑방지 관세율(%) 러시아 모든 공급자 10.79 미 국 모든 공급자 10.79 인도네시아 모든 공급자 10.79 중 국 타이거포레스트(Tiger forest and Paper Group Co., Ltd.) 및 같은 회사의 제품을 수출하는 자 4.03 티옌진티옌빠오(Tianjin Tianbao Century Development Co., Ltd.) 및 같은 회사의 제품을 수출하는 자 10.79 칭따오하이왕(Qingdao Haiwang Paper Property Share Co., Ltd.) 및 같은 회사의 제품을 수출하는 자 10.79 그 밖의 공급자 7.22 캐나다 모든 공급자 10.79 주) ""그 밖의 공급자""와 명시된 공급자 사이에 「관세법 시행령」 제23조제1항에 따른 특수관계가 있는 경우 ""그 밖의 공급자""의 덤핑방지관세율은 그와 특수관계가 있는 명시된 공급자의 덤핑방지관세율을 적용한다."
90269,20081223,중국산 도자기질 타일에 대한 덤핑방지관세의 부과에 관한 규칙,중국산도자기질타일,기획재정부령,제40호,2008-12-23,2008-12-23,일부개정,4,"제2조(부과대상물품) 덤핑방지관세가 부과되는 물품은 중국산 도자기질 타일(관세율표번호 : 6907.90.1000, 6907.90.9000, 6908.90.1000, 6908.90.9000, 6901.00.3000)로서 가로 및 세로의 길이가 70밀리미터 이상 1천 3백밀리미터 이하인 사각형태의 것을 말한다.",,6907.90.1000;6907.90.9000;6908.90.1000;6908.90.9000;6901.00.3000,제3조(부과대상공급자) 덤핑방지관세가 부과되는 공급자는 제2조에 따른 부과대상물품의 공급자로 한다.,,2010-12-29,,"<재정경제부령 제509호, 2006. 5. 30.> ①(시행일) 이 규칙은 공포한 날부터 시행하되, 잠정덤핑방지관세의 부과일인 2005년 12월 30일부터 적용한다. ②(유효기간) 이 규칙은 2010년 12월 29일까지 효력을 가진다. <기획재정부령 제40호, 2008. 12. 23.> 이 규칙은 공포한 날부터 시행한다.",[별표 ] 덤핑방지관세율(제4조 관련),,,,"[별표] <개정 2008.12.23> 덤핑방지관세율(제4조 관련) 공급국 공 급 자 덤핑방지 관세율(%) 1. 상원(Foshan Chancheng Shangyuan Oulian Construction Ceramic Limited) 및 그 회사의 제품을 수출하는 자 7.49 중 국 2. 다음 각 목의 회사 및 그 회사의 제품을 수출하는 자 가. New Zhong Yuan Ceramics Co., Ltd. Of Guangdong 나. Foshan New Zhongyuan Ceramics Co., Ltd. 다. Heyuan Wanfeng Ceramics Co., Ltd. 라. Qingyuan Southern Building Materials and Sanitary Ware Co., Ltd. 마. Sichuan New Zhongyuan Ceramics Co., Ltd. 바. Sichuan Xin Yuezhong Ceramics Co., Ltd. 사. New Zhong Yuan Ceramics Import & Export Co., Ltd. of Guangdong 아. Foshan San De Bo Ceramics Co., Ltd. 자. Foshan Lungo Ceramics Co., Ltd. 4.64 3. 허메이(Foshan Hemei Ceramics Co., Ltd.) 및 그 회사의 제 품을 수출하는 자 7.21 4. 샹시(Foshan Shuangxi Ceramics Co., Ltd.) 및 그 회사의 제 품을 수출하는 자 4.21 5. 다음 각 목의 회사의 제품을 수출하는 자[신종웨이(Foshan Xinzhongwei Economic and Trade Co., Ltd.)에 한한다] 가. Guangdong Foshan Shitao Ceramic Tiles Co., Ltd. 나. Nanhai Chongfa Ceramics Enterprise Co., Ltd. 다. Foshan Sanshui New Silver Eagle Ceramics Co., Ltd. 라. Foshan Gaoming Yaju Ceramics Co., Ltd. 마. Foshan City Nanhai Shishan Jinjue Ceramics Co., Ltd. 바. Wonderful Ceramic Industrial Park (Dongguan) 사. Forsan City Huaxinda Ceramics Co., Ltd. 아. Guangdong Dongpeng Ceramic Co., Ltd. 자. Guangdong Wuhua Huihua Ceramics Co., Ltd. 차. Foshan Migelan Building Materials Co., Ltd. 7.21 6. 하오홍(Foshan Haohong Ceramics Ltd.) 및 그 회사의 제품 을 수출하는 자 2.76 7. 광동홍토우(Guangdong Winto Ceramics Co., Ltd.) 및 그 회 사의 제품을 수출하는 자 3.97 8. 시완이글(Foshan Shiwan Eagle Brand Ceramics Co., Ltd.) 및 그 회사의 제품을 수출하는 자 3.51 9. 상해 ASA(Sanghai ASA Ceramics Co., Ltd.) 및 그 회사의 제품을 수출하는 자 29.41 10. 달리안(Dalian Zheng Ren Trading Co., Ltd.) 및 그 회사의 제품을 수출하는 자 11. 광동난하이(Guangdong Nanhai Light Industrial products Imp & Exp Co., Ltd.) 및 그 회사의 제품을 수출하는 자 12. 메디컬이큅먼트(China National Medical Equipment & Supplies Imp & Exp Corp.) 및 그 회사의 제품을 수출하는 자 13. 지보케이티세라믹(Zibo KT Ceramic Co.,LTD.) 및 그 회사 의 제품을 수출하는 자 0 14. 그 밖의 공급자 13.33"
91263,20090121,대만 및 중국산 폴리에스터 장섬유 부분연신사에 대한 덤핑방지관세의 부과에 관한 규칙,대만및중국산폴리에스터장섬유부분연신사,기획재정부령,제52호,2009-01-21,2009-01-21,제정,4,제2조(부과대상 물품) 덤핑방지관세가 부과되는 물품은 대만 및 중국산 폴리에스터 장섬유 부분연신사(관세율표 번호: 5402.46)로 한다.,,5402.46,제3조(부과대상 공급자) 덤핑방지관세가 부과되는 공급자는 제2조에 따른 부과대상 물품의 공급자로 한다.,3,,,"<기획재정부령 제52호, 2009. 1. 21.> 제1조(시행일) 이 규칙은 공포한 날부터 시행한다. 제2조(유효기간) 이 규칙은 공포한 날부터 3년간 효력을 가진다.",[별표 ] 덤핑방지관세율(제4조 관련),,,,"[별표] 덤핑방지관세율(제4조 관련) 공급국 공 급 자 덤핑방지 관세율 (%) 대만 1. Shinkong Synthetic Fibers Corporation 및 그 회사의 제품을 수출하는 자 2.97 2. 다음 각 목의 회사 및 그 회사의 제품을 수출하는 자 가. China Man Made Fiber Corp. 나. Far Eastern Textile 다. Nan Ya Plastics Corp. 라. Tainan Spinning Co. Ltd. 마. Jwu An Co. Ltd. 바. Chia Hsin Food & Synthetic Fiber Co. Ltd. 6.26 3. 그 밖의 공급자 6.26 중국 1. 다음 각 목의 회사 및 그 회사의 제품을 수출하는 자 가. Qingdao Kohap Co. Ltd. 나. Shaoxing Binhai Petro Chem Group Co., Ltd. 다. Shaoxing Yifeng Fancy Yarn Co., Ltd. 라. Tongxiang Zhongxin Chemical Fiber Co., Ltd. 마. Hangzhou Hongshan Chemical Fiber Co. Ltd. 바. Hangzhou Top Polyester Co. Ltd. 6.26 2. Hyosung Chemical Fiber Jiaxing Co. Ltd. 및 그 회사의 제품을 수출하는 자 - 3. 그 밖의 공급자 6.26 주) ""그 밖의 공급자""와 명시된 공급자 사이에 「관세법 시행령」 제23조제1항에 따른 특수관계가 있는 경우 ""그 밖의 공급자""의 덤핑방지관세율은 그와 특수관계가 있는 명시된 공급자의 덤핑방지관세율을 적용한다."
92843,20090424,태국 및 말레이시아산 파티클보드에 대한 덤핑방지관세의 부과에 관한 규칙,태국및말레이시아산파티클보드,기획재정부령,제75호,2009-04-24,2009-04-24,제정,4,제2조(부과대상 물품) 덤핑방지관세가 부과되는 물품은 태국 및 말레이시아산 파티클보드(관세ㆍ통계통합품목분류표 번호: 4410.11.1000)로 한다.,,4410.11.1000,제3조(부과대상 공급자) 덤핑방지관세가 부과되는 공급자는 제2조에 따른 부과대상 물품의 공급자로 한다.,3,,,"<기획재정부령 제75호, 2009. 4. 24.> 제1조(시행일) 이 규칙은 공포한 날부터 시행한다. 제2조(유효기간) 이 규칙은 공포한 날부터 3년간 효력을 가진다.",,,,,
102418,20100129,미국ㆍ인도ㆍ중국 및 캐나다산 염화콜린에 대한 덤핑방지관세 부과에 관한 규칙,미국·인도·중국및캐나다산염화콜린,기획재정부령,제127호,2010-01-29,2010-01-29,제정,4,"제2조(부과대상 물품) 덤핑방지관세가 부과되는 물품은 미국ㆍ인도ㆍ중국 및 캐나다산 염화콜린(관세ㆍ통계통합품목분류표 번호: 제2309.90.2099호 중 콜린의 염, 제2309.90.3020호 중 콜린의 염, 제2309.90.9000호 중 콜린의 염, 제2923.10.2000호)으로 한다.",,2309.90.2099;2309.90.3020;2309.90.9000;2923.10.2000,제3조(부과대상 공급자) 덤핑방지관세가 부과되는 공급자는 제2조에 따른 부과대상 물품의 공급자로 한다.,3,,,"<기획재정부령 제127호, 2010. 1. 29.> 제1조(시행일) 이 규칙은 공포한 날부터 시행한다. 제2조(유효기간) 이 규칙은 공포한 날부터 3년간 효력을 가진다. 제3조(적용례) 이 규칙은 이 규칙 시행 후 최초로 수입신고되는 물품부터 적용한다.",[별표 ] 덤핑방지관세율(제4조 관련),,,,"[별표] 덤핑방지관세율(제4조 관련) 공급국 공급자 덤핑방지 관세율(%) 미국 모든 공급자 22.19 인도 모든 공급자 22.19 중국 1. Taminco Choline Chloride Shanghai Co., Ltd. 및 그 회사의 제품을 수출하는 자 10.28 2. 다음 각 목의 회사 및 그 회사의 제품을 수출하는 자 가. Yixing Akzo Novel Sanyuan Chemicals Co., Ltd. 나. Jiangsu Sainty Intl. Group Co., Ltd. 다. Synchem International Co., Ltd. 라. Helen Qingdao FTZ Co., Ltd. 27.55 3. 다음 각 목의 회사 및 그 회사의 제품을 수출하는 자 가. N.B Group 나. BE LONG Corp 다. Hebei Kangdali Pharmaceutical Co., Ltd. 25.81 4. 그 밖의 공급자 캐나다 모든 공급자 26.88 주) “그 밖의 공급자”와 명시된 공급자 사이에 「관세법 시행령」 제23조제1항에 따른 특수관계가 있는 경우 “그 밖의 공급자”의 덤핑방지관세율은 그와 특수관계가 있는 명시된 공급자의 덤핑방지관세율을 적용한다."
102831,20100224,일본ㆍ인도 및 스페인산 스테인리스 스틸바에 대한 덤핑방지관세 부과에 관한 규칙,일본·인도및스페인산스테인리스스틸바,기획재정부령,제129호,2010-02-24,2010-02-24,제정,4,"제2조(부과대상 물품) 덤핑방지관세가 부과되는 물품은 일본ㆍ인도 및 스페인산 스테인리스 스틸바(관세ㆍ통계통합품목분류표 번호: 제7222.11.0000호, 제7222.19.0000호, 제7222.20.0000호, 제7222.30.0000호) 중 다음 각 호의 어느 하나에 해당하는 것으로 한다. 다만, 별표 1에 규정된 물품은 제외한다. 1. 중공(中空)이 없는 원형강(Round Bar): 지름이 600㎜ 이하인 것 2. 각강(Square Bar): 대변거리가 4.5㎜ 이상 40㎜ 이하인 것 3. 육각강(Hexagonal Bar): 대변거리가 5㎜ 이상 40㎜ 이하인 것 4. 평강(Flat Bar) 중 다음 각 목의 어느 하나에 해당하는 것 가. 두께가 9㎜ 이상 13㎜ 이하이고 너비가 15㎜ 이상 100㎜ 이하인 것 나. 두께가 13㎜ 이상 20㎜ 이하이고 너비가 15㎜ 이상 150㎜ 이하인 것 다. 두께가 25㎜ 이상 150㎜ 이하이고 너비가 150㎜ 이상 600㎜ 이하인 것. 다만, 두께가 100㎜ 초과 150㎜ 이하이고 너비가 150㎜ 이상 210㎜ 이하인 것은 제외한다.","다만, 별표 1에 규정된 물품은 제외한다. 1. 중공(中空)이 없는 원형강(Round Bar): 지름이 600㎜ 이하인 것 2. 각강(Square Bar): 대변거리가 4.5㎜ 이상 40㎜ 이하인 것 3. 육각강(Hexagonal Bar): 대변거리가 5㎜ 이상 40㎜ 이하인 것 4. 평강(Flat Bar) 중 다음 각 목의 어느 하나에 해당하는 것 가. 두께가 9㎜ 이상 13㎜ 이하이고 너비가 15㎜ 이상 100㎜ 이하인 것 나. 두께가 13㎜ 이상 20㎜ 이하이고 너비가 15㎜ 이상 150㎜ 이하인 것 다. 두께가 25㎜ 이상 150㎜ 이하이고 너비가 150㎜ 이상 600㎜ 이하인 것. 다만, 두께가 100㎜ 초과 150㎜ 이하이고 너비가 150㎜ 이상 210㎜ 이하인 것은 제외한다.",7222.11.0000;7222.19.0000;7222.20.0000;7222.30.0000,"제3조(부과대상 공급자) ① 덤핑방지관세가 부과되는 공급자는 제2조에 따른 부과대상 물품의 공급자로 한다. ② 제1항에도 불구하고 「관세법」 제54조제1항에 따른 수출가격 인상약속을 수락한 다음 각 호의 어느 하나에 해당하는 자는 부과대상 공급자에서 제외하되, 수출가격 인상약속을 이행하지 아니하는 경우에는 덤핑방지관세를 부과한다. 1. 일본 산요특수제강주식회사(Sanyo Special Steel Co., Ltd.) 2. 제1호의 공급자가 법적으로 지배하고 있거나 사실상 지배하고 있는 자 3. 제1호와 제2호의 공급자가 우리나라에 대한 수출을 위탁한 자",3,,,"<기획재정부령 제129호, 2010. 2. 24.> 제1조(시행일) 이 규칙은 공포한 날부터 시행한다. 제2조(유효기간) 이 규칙은 공포한 날부터 3년간 효력을 가진다. 제3조(적용례) 이 규칙은 이 규칙 시행 후 최초로 수입신고되는 물품부터 적용한다.",[별표 1] 덤핑방지관세 부과대상에서 제외되는 물품(제2조 단서 관련) | [별표 2] 덤핑방지관세율(제4조 관련),Y,"[별표 1] 덤핑방지관세 부과대상에서 제외되는 물품(제2조 단서 관련) 1. 내열강 JIS의 SUH1/1HT, SUH3/3HT, SUH11/11HT, SUH35, 21-2N, 21-12N(SUH37), 23-8N, 21-4NNbW 규격인 것 2. 니켈합금강 및 전자스테인리스강(Electromagnetic stainless steel) 3. LNG선박 건조용 스테인리스스틸 평강(SUS304)으로서 규격[두께(㎜)×너비(㎜)×길이(㎜)]이 12×55×6,000, 16×55×6,000인 것 4. 합성섬유방사 노즐용으로서 원형강(SUS-630KN) 중 그 경도가 HRC 34～38이고 지름이 30㎜ 이상 600㎜ 이하인 것과 사각강(SUS-630KN) 중 그 경도가 HRC 35～40인 것 5. 다음 각 목의 어느 하나에 해당하는 것 가. 관이음쇠 및 유압용 육각강(SUS316) 중 그 경도가 HRC 21∼23이고, 허용공차가 H11이며, 대변거리(단위: ㎜)가 7.9, 9.5, 11.1, 12.0, 12.7, 14.0, 14.2, 15.0, 15.8, 16.0, 17.0, 17.4, 18.0, 19.1, 20.6, 22.0, 22.2, 23.8, 24.0, 25.0, 25.4, 26.9, 28.5, 30.0, 31.7, 32.0, 33.3, 34.9, 36.0 또는 38.1인 것 나. 스테인리스스틸 원형강(SUS316) 중 그 경도가 HRC 24∼28이고, 허용공차가 H9이며, 지름(단위: ㎜)이 6.0, 10.0, 12.0, 13.0, 14.0, 16.0, 18.0, 20.0, 23.0, 26.0, 29.0, 30.0, 32.0, 35.0, 40.0, 42.0 또는 50.8인 것 6. 가솔린 자동차 연료펌프모터 샤프트(Shaft)용 원형강(SUS440C)으로서 지름 5.1㎜, 길이 2,000㎜, 직경공차 ±0.02㎜ 이내, 진직도 ±0.018㎜ 이내, 진원도 0.012㎜ 이내, 표면거칠기 3.2z 이내 및 표면경도 HRB96(Max)인 것 7. 자동차 연료조절기밸브용 원형강(SUS420F)으로서 규격[지름(㎜)×길이(㎜)]이 7.1(＋0.05/－0)×2,500(＋30/－0) 또는 11.5(＋0.05/－0)×2,500(＋30/－0)인 것 8. 자동차 및 유공압 솔레노이드밸브용 쾌삭스테인리스 스틸바 원형강(ASK3200)으로서 지름이 8㎜ 이하인 것 9. 전자부품 가공용 쾌삭스테인리스 스틸바 원형강(ASK3000U)으로서 지름이 1㎜ 이상 4㎜ 이하인 것",,"[별표 2] 덤핑방지관세율(제4조 관련) 공급국 공급자 덤핑방지 관세율(%) 일본 모든 공급자 15.39 인도 비라즈 프로파일즈 리미티드(Viraj Profiles Ltd.) 및 그 회사의 제품을 수출하는 자 3.33 그 밖의 공급자 15.39 스페인 모든 공급자 15.39 주) ""그 밖의 공급자""와 명시된 공급자 사이에 「관세법 시행령」 제23조제1항에 따른 특수관계가 있는 경우 ""그 밖의 공급자""의 덤핑방지관세율은 그와 특수관계가 있는 명시된 공급자의 덤핑방지관세율을 적용한다."
105272,20100518,중국·대만 및 말레이시아산 폴리에스테르 장섬유 연신가공사에 대한 덤핑방지관세 부과에 관한 규칙,중국·대만및말레이시아산폴리에스테르장섬유연신가공사,기획재정부령,제604호,2010-05-18,2010-05-18,제정,4,"제2조(부과대상 물품) 덤핑방지관세가 부과되는 물품은 중국ㆍ대만 및 말레이시아산 폴리에스테르 장섬유 연신가공사(Polyester Filament Draw Textured Yarn, 관세ㆍ통계통합품목분류표 번호: 제5402.33.9000호)로 한다. 다만, 별표 1에 규정된 물품은 제외한다.","다만, 별표 1에 규정된 물품은 제외한다.",5402.33.9000,"제3조(부과대상 공급자) ① 덤핑방지관세가 부과되는 공급자는 제2조에 따른 부과대상 물품의 공급자로 한다. ② 제1항에도 불구하고 「관세법」 제54조제1항에 따른 수출가격 인상약속을 수락한 다음 각 호의 어느 하나에 해당하는 자는 부과대상 공급자에서 제외하되, 수출가격 인상약속을 이행하지 아니하는 경우에는 덤핑방지관세를 부과한다. 1. 중국 헹리(Jiangsu Hengli Chemical Fibre Co., Ltd.) 2. 제1호의 공급자가 법적으로 지배하고 있거나 사실상 지배하고 있는 자 3. 제1호의 공급자가 우리나라에 대한 수출을 위탁한 자",3,,,"<기획재정부령 제604호, 2010. 5. 18.> 제1조(시행일) 이 규칙은 공포한 날부터 시행한다. 제2조(유효기간) 이 규칙은 공포한 날부터 3년간 효력을 가진다. 제3조(적용례) 이 규칙은 이 규칙 시행 후 최초로 수입신고되는 물품부터 적용한다.",[별표 1] 덤핑방지관세 부과대상에서 제외되는 물품(제2조 단서 관련) | [별표 2] 덤핑방지관세율(제4조 관련),Y,"[ 별표 1] 덤핑방지관세 부과대상에서 제외되는 물품( 제2 조 단서 관련) 1. 폴리에스테르를 나일론 등 다른 섬유와 복합방사한 물품 2. 폴리에스테르 장섬유 연신가공사를 종류가 다른 원사와 공기( 空氣 ) 로 접착시킨 물품 3. 양이온 염색 가능 폴리에스테르 장섬유 연신가공사(Cationic Dyeable Polyester Filament Draw Textured Yarn) 가. 정의 섬유 내부에 다양한 양의 코모노머(Comonomer) 를 함유한 폴리 에스테르 장섬유 연신가공사로서 다음의 어느 하나에 해당하는 것 1) 5-sodium Sulfo Dimethyl Isophthalate(DMS) 를 1.3mol% 함 유한 Cationic Dyeable Polyester Chip 으로만 생산된 것 2) Cationic Dyeable Polyester Chip 과 일반 폴리에스테르칩을 다양한 비율로 혼합한 경우에는 중량기준으로 Cationic Dyeable Polyester Chip 이 1% 이상 포함된 것 나. 모델 양이온 염색 가능 폴리에스테르 장섬유 연신가공사 100% 로 이 루어지고, 단면이 원형(Round Cross-Section Group) 인 것 중 51D/36F, 51D/72F, 75D/72F/2, 75D/36F, 150D/96F/2 또는 150D/144F/2 인 것 ※ D: 실의 굵기(denier), F: 필라멘트(Filament)의 수, 2: 실타래 2개 4. Dope Dyed Black 폴리에스테르 장섬유 연신가공사 가. 정의 방사과정에서 카본블랙을 혼합한 Black Dope Dyed Polyester POY( 폴리에스테르 장섬유 부분연신사) 를 가연하여 생산된 폴리 에스테르 장섬유 연신가공사 나. 모델 50D/72F, 75D/36F, 100D/36F 또는 300D/96F 인 것 ※ D: 실의 굵기(denier), F: 필라멘트(Filament)의 수 5. Bamboo Charcoal 폴리에스테르 장섬유 연신가공사 가. 정의 중합과정에서 bamboo charcoal 성분의 나노물질이 첨가된 것 으로서 중량기준으로 bamboo charcoal 성분이 0.02% 이상 포 함된 것 나. 모델 가목에 해당하는 모든 것 6. 습도조절(Moisture Management 또는 Cool and Dry) 폴리에스테 르 장섬유 연신가공사 가. 정의 다음의 어느 하나에 해당하는 것 1) 내부의 수분을 외부로 방출하기 위하여 통로의 역할을 하는 ""X"", ""Y"", ""C"", 파도(wave), 중공( 中空 ) 형태 또는 이들을 혼합한 다양한 형태의 단면을 가진 것 2) 중합과정에서 옥( 玉 ) 파우더와 같은 냉각효과를 갖는 미네랄 파우더를 중량의 0.5% 이상 첨가한 것 3) 1) 과 2) 를 혼합하여 생산된 것 나. 모델 가목에 해당하는 모든 것 7. 원적외선(Far-infrared) 폴리에스테르 장섬유 연신가공사 가. 정의 중합과정에서 크기가 70 ㎚～ 100 ㎚인 이산화규소(SiO2 ) 나노 파 우더가 중량의 0.5% 이상 혼합되고, 방사과정에서 원적외선 공 정을 거쳐 생산된 것 나. 모델 가목에 해당하는 모든 것 8. Polyester Trilobal Bright 폴리에스테르 장섬유 연신가공사 가. 정의 테레프탈산(TPA) 과 모노에틸렌글리콜(MEG) 의 중합과정에서 이 산화티타늄(TiO2 ) 을 첨가하지 아니한 것으로서 방사과정에서 삼 각단면 노즐을 사용하여 섬유의 단면이 삼각형인 Polyester TBR POY 를 연신 ㆍ가연하여 생산한 제품으로 광택(Luster) 이 Bright 급 이고 단면이 삼각형인 것 나. 모델 가목에 해당하는 모든 것",,"[ 별표 2] 덤핑방지관세율( 제4 조 관련) 공급국 공 급 자 덤핑방지 관세율(%) 중 국 헹리(Jiangsu Hengli Chemical Fibre Co., Ltd.) 및 그 회사의 물품을 수출하는 자 2.93 쉥홍(Jiangsu Shenghong Chemical Fiber Co., Ltd) 및 그 회사의 물품을 수출하는 자 3.36 효성지아싱[Hyosung Chemical Fiber(Jiaxing) Co., Ltd.] 및 그 회사의 물품을 수출하는 자 8.69 유안동(Zhejiang Yuandong New Polyester Co., Ltd.) 및 그 회사의 물품을 수출하는 자 8.69 롱쉥(Rongsheng Chemical Fibre Group) 및 그 회사의 물품을 수출하는 자 8.69 하이신(Shanghai Haixin Chemical Fiber Co., Ltd.) 및 그 회사의 물품을 수출하는 자 8.69 그 밖의 공급자 8.69 대 만 신콩(Shinkong Synthetic Fibers Corparation) 및 그 회사의 물품을 수출하는 자 2.84 릴리(Lealea Enterprise Co., Ltd) 및 그 회사 의 물품을 수출하는 자 2.39 난야(Nan Ya Plastics Corporation) 및 그 회 사의 물품을 수출하는 자 2.37 직셍(Zig Sheng Industrial Co., Ltd) 및 그 회 사의 물품을 수출하는 자 7.35 란파(Lan Fa Textile Co., Ltd) 및 그 회사의 물품을 수출하는 자 7.35 튠텍스(Tuntex Distinct Corporation) 및 그 회 사의 물품을 수출하는 자 7.35 후알롱(Hualon Corporation) 및 그 회사의 물 품을 수출하는 자 7.35 그 밖의 공급자 7.35 말레이시아 레크론[Recron (M) Sdn., Bhd] 및 그 회사의 물품을 수출하는 자 5.59 그 밖의 공급자 5.59 주) "" 그 밖의 공급자"" 와 명시된 공급자 사이에 「관세법 시행령 」 제23 조 제1 항에 따른 특수관계가 있는 경우 "" 그 밖의 공급자"" 의 덤핑방지관세율 은 그와 특수관계가 있는 명시된 공급자의 덤핑방지관세율을 적용한다."
107054,20100806,중국산 차아황산소다에 대한 덤핑방지관세 부과에 관한 규칙,중국산차아황산소다,기획재정부령,제164호,2010-08-06,2010-08-06,제정,4,제2조(부과대상 물품) 덤핑방지관세가 부과되는 물품은 중국산 차아황산소다(관세ㆍ통계통합품목분류표 번호: 제2831.10.1000호)로 한다.,,2831.10.1000,제3조(부과대상 공급자) 덤핑방지관세가 부과되는 공급자는 제2조에 따른 부과대상 물품의 공급자로 한다.,2,,,"<기획재정부령 제164호, 2010. 8. 6.> 제1조(시행일) 이 규칙은 공포한 날부터 시행한다. 제2조(유효기간) 이 규칙은 공포한 날부터 2년간 효력을 가진다. 제3조(적용례) 이 규칙은 이 규칙 시행 후 최초로 수입신고되는 물품부터 적용한다.",[별표 ] 덤핑방지관세율(제4조 관련),,,,"[별표] 덤핑방지관세율(제4조 관련) 공급국 공 급 자 덤핑방지 관세율(%) 중 국 1. 중성화공(Guangdong Zhongcheng Chemicals Co., Ltd.) 및 그 회사의 물품을 수출하는 자 12.25 2. 산동진해(Shandong Jinhe Industrial Co., Ltd.) 및 그 회사의 물품을 수출하는 자 36.18 3. 그 밖의 공급자 14.42 주) ""그 밖의 공급자""와 명시된 공급자 사이에 「관세법 시행령」 제23조제1항에 따른 특수관계가 있는 경우 ""그 밖의 공급자""의 덤핑방지관세율은 그와 특수관계가 있는 명시된 공급자의 덤핑방지관세율을 적용한다."
110423,20110201,말레이시아산 합판에 대한 덤핑방지관세 부과에 관한 규칙,말레이시아산합판,기획재정부령,제186호,2011-02-01,2011-02-01,제정,4,제2조(부과대상 물품) 덤핑방지관세가 부과되는 물품은 말레이시아산 합판(관세ㆍ통계통합품목분류표 번호: 제4412.31호 또는 제4412.32호) 중 두께가 6밀리미터(㎜) 이상인 것으로 한다.,,4412.31;4412.32,제3조(부과대상 공급자) 덤핑방지관세가 부과되는 공급자는 제2조에 따른 부과대상 물품의 공급자로 한다.,3,,,"<기획재정부령 제186호, 2011. 2. 1.> 제1조(시행일) 이 규칙은 공포한 날부터 시행한다. 제2조(유효기간) 이 규칙은 공포한 날부터 3년간 효력을 가진다. 제3조(적용례) 이 규칙은 이 규칙 시행 후 최초로 수입신고되는 물품부터 적용한다.",[별표 ] 덤핑방지관세율(제4조 관련),,,,"[ 별표] 덤핑방지관세율( 제4 조 관련) 공급국 공 급 자 덤핑방지 관세율(%) 말레이시아 신양(Shin Yang Plywood SDN BHD) 및 그 회사의 물품을 수출하는 자 9.75 포레스컴(Forescom Plywood SDN BHD) 및 그 회사의 물품을 수출하는 자 9.75 메나완(Menawan Wood SDN BHD) 및 그 회 사의 물품을 수출하는 자 9.75 신양빈툴루(Shin Yang Plywood Bintulu SDN BHD) 및 그 회사의 물품을 수출하는 자 9.75 제드티(Zedtee Plywood SDN BHD) 및 그 회 사의 물품을 수출하는 자 9.75 수부르 티아사(Subur Tiasa Plywood SDN BHD) 및 그 회사의 물품을 수출하는 자 5.12 자야 티아사(Jaya Tiasa Timber Products SDN BHD) 및 그 회사의 물품을 수출하는 자 6.43 화센(Hwa Sen Veneer and Plywood Industries SDN BHD) 및 그 회사의 물품을 수출하는 자 6.43 시노라(Sinora SDN BHD) 및 그 회사의 물품 을 수출하는 자 38.10 그 밖의 공급자 8.76 주) "" 그 밖의 공급자"" 와 명시된 공급자 사이에 「관세법 시행령 」 제23 조제1 항 에 따른 특수관계가 있는 경우 "" 그 밖의 공급자"" 에 대한 덤핑방지관세율은 그 와 특수관계가 있는 명시된 공급자에 대한 덤핑방지관세율을 적용한다."
112623,20110421,일본산 스테인리스스틸 후판에 대한 덤핑방지관세 부과에 관한 규칙,일본산스테인리스스틸후판,기획재정부령,제207호,2011-04-21,2011-04-21,제정,4,"제2조(부과대상 물품) 덤핑방지관세가 부과되는 물품은 일본산 스테인리스스틸 후판(「관세법 시행령」 제98조에 따른 관세ㆍ통계통합품목분류표 번호: 제7219.21.1010호, 제7219.21.1090호, 제7219.21.9000호, 제7219.22.1010호, 제7219.22.1090호, 제7219.22.9000호에 해당하는 것을 말한다) 중 다음 각 호의 요건을 모두 갖춘 것으로 한다. 다만, 별표에 규정된 물품은 제외한다. 1. 스테인리스강(탄소의 함유량이 전체 중량의 100분의 1.2 이하이고 크롬의 함유량이 전체 중량의 100분의 10.5 이상인 합금강을 말한다)일 것 2. 두께가 8밀리미터 이상 80밀리미터 이하이고 너비가 1천밀리미터 이상 3천270밀리미터 이하인 열간압연(熱間壓延) 강판일 것 3. 압연, 열처리, 냉각 및 후처리과정[교정, 절단, 산세(酸洗) 및 포장을 말한다]을 거친 완제품으로서 코일형태의 제품이 아닌 것","다만, 별표에 규정된 물품은 제외한다. 1. 스테인리스강(탄소의 함유량이 전체 중량의 100분의 1.2 이하이고 크롬의 함유량이 전체 중량의 100분의 10.5 이상인 합금강을 말한다)일 것 2. 두께가 8밀리미터 이상 80밀리미터 이하이고 너비가 1천밀리미터 이상 3천270밀리미터 이하인 열간압연(熱間壓延) 강판일 것 3. 압연, 열처리, 냉각 및 후처리과정[교정, 절단, 산세(酸洗) 및 포장을 말한다]을 거친 완제품으로서 코일형태의 제품이 아닌 것",7219.21.1010;7219.21.1090;7219.21.9000;7219.22.1010;7219.22.1090;7219.22.9000,제3조(부과대상 공급자) 덤핑방지관세가 부과되는 공급자는 제2조에 따른 부과대상 물품의 공급자로 한다.,5,,,"<기획재정부령 제207호, 2011. 4. 21.> 제1조(시행일) 이 규칙은 공포한 날부터 시행한다. 제2조(유효기간) 이 규칙은 공포한 날부터 5년간 효력을 가진다. 제3조(적용례) 이 규칙은 이 규칙 시행 후 최초로 수입신고되는 물품부터 적용한다.",[별표 ] 덤핑방지관세 부과대상에서 제외되는 물품(제2조 각 호 외의 부분 단서 관련),Y,"[별표] 덤핑방지관세 부과대상에서 제외되는 물품(제2조 각 호 외의 부분 단서 관련) 1. Nippon Yakin Kogyo Co.,Ltd에서 공급하는 공급자 기호 NAS 800[이 규칙 시행일 현재의 일본공업규격(Japanese Industrial Standards, 이하 “JIS”라 한다)의 NCF 800에 해당한다] 강종(鋼種)인 것 2. JIS의 SUS 410 강종인 것 3. 이 규칙 시행일 현재의 미국재료시험협회(American Society for Testing Materials, 이하 “ASTM”이라 한다)의 410S 또는 JIS의 SUS 410S 강종인 것 4. JIS의 SUS 329J4L(공급자 기호 NAS 64를 포함한다) 강종인 것 5. ASTM의 S 32750(공급자 기호 NAS 74N을 포함한다) 강종인 것 6. 공급자 기호 NAS 800H(JIS의 NCF 800H에 해당한다) 강종인 것 7. 공급자 기호 NAS 255(JIS의 SUS 890L에 해당한다) 강종인 것 8. 공급자 기호 NAS 185N(JIS의 SUS 312L에 해당한다) 강종인 것 9. 공급자 기호 NAS 800T[이 규칙 시행일 현재의 미국통일규격부여시스템(Unified Numbering System, 이하 “UNS No.”라 한다)의 N 08811에 해당한다] 강종인 것 10. 공급자 기호 NAS 254NM(UNS No. N 08367에 해당한다) 강종인 것 11. 공급자 기호 NAS 255NM(UNS No. N 08926에 해당한다) 강종인 것 12. 공급자 기호 NAS 75N(UNS No. S 32760에 해당한다) 강종인 것 13. Nippon Steel & Sumikin Stainless Steel Corporation의 고유 강종(NSSC 409L) 중 다음 각 목의 요건을 모두 갖춘 것 가. 탄소 함유량이 전체 중량의 0.03% 이하일 것 나. 규소 함유량이 전체 중량의 1.00% 이하일 것 다. 망간 함유량이 전체 중량의 1.00% 이하일 것 라. 인 함유량이 전체 중량의 0.04% 이하일 것 마. 황 함유량이 전체 중량의 0.03% 이하일 것 바. 크롬 함유량이 전체 중량의 10.50% 이상 11.45% 이하일 것 사. 티타늄 함유량이 전체 중량의 0.75% 이하(하한치는 탄소 함유량의 6배 이상)일 것 14. SUMITOMO METALS(Naoetsu), LTD의 고유 강종(NAR-SN-1) 중 다음 각 목의 요건을 모두 갖춘 것 가. 탄소 함유량이 전체 중량의 0.02% 이하일 것 나. 규소 함유량이 전체 중량의 3.90% 이상 4.70% 이하일 것 다. 망간 함유량이 전체 중량의 1.50% 이하일 것 라. 인 함유량이 전체 중량의 0.03% 이하일 것 마. 황 함유량이 전체 중량의 0.03% 이하일 것 바. 몰리브덴 함유량이 전체 중량의 0.50% 이하일 것 사. 구리 함유량이 전체 중량의 0.50% 이하일 것 아. 니켈 함유량이 전체 중량의 13.00% 이상 15.50% 이하일 것 자. 크롬 함유량이 전체 중량의 16.50% 이상 18.50% 이하일 것",,
113643,20110524,중국산 플로트판유리에 대한 덤핑방지관세 부과에 관한 규칙,중국산플로트판유리,기획재정부령,제211호,2011-05-24,2011-05-24,제정,4,"제2조(부과대상 물품) 덤핑방지관세가 부과되는 물품은 플로트공법으로 생산된 중국산 플로트판유리(「관세법 시행령」 제98조에 따른 관세ㆍ통계통합품목분류표 번호: 제7005.21.4000호, 제7005.21.5000호, 제7005.21.6000호, 제7005.21.7010호, 제7005.21.7020호, 제7005.21.7030호, 제7005.29.4010호, 제7005.29.4090호, 제7005.29.5010호, 제7005.29.5090호, 제7005.29.6010호, 제7005.29.6090호, 제7005.29.7010호, 제7005.29.7090호, 제7005.29.8010호, 제7005.29.8090호, 제7005.29.9010호, 제7005.29.9090호에 해당하는 것을 말한다) 중 다음 각 호의 어느 하나에 해당하는 것으로 하되, 코팅유리(Coated Glass), 무늬유리(Patterned Glass), 망입유리(Wired Glass), 복층유리(Insulating Glass), 강화유리(Tempered Glass), 접합유리(Laminated Glass), 에칭유리(Etched Glass), 저철분유리(Low iron Glass) 등 판유리의 효용을 개선하기 위하여 가공한 유리를 제외한다. 1. 맑은 유리(Clear Float Glass): 두께 4밀리미터 초과 13밀리미터 미만인 것 2. 색유리 중 그린유리(Green Float Glass): 두께 4밀리미터 초과 13밀리미터 미만인 것","덤핑방지관세가 부과되는 물품은 플로트공법으로 생산된 중국산 플로트판유리(「관세법 시행령」 제98조에 따른 관세ㆍ통계통합품목분류표 번호: 제7005.21.4000호, 제7005.21.5000호, 제7005.21.6000호, 제7005.21.7010호, 제7005.21.7020호, 제7005.21.7030호, 제7005.29.4010호, 제7005.29.4090호, 제7005.29.5010호, 제7005.29.5090호, 제7005.29.6010호, 제7005.29.6090호, 제7005.29.7010호, 제7005.29.7090호, 제7005.29.8010호, 제7005.29.8090호, 제7005.29.9010호, 제7005.29.9090호에 해당하는 것을 말한다) 중 다음 각 호의 어느 하나에 해당하는 것으로 하되, 코팅유리(Coated Glass), 무늬유리(Patterned Glass), 망입유리(Wired Glass), 복층유리(Insulating Glass), 강화유리(Tempered Glass), 접합유리(Laminated Glass), 에칭유리(Etched Glass), 저철분유리(Low iron Glass) 등 판유리의 효용을 개선하기 위하여 가공한 유리를 제외한다. 1. 맑은 유리(Clear Float Glass): 두께 4밀리미터 초과 13밀리미터 미만인 것 2. 색유리 중 그린유리(Green Float Glass): 두께 4밀리미터 초과 13밀리미터 미만인 것",7005.21.4000;7005.21.5000;7005.21.6000;7005.21.7010;7005.21.7020;7005.21.7030;7005.29.4010;7005.29.4090;7005.29.5010;7005.29.5090;7005.29.6010;7005.29.6090;7005.29.7010;7005.29.7090;7005.29.8010;7005.29.8090;7005.29.9010;7005.29.9090,"제3조(부과대상 공급자) ① 덤핑방지관세가 부과되는 공급자는 제2조에 따른 부과대상 물품의 공급자로 한다. ② 제1항에도 불구하고 별표 제1호가목부터 러목까지의 공급자 중 「관세법」 제54조제1항에 따라 기획재정부장관이 가격수정에 관한 약속을 수락한 자는 부과대상 공급자에서 제외하되, 가격수정에 관한 약속을 이행하지 아니하는 경우에는 덤핑방지관세를 부과한다.",3,,,"<기획재정부령 제211호, 2011. 5. 24.> 제1조(시행일) 이 규칙은 공포한 날부터 시행한다. 제2조(유효기간) 이 규칙은 공포한 날부터 3년간 효력을 가진다. 제3조(적용례) 이 규칙은 이 규칙 시행 후 최초로 수입신고되는 물품부터 적용한다.",[별표 1] 덤핑방지관세율(제4조 관련),,,,"[별표] 덤핑방지관세율(제4조 관련) 공급국 공급자 덤핑방지 관세율(%) 중 국 1. 다음 각 목의 차이나글라스그룹(China Glass Holdings Ltd.) 관계사 및 같은 기업의 제품을 수출하는 자 가. Zhongbo Technology CO., Ltd. 나. Beijing Qinchang Glass Co., Ltd. 다. Jiangsu SHD New Materials Co., Ltd. 라. Hangzhou Blue Star New materials Technology Company Limited. 마. Nanjing Yuanhong Glass Ceramic Glaze Co., Ltd. 바. Xianyang Blue Star Coated Glass Company Limited. 사. Weihai Blue Star Glass CO., Ltd. 아. Weihai Blue Star Technology and Industrial Park Company Limited. 자. Weihai Blue Star Terra Photovoltaic Co.,Ltd. 차. Weihai Blue Star New Technology Glass Co., Ltd. 카. Weihai BlueStar Import and Export Co., Ltd. 타. Suqian Huayi coated glass Limited. 파. Wuhai haibo Trading Co., Ltd. 하. Wuhai Blue Star Glass Co., Ltd. 거. Hanzhong Blue Star Silicon Sand Co.,Ltd 너. Shaanxi Bluestar Glass Ltd 더. Dongtai China Glass Special Glass CO., Ltd. 러. Huada (HK)International Limited. 12.04 2. 다음 각 목의 진징그룹(Jinjing Group Co., Ltd.) 관계사 및 같은 기업의 제품을 수출하는 자 가. Shandong Jinjing Trade Co., Ltd. 나. Shandong Jinjing Science & Technology Stock Co., Ltd. 다. Zibo Zhongqi Building Materials Co., Ltd. 라. Zibo Jinxing Glass Co., Ltd. 마. Tengzhou Jinjing Glass Co., Ltd. 바. Tengzhou Fumin Glass Co., Ltd. 사. Langfang Jinbiao Glass Co., Ltd. 15.22 3. 칭다오판유리(Qingdao Float Glass Co., Ltd.) 및 같은 기업의 제품을 수출하는 자 28.31 4. 칭다오진징(Qingdao Jinjing Stock Co., Ltd.) 및 같은 기업의 제품을 수출하는 자 36.01 5. 야오후아(Qinhuangdao Yaohua Glass Co., Ltd.) 및 같은 기업의 제품을 수출하는 자 21.37 6. 티지창지앙(TG Changjiang Glass Co., Ltd.) 및 같은 기업의 제품을 수출하는 자 29.21 7. 지앙수파룬(Jiangsu Farun Group Co., Ltd.) 및 같은 기업의 제품을 수출하는 자 36.01 8. 그 밖의 공급자 19.06 주) “그 밖의 공급자”와 제1호부터 제7호까지의 공급자 사이에 「관세법 시행령」 제23조제1항에 따른 특수관계가 있는 경우에는 “그 밖의 공급자”의 덤핑방지관세율은 그와 특수관계가 있는 제1호부터 제7호까지의 공급자의 덤핑방지관세율을 적용한다."
115142,20110720,중국산 도자기질 타일에 대한 덤핑방지관세 부과에 관한 규칙,중국산도자기질타일,기획재정부령,제222호,2011-07-20,2011-07-20,제정,4,"제2조(부과대상 물품) 덤핑방지관세가 부과되는 물품은 중국산 도자기질 타일(「관세법 시행령」 제98조에 따른 관세ㆍ통계통합품목분류표 번호: 제6901.00.3000호, 제6907.90.1000호, 제6907.90.9000호, 제6908.90.1000호, 제6908.90.9000호에 해당하는 것을 말한다)로서 가로 및 세로의 길이가 70밀리미터 이상 1천300밀리미터 이하인 사각형태의 것을 말한다.",,6901.00.3000;6907.90.1000;6907.90.9000;6908.90.1000;6908.90.9000,제3조(부과대상 공급자) 덤핑방지관세가 부과되는 공급자는 제2조에 따른 부과대상물품의 공급자로 한다.,3,,,"<기획재정부령 제222호, 2011. 7. 20.> 제1조(시행일) 이 규칙은 공포한 날부터 시행한다. 제2조(유효기간) 이 규칙은 공포한 날부터 3년간 효력을 가진다. 제3조(적용례) 이 규칙은 이 규칙 시행 후 최초로 수입신고되는 물품부터 적용한다.",[별표 ] 덤핑방지관세율(제4조 관련),,,,"[별표] 덤핑방지관세율( 제4 조 관련) 공급국 공급자 덤핑방지 관세율(%) 중국 1. 레드리프(Fujian Minqing Red-leaf Ceramic Building Material Co., Ltd) 및 같은 기업의 제품을 수출하는 자 9.14 2. 오버랜드(Guangdong Overland Ceramics Co., Ltd) 및 같은 기업의 제품을 수출하는 자 9.47 3. 야주(Foshan Gaoming Yaju Ceramics Co., Ltd) 및 같 은 기업의 제품을 수출하는 자 10.26 4. 다음 각 목의 기업 및 같은 기업의 제품을 수출하는 자 가. Guangdong Eagle Brand Ceramic Group Co., Ltd. 나. Foshan Shiwan Eagle Brand Ceramic Co., Ltd 다. Foshan Shiwan Eagle Brand Huapeng Ceramic Co., Ltd. 라. Eagle Brand Ceramics Industrial(Heyuan) Co., Ltd. 마. Foshan Eagle Brand Ceramic Trade Co., Ltd. 10.31 5. 다음 각 목의 기업 및 같은 기업의 제품을 수출하는 자 가. Guangdong Bode Fine Building Material Co., Ltd. 나. Guangdong Jiajun Ceramics Co., Ltd. 13.69 6. 하우손(China Houson Building Material Co., Ltd) 및 같은 기업의 제품을 수출하는 자 14.25 7. 다음 각 목의 기업 및 같은 기업의 제품을 수출하는 자 가. Guangdong Hongyu Group Co. Ltd. 나. Guangdong Winto Ceramics Co., Ltd. 다. Guangdong Homeway Ceramics Industry Co., Ltd. 라. Foshan Sanshui Hongyuan Ceramics Enterprise Co., Ltd. 마. Guangdong Hongyu Ceramics Co., Ltd. 바. Foshan ITTO Ceramics Co., Ltd. 사. Foshan Venizea Ceramics Co.,Ltd. 아. Guangdong Fotao Group Im port & Export Trading Co.,Ltd 15.75 8. 다음 각 목의 기업 및 같은 기업의 제품을 수출하는 자 가. Qingyuan Gani Ceramics Co. Ltd. 17.37 나. Foshan Gani Ceramics Co. Ltd. 다. Guangdong Wonderful Ceramics Co. Ltd. 라. Dongguan Wonderful Ceramics Co. Ltd. 마. Jiangxi Hemei Ceramics Co. Ltd. 바. Guangdong Jiamei Ceramics Co. Ltd. 9. 다음 각 목의 기업 및 같은 기업의 제품을 수출하는 자 가. Jianping Jinzheng Ceramics Co., Ltd. 나. Guchengxian Jinchang Ceramics Co., Ltd. 다. Xiangfan Taocheng Ceramics Co., Ltd. 라. Foshan Haoya Ceramics Co., Ltd. 17.78 10. 다음 각 목의 기업 및 같은 기업의 제품을 수출하는 자 가. Guangdong Dongpeng Ceramics holding Co., Ltd. 나. Dongpeng Ceramics(Qingyuan) Co., Ltd. 다. Foshan Huashengchang Cermamics Co., Ltd. 18.21 11. 다음 각 목의 기업 및 같은 기업의 제품을 수출하는 자 가. Shanghai Cimic Tile Co., Ltd. 나. Shanghai Cimic Construction Material Co., Ltd. 다. Shanghai Cimic Decoration Material Co., Ltd. 라. Guangzhou Cimic Construction Material Co., Ltd. 마. Chengdu Cimic Construction Material Co., Ltd. 바. Chongqing Cimic Construction Material Co., Ltd. 사. Xi`an Cimic Construction Material Co., Ltd. 아. Shanghai Cimic Ceramics Co., Ltd. 자. Jiangxi Cimic Tile Co., Ltd. 29.41 12. 상 원 (F o sh an C h a n ch e n g S h an g y u a n O u lia n Construction Ceramic Limited) 및 같은 기업의 제품을 수출하는 자 13. 다음 각 목의 기업 및 같은 기업의 제품을 수출하는 자 가. N e w Z h o n g Y u a n C eram ics C o ., L td . o f Guangdong, Foshan 나. New Zhongyuan Ceramics Co., Ltd 다. Heyuan Wanfeng Ceramics Co., Ltd., 라. Qingyuan Southern Building Materials and Sanitary Ware Co., Ltd. 마. Sichuan New Zhongyuan Ceramics Co., Ltd., 바. Sichuan Xin Yuezhong Ceramics Co., Ltd., 사. New Zhong Yuan Ceramics Import & Export Co., Ltd. of Guangdong, Foshan 아. San De Bo Ceramics Co., Ltd., Foshan Lungo Ceramics Co., Ltd. 14. 허메이(Foshan Hemei Ceramics Co., Ltd) 및 같은 기 업의 제품을 수출하는 자 15. 샹시(Foshan Shuangxi Ceramics Co., Ltd) 및 같은 기 업의 제품을 수출하는 자 16. 하오홍(Foshan Haohong Ceramics Co., Ltd) 및 같은 기업의 제품을 수출하는 자 17. 다음 각 목의 기업 및 같은 기업의 제품을 수출하는 자 가. Sanghai ASA Ceramic Co., Ltd. 나. Shandong ASA Ceramic Co., Ltd. 다. Shanghai Fortune Ceramic Co., Ltd. 18. 지보케이티세라믹(Zibo KT Ceramic Co., Ltd) 및 같은 기업의 제품을 수출하는 자 19. 후아싱(Wulian Huaxing Packaing Co.,Ltd) 및 같은 기 업의 제품을 수출하는 자 20. 달리안(Dalian Zheng Ren Trading Co., Ltd) 및 같은 기업의 제품을 수출하는 자 21. 광동난하이(Guangdong N anhai Light Industrial Products Imp & Exp Co., Ltd) 및 같은 기업의 제품을 수출하는 자 22. 메디컬이큅먼트(China National Medical Equipment & Supplies Imp & Exp Corp) 및 같은 기업의 제품을 수 출하는 자 23. 그 밖의 공급자 16.07 주) ""그 밖의 공급자""와 제1호부터 제22호까지의 공급자 사이에 「관세법 시 행령」 제23조제1항에 따른 특수관계가 있는 경우에는 ""그 밖의 공급자""의 덤핑방지관세율은 그와 특수관계가 있는 제1호부터 제22호까지의 공급자의 덤핑방지관세율을 적용한다."
124202,20120327,중국ㆍ일본 및 싱가포르산 초산에틸에 대한 덤핑방지관세 부과에 관한 규칙,중국·일본및싱가포르산초산에틸,기획재정부령,제279호,2012-03-27,2012-03-27,제정,4,"제2조(부과대상 물품) 덤핑방지관세가 부과되는 물품은 중국ㆍ일본 및 싱가포르산 초산에틸(Ethyl Acetate, 관세율표 번호 제2915.31호에 해당하는 것을 말한다)로 한다.",,2915.31,제3조(부과대상 공급자) 덤핑방지관세가 부과되는 공급자는 제2조에 따른 부과대상 물품의 공급자로 한다.,3,,,"<기획재정부령 제279호, 2012. 3. 27.> 제1조(시행일) 이 규칙은 공포한 날부터 시행한다. 제2조(유효기간) 이 규칙은 공포한 날부터 3년간 효력을 가진다. 제3조(적용례) 이 규칙은 이 규칙 시행 후 최초로 수입신고되는 물품부터 적용한다.",[별표 ] 덤핑방지관세율(제4조 관련),,,,"[별표] 덤핑방지관세율(제4조 관련) 공급국 공급자 덤핑방지 관세율(%) 중국 장수 소포(Jiangsu SOPO Corporation (Group) Ltd.) 및 같은 기업의 제품을 수출하는 자 3.71 리자오 자홍(Rizhao Jiahong Biological Technology Co., Ltd.) 및 같은 기업의 제품을 수출하는 자 3.14 진이멍 그룹(Jinyimeng Group Co., Ltd.) 및 같은 기업의 제품을 수출하는 자 5.29 상하이 우징(Shanghai Wujing Chemical Co., Ltd.) 및 같은 기업의 제품을 수출하는 자 14.17 켐 스페셜리스트(Chem Specialist Ltd.) 및 같은 기업의 제품을 수출하는 자 14.17 골든 브리지(Jiangyin Golden Bridge Chemical Co., Ltd.) 및 같은 기업의 제품을 수출하는 자 14.17 그 밖의 공급자 6.36 싱가 포르 셀라니즈(Celanese Pte. Ltd.) 및 같은 기업의 제품을 수출하는 자 14.17 그 밖의 공급자 14.17 일본 쇼와 덴코(Showa Denko K.K.) 및 같은 기업의 제품을 수출하는 자 14.17 그 밖의 공급자 14.17 주) ""그 밖의 공급자""와 명시된 공급자 사이에 「관세법 시행령」 제23조제1항에 따른 특수관계가 있는 경우에는 ""그 밖의 공급자""의 덤핑방지관세율은 그와 특수관계가 있는 명시된 공급자의 덤핑방지관세율을 적용한다."
124626,20120410,러시아ㆍ미국ㆍ인도네시아ㆍ중국 및 캐나다산 크라프트지에 대한 덤핑방지관세 부과에 관한 규칙,러시아·미국·인도네시아·중국및캐나다산크라프트지,기획재정부령,제281호,2012-04-10,2012-04-10,제정,4,"제2조(부과대상 물품) 덤핑방지관세가 부과되는 물품은 러시아ㆍ미국ㆍ인도네시아ㆍ중국 및 캐나다산 크라프트지(관세율표 번호 4804.21호, 4804.29호에 해당하는 것을 말한다)로서 1제곱미터당 중량이 50그램 이상 150그램 이하인 제품으로 한다. 다만, 한국산업규격(KS M ISO) 1924-2에 따라 측정한 인장 파괴 신장률이 세로 6.2퍼센트 이상이며 가로 5.5퍼센트 이상인 크라프트지는 제외한다.","다만, 한국산업규격(KS M ISO) 1924-2에 따라 측정한 인장 파괴 신장률이 세로 6.2퍼센트 이상이며 가로 5.5퍼센트 이상인 크라프트지는 제외한다.",4804.21;4804.29,제3조(부과대상 공급자) 덤핑방지관세가 부과되는 공급자는 제2조에 따른 부과대상 물품의 공급자로 한다.,3,,,"<기획재정부령 제281호, 2012. 4. 10.> 제1조(시행일) 이 규칙은 공포한 날부터 시행한다. 제2조(유효기간) 이 규칙은 공포한 날부터 3년간 효력을 가진다. 제3조(적용례) 이 규칙은 이 규칙 시행 후 최초로 수입신고되는 물품부터 적용한다.",[별표 ] 덤핑방지관세율(제4조 관련),,,,"[별표] 덤핑방지관세율(제4조 관련) 공급국 공 급 자 덤핑방지 관세율(%) 러시아 모든 공급자 10.79 미 국 모든 공급자 10.79 인도네시아 모든 공급자 10.79 중 국 타이거 포레스트(Tiger Forest and Paper Group Co., Ltd.) 및 같은 회사의 제품을 수출하는 자 4.03 티옌진 티옌빠오(Tianjin Tianbao Century Development Co., Ltd.) 및 같은 회사의 제품을 수출하는 자 10.79 칭따오 하이왕(Qingdao Haiwang Paper Property Share Co., Ltd.) 및 같은 회사의 제품을 수출하는 자 10.79 그 밖의 공급자 7.22 캐나다 모든 공급자 10.79 주) ""그 밖의 공급자""와 명시된 공급자 사이에 「관세법 시행령」 제23조제1항에 따른 특수관계가 있는 경우에는 ""그 밖의 공급자""의 덤핑방지관세율은 그와 특수관계가 있는 명시된 공급자의 덤핑방지관세율을 적용한다."
125704,20120525,중국 및 인도산 폴리에틸렌 테레프탈레이트(PET) 필름에 대한 덤핑방지관세 부과에 관한 규칙,중국및인도산폴리에틸렌테레프탈레이트(PET)필름,기획재정부령,제285호,2012-05-25,2012-05-25,제정,4,"제2조(부과대상 물품) 덤핑방지관세가 부과되는 물품은 중국 및 인도산 폴리에틸렌 테레프탈레이트(Polyethylene terephthalate, PET) 필름(관세율표 번호 제3920.62호, 제3920.69호에 해당하는 것을 말한다)으로 한다. 다만, 별표 1에 따른 물품은 제외한다.","다만, 별표 1에 따른 물품은 제외한다.",3920.62;3920.69,제3조(부과대상 공급자) 덤핑방지관세가 부과되는 공급자는 제2조에 따른 부과대상 물품의 공급자로 한다.,3,,,"<기획재정부령 제285호, 2012. 5. 25.> 제1조(시행일) 이 규칙은 공포한 날부터 시행한다. 제2조(유효기간) 이 규칙은 공포한 날부터 3년간 효력을 가진다. 제3조(적용례) 이 규칙은 이 규칙 시행 후 최초로 수입신고되는 물품부터 적용한다.",[별표 1] 덤핑방지관세 부과대상에서 제외되는 물품(제2조 단서 관련) | [별표 2] 덤핑방지관세율(제4조 관련),Y,"[별표 1] 덤핑방지관세 부과대상에서 제외되는 물품(제2조 단서 관련) 1. 두께가 9㎛ 미만으로서 증착되지 않은 폴리에틸렌 테레프탈레이트 필름 2. 비냉매용 모터 절연용(絶緣用)으로 사용되는 두께 125㎛ 이상인 흰색의 폴리에틸렌 테레프탈레이트 필름으로서 다음 각 목의 요건을 모두 갖춘 것 가. 규격 미국 Underwriters Laboratory Inc.가 지정한 시험방식에 따라 측정한 전기적 및 기계적 내열성(Relative Thermal Index, RTI)이 각각 섭씨 105도 이상이고 흐림도(Haze)가 70퍼센트 이상일 것 나. 모델명 Garfilm EM6(인도 Garware Polyester Limited 제품), J-470(인도 Jindal Polyfilms Limited 제품) 등 3. 냉매용 모터 절연용으로 사용되는 두께 125㎛ 이상인 흰색의 폴리에틸렌 테레프탈레이트 필름으로서 다음 각 목의 요건을 모두 갖춘 것 가. 규격 미국 Underwriters Laboratory Inc.가 지정한 시험방식에 따라 측정한 전기적 및 기계적 내열성(Relative Thermal Index, RTI)이 각각 섭씨 140도, 125도 이상이고 소중합체(Oligomer) 추출비율이 0.65퍼센트 이하이며 흐림도(Haze)가 75퍼센트 이상일 것 나. 모델명 Garfilm EM6-L.O.(인도 Garware Polyester Limited 제품) 등",,"[별표 2] 덤핑방지관세율(제4조 관련) 공급국 공급자 덤핑방지 관세율(%) 중국 푸웨이(Fuwei Films Shandong Co., Ltd.) 및 같은 회사의 제품을 수출하는 자 11.72 천진완화(Tianjin Wanhua Co., Ltd.) 및 같은 회사의 제품을 수출하는 자 5.87 산토우(Shantou Soe First Polyester Films Co., Ltd.) 및 같은 회사의 제품을 수출하는 자 25.32 이화도레이(Yihua Toray Polyester Film Co., Ltd.) 및 같은 회사의 제품을 수출하는 자 25.32 장수중다(Jiansu Zhongda New Materials International Co., Ltd.) 및 같은 회사의 제품을 수출하는 자 25.32 저장우밍(Zhejiang Wuming Trading Co., Ltd.) 및 같은 회사의 제품을 수출하는 자 25.32 티에스에프(TSF Co., Ltd.) 및 같은 회사의 제품을 수출하는 자 25.32 상하이(Shanghai Hanghai Hansen Global Supply Co., Ltd.) 및 같은 회사의 제품을 수출하는 자 25.32 그 밖의 공급자 23.61 인도 가웨어(Garware Polyester Limited) 및 같은 회사의 제품을 수출하는 자 14.63 진달(Jindal Poly Films Limited) 및 같은 회사의 제품을 수출하는 자 25.32 그 밖의 공급자 14.63 주) ""그 밖의 공급자""와 명시된 공급자 사이에 「관세법 시행령」 제23조제1항에 따른 특수관계가 있는 경우에는 ""그 밖의 공급자""의 덤핑방지관세율은 그와 특수관계가 있는 명시된 공급자의 덤핑방지관세율을 적용한다."
127284,20120725,대만 및 중국산 폴리에스테르 장섬유 부분연신사에 대한 덤핑방지관세 부과에 관한 규칙,대만및중국산폴리에스테르장섬유부분연신사,기획재정부령,제296호,2012-07-25,2012-07-25,제정,4,제2조(부과대상 물품) 덤핑방지관세가 부과되는 물품은 대만 및 중국산으로서 테레프탈산(Terephthalic Acid)과 모노에틸렌글리콜(Mono Ethylent Glycol)을 중합한 폴리에스테르 장섬유 부분연신사(관세율표 번호 제5402.46호에 해당하는 것을 말한다)로 한다.,,5402.46,제3조(부과대상 공급자) 덤핑방지관세가 부과되는 공급자는 제2조에 따른 부과대상 물품의 공급자로 한다.,2,,,"<기획재정부령 제296호, 2012. 7. 25.> 제1조(시행일) 이 규칙은 공포한 날부터 시행한다. 제2조(유효기간) 이 규칙은 공포한 날부터 2년간 효력을 가진다. 제3조(적용례) 이 규칙은 이 규칙 시행 후 최초로 수입신고되는 물품부터 적용한다.",[별표 ] 덤핑방지관세율(제4조 관련),,,,"[별표] 덤핑방지관세율(제4조 관련) 공급국 공급자 덤핑방지 관세율(%) 대만 모든 공급자 6.26 중국 1. 효성가흥(Hyosung Chemical Fiber Jiaxing Co., Ltd.) 및 같은 회사의 제품을 수출하는 자 0 2. 그 밖의 공급자 6.26 주) ""그 밖의 공급자""와 명시된 공급자 사이에 「관세법 시행령」 제23조제1항에 따른 특수관계가 있는 경우에는 ""그 밖의 공급자""의 덤핑방지관세율은 그와 특수관계가 있는 명시된 공급자의 덤핑방지관세율을 적용한다."
131442,20130103,일본산 알루미늄 보틀캔에 대한 덤핑방지관세 부과에 관한 규칙,일본산알루미늄보틀캔,기획재정부령,제314호,2013-01-03,2013-01-03,제정,4,제2조(부과대상 물품) 덤핑방지관세가 부과되는 물품은 일본산 알루미늄 보틀캔(「관세법 시행령」 제98조에 따른 관세ㆍ통계통합품목분류표 번호 7612.90.9010호에 해당하는 것을 말한다) 중 용적이 196밀리리터(㎖) 이상 952밀리리터(㎖) 이하인 것을 말한다.,,7612.90.9010,제3조(부과대상 공급자) 덤핑방지관세가 부과되는 공급자는 제2조에 따른 부과대상 물품의 공급자로 한다.,3,,,"<기획재정부령 제314호, 2013. 1. 3.> 제1조(시행일) 이 규칙은 공포한 날부터 시행한다. 제2조(유효기간) 이 규칙은 공포한 날부터 3년간 효력을 가진다. 제3조(적용례) 이 규칙은 이 규칙 시행 후 수입신고되는 물품부터 적용한다.",[별표 ] 덤핑방지관세율(제4조 관련),,,,"[별표] 덤핑방지관세율(제4조 관련) 공급국 공급자 덤핑방지 관세율(%) 일본 유니버설 캔(Universal Can Corporation) 및 같은 기업의 제품을 수출하는 자 0 그 밖의 공급자 4.59 주) ""그 밖의 공급자""와 명시된 공급자 사이에 「관세법 시행령」 제23조제1항에 따른 특수관계가 있는 경우에는 ""그 밖의 공급자""의 덤핑방지관세율은 그와 특수관계가 있는 명시된 공급자의 덤핑방지관세율을 적용한다."
132924,20130228,일본산 스테인리스스틸 후판에 대한 덤핑방지관세 부과에 관한 규칙,일본산스테인리스스틸후판,기획재정부령,제340호,2013-02-28,2013-02-28,일부개정,4,"제2조(부과대상 물품) 덤핑방지관세가 부과되는 물품은 일본산 스테인리스스틸 후판(「관세법 시행령」 제98조에 따른 관세ㆍ통계통합품목분류표 번호: 제7219.21.1010호, 제7219.21.1090호, 제7219.21.9000호, 제7219.22.1010호, 제7219.22.1090호, 제7219.22.9000호에 해당하는 것을 말한다) 중 다음 각 호의 요건을 모두 갖춘 것으로 한다. 다만, 별표에 규정된 물품은 제외한다. 1. 스테인리스강(탄소의 함유량이 전체 중량의 100분의 1.2 이하이고 크롬의 함유량이 전체 중량의 100분의 10.5 이상인 합금강을 말한다)일 것 2. 두께가 8밀리미터 이상 80밀리미터 이하이고 너비가 1천밀리미터 이상 3천270밀리미터 이하인 열간압연(熱間壓延) 강판일 것 3. 압연, 열처리, 냉각 및 후처리과정[교정, 절단, 산세(酸洗) 및 포장을 말한다]을 거친 완제품으로서 코일형태의 제품이 아닌 것","다만, 별표에 규정된 물품은 제외한다. 1. 스테인리스강(탄소의 함유량이 전체 중량의 100분의 1.2 이하이고 크롬의 함유량이 전체 중량의 100분의 10.5 이상인 합금강을 말한다)일 것 2. 두께가 8밀리미터 이상 80밀리미터 이하이고 너비가 1천밀리미터 이상 3천270밀리미터 이하인 열간압연(熱間壓延) 강판일 것 3. 압연, 열처리, 냉각 및 후처리과정[교정, 절단, 산세(酸洗) 및 포장을 말한다]을 거친 완제품으로서 코일형태의 제품이 아닌 것",7219.21.1010;7219.21.1090;7219.21.9000;7219.22.1010;7219.22.1090;7219.22.9000,제3조(부과대상 공급자) 덤핑방지관세가 부과되는 공급자는 제2조에 따른 부과대상 물품의 공급자로 한다.,5,2016-04-20,,"<기획재정부령 제207호, 2011. 4. 21.> 제1조(시행일) 이 규칙은 공포한 날부터 시행한다. 제2조(유효기간) 이 규칙은 공포한 날부터 5년간 효력을 가진다. 제3조(적용례) 이 규칙은 이 규칙 시행 후 최초로 수입신고되는 물품부터 적용한다. <기획재정부령 제340호, 2013. 2. 28.> 제1조(시행일) 이 규칙은 공포한 날부터 시행한다. 제2조(유효기간) 이 규칙은 2016년 4월 20일까지 효력을 가진다.",[별표 ] 덤핑방지관세 부과대상에서 제외되는 물품(제2조 각 호 외의 부분 단서 관련),Y,"[별표] <개정 2013.2.28> 덤핑방지관세 부과대상에서 제외되는 물품(제2조 각 호 외의 부분 단서 관련) 1. Nippon Yakin Kogyo Co., Ltd에서 공급하는 공급자 기호 NAS 800[이 규칙 시행일 현재의 일본공업규격(Japanese Industrial Standards, 이하 ""JIS""라 한다)의 NCF 800에 해당한다] 강종(鋼種)인 것 2. JIS의 SUS 410 강종인 것 3. 이 규칙 시행일 현재의 미국재료시험협회(American Society for Testing Materials, 이하 ""ASTM""이라 한다)의 410S 또는 JIS의 SUS 410S 강종인 것 4. JIS의 SUS 329J4L(공급자 기호 NAS 64를 포함한다) 강종인 것 5. ASTM의 S 32750(공급자 기호 NAS 74N을 포함한다) 강종인 것 6. 공급자 기호 NAS 800H(JIS의 NCF 800H에 해당한다) 강종인 것 7. 공급자 기호 NAS 255(JIS의 SUS 890L에 해당한다) 강종인 것 8. 공급자 기호 NAS 185N(JIS의 SUS 312L에 해당한다) 강종인 것 9. 공급자 기호 NAS 800T[이 규칙 시행일 현재의 미국통일규격부여시스템(Unified Numbering System, 이하 ""UNS No.""라 한다)의 N 08811에 해당한다] 강종인 것 10. 공급자 기호 NAS 254NM(UNS No. N 08367에 해당한다) 강종인 것 11. 공급자 기호 NAS 255NM(UNS No. N 08926에 해당한다) 강종인 것 12. 공급자 기호 NAS 75N(UNS No. S 32760에 해당한다) 강종인 것 13. Nippon Steel & Sumikin Stainless Steel Corporation의 고유 강종(NSSC 409L) 중 다음 각 목의 요건을 모두 갖춘 것 가. 탄소 함유량이 전체 중량의 0.03% 이하일 것 나. 규소 함유량이 전체 중량의 1.00% 이하일 것 다. 망간 함유량이 전체 중량의 1.00% 이하일 것 라. 인 함유량이 전체 중량의 0.04% 이하일 것 마. 황 함유량이 전체 중량의 0.03% 이하일 것 바. 크롬 함유량이 전체 중량의 10.50% 이상 11.45% 이하일 것 사. 티타늄 함유량이 전체 중량의 0.75% 이하(하한치는 탄소 함유량의 6배 이상)일 것 14. NIPPON STEEL & SUMITOMO METAL CORPORATION의 고유강종(NSSMC-NAR-SN-1) 중 다음 각 목의 요건을 모두 갖춘 것 가. 탄소 함유량이 전체 중량의 0.02% 이하일 것 나. 규소 함유량이 전체 중량의 3.90% 이상 4.70% 이하일 것 다. 망간 함유량이 전체 중량의 1.50% 이하일 것 라. 인 함유량이 전체 중량의 0.03% 이하일 것 마. 황 함유량이 전체 중량의 0.03% 이하일 것 바. 몰리브덴 함유량이 전체 중량의 0.50% 이하일 것 사. 구리 함유량이 전체 중량의 0.50% 이하일 것 아. 니켈 함유량이 전체 중량의 13.00% 이상 15.50% 이하일 것 자. 크롬 함유량이 전체 중량의 16.50% 이상 18.50% 이하일 것",,
143223,20130822,미국ㆍ인도ㆍ중국 및 캐나다산 염화콜린에 대한 덤핑방지관세 부과에 관한 규칙,미국·인도·중국및캐나다산염화콜린,기획재정부령,제359호,2013-08-22,2013-08-22,제정,4,"제2조(부과대상 물품) 「관세법」 제51조 및 제56조에 따른 덤핑방지관세(이하 “덤핑방지관세”라 한다)가 부과되는 물품은 미국ㆍ인도ㆍ중국 및 캐나다산 염화콜린(「관세법 시행령」 제98조에 따른 관세ㆍ통계통합품목분류표 번호 제2309.90.2099호 중 콜린의 염, 제2309.90.3020호 중 콜린의 염, 제2309.90.9000호 중 콜린의 염, 제2923.10.2000호에 해당하는 것을 말한다)으로서 사료첨가제 또는 동물용 의약품 원료로 사용되는 것을 말한다.",,2309.90.2099;2309.90.3020;2309.90.9000;2923.10.2000,제3조(부과대상 공급자) 덤핑방지관세가 부과되는 공급자는 제2조에 따른 부과대상 물품의 공급자로 한다.,3,,,"<기획재정부령 제359호, 2013. 8. 22.> 제1조(시행일) 이 규칙은 공포한 날부터 시행한다. 제2조(유효기간) 이 규칙은 공포한 날부터 3년간 효력을 가진다. 제3조(일반적 적용례) 이 규칙은 이 규칙 시행 후 「관세법」 제241조제1항에 따라 수입신고되는 물품부터 적용한다.",[별표 ] 덤핑방지관세율(제4조 관련),,,,[별표] 덤핑방지관세율(제4조 관련) 공급국 공급자 덤핑방지 관세율(%) 미 국 모든 공급자 22.19 인 도 모든 공급자 22.19 중 국 모든 공급자 27.32 캐나다 모든 공급자 26.88
144762,20131001,일본ㆍ인도 및 스페인산 스테인리스 스틸바에 대한 덤핑방지관세 부과에 관한 규칙,일본·인도및스페인산스테인리스스틸바,기획재정부령,제370호,2013-10-01,2013-10-01,제정,4,"제2조(부과대상 물품) 「관세법」 제51조 및 제56조에 따른 덤핑방지관세(이하 “덤핑방지관세”라 한다)가 부과되는 물품은 일본ㆍ인도 및 스페인산 스테인리스 스틸바(「관세법 시행령」 제98조에 따른 관세ㆍ통계통합품목분류표 번호 제7222.11.0000호, 제7222.19.0000호, 제7222.20.0000호, 제7222.30.0000호) 중 다음 각 호의 어느 하나에 해당하는 것으로 한다. 다만, 별표 1에 규정된 물품은 제외한다. 1. 중공(中空)이 없는 원형강(Round Bar): 지름이 600㎜ 이하인 것 2. 각강(Square Bar): 대변거리가 4.5㎜ 이상 40㎜ 이하인 것 3. 육각강(Hexagonal Bar): 대변거리가 5㎜ 이상 40㎜ 이하인 것 4. 평강(Flat Bar) 중 다음 각 목의 어느 하나에 해당하는 것 가. 두께가 9㎜ 이상 13㎜ 이하이고 너비가 15㎜ 이상 100㎜ 이하인 것 나. 두께가 13㎜ 이상 20㎜ 이하이고 너비가 15㎜ 이상 150㎜ 이하인 것 다. 두께가 25㎜ 이상 150㎜ 이하이고 너비가 150㎜ 이상 600㎜ 이하인 것. 다만, 두께가 100㎜ 초과 150㎜ 이하이고 너비가 150㎜ 이상 210㎜ 이하인 것은 제외한다.","다만, 별표 1에 규정된 물품은 제외한다. 1. 중공(中空)이 없는 원형강(Round Bar): 지름이 600㎜ 이하인 것 2. 각강(Square Bar): 대변거리가 4.5㎜ 이상 40㎜ 이하인 것 3. 육각강(Hexagonal Bar): 대변거리가 5㎜ 이상 40㎜ 이하인 것 4. 평강(Flat Bar) 중 다음 각 목의 어느 하나에 해당하는 것 가. 두께가 9㎜ 이상 13㎜ 이하이고 너비가 15㎜ 이상 100㎜ 이하인 것 나. 두께가 13㎜ 이상 20㎜ 이하이고 너비가 15㎜ 이상 150㎜ 이하인 것 다. 두께가 25㎜ 이상 150㎜ 이하이고 너비가 150㎜ 이상 600㎜ 이하인 것. 다만, 두께가 100㎜ 초과 150㎜ 이하이고 너비가 150㎜ 이상 210㎜ 이하인 것은 제외한다.",7222.11.0000;7222.19.0000;7222.20.0000;7222.30.0000,제3조(부과대상 공급자) 덤핑방지관세가 부과되는 공급자는 제2조에 따른 부과대상 물품의 공급자로 한다.,3,,,"<기획재정부령 제370호, 2013. 10. 1.> 제1조(시행일) 이 규칙은 공포한 날부터 시행한다. 제2조(유효기간) 이 규칙은 공포한 날부터 3년간 효력을 가진다. 제3조(적용례) 이 규칙은 이 규칙 시행 후 「관세법」 제241조제1항에 따라 수입신고되는 물품부터 적용한다.",[별표 1] 덤핑방지관세 부과대상에서 제외되는 물품(제2조 단서 관련) | [별표 2] 덤핑방지관세율(제4조 관련),Y,"[별표 1] 덤핑방지관세 부과대상에서 제외되는 물품(제2조 단서 관련) 1. 내열강 JIS의 SUH1/1HT, SUH3/3HT, SUH11/11HT, SUH35, 21-2N, 21-12N(SUH37), 23-8N, 21-4NNbW 규격인 것 2. 니켈합금강 및 전자스테인리스강(Electromagnetic stainless steel) 3. LNG선박 건조용 스테인리스스틸 평강(SUS304)으로서 규격[두께(㎜)×너비(㎜)×길이(㎜)]이 12×55×6,000, 16×55×6,000인 것 4. 합성섬유방사 노즐용으로서 원형강(SUS-630KN) 중 그 경도가 HRC 34～38이고 지름이 30㎜ 이상 600㎜ 이하인 것과 사각강(SUS-630KN) 중 그 경도가 HRC 35 ～ 40인 것 5. 다음 각 목의 어느 하나에 해당하는 것 가. 관 이음쇠 및 유압용 육각강(SUS316) 중 그 경도가 HRC 21∼23이고, 허용공차가 H11이며, 대변거리(단위: ㎜)가 7.9, 9.5, 11.1, 12.0, 12.7, 14.0, 14.2, 15.0, 15.8, 16.0, 17.0, 17.4, 18.0, 19.1, 20.6, 22.0, 22.2, 23.8, 24.0, 25.0, 25.4, 26.9, 28.5, 30.0, 31.7, 32.0, 33.3, 34.9, 36.0 또는 38.1인 것 나. 스테인리스스틸 원형강(SUS316) 중 그 경도가 HRC 24 ∼ 28이고, 허용공차가 H9이며, 지름(단위: ㎜)이 6.0, 10.0, 12.0, 13.0, 14.0, 16.0, 18.0, 20.0, 23.0, 26.0, 29.0, 30.0, 32.0, 35.0, 40.0, 42.0 또는 50.8인 것 6. 가솔린 자동차 연료펌프모터 샤프트(Shaft)용 원형강(SUS440C)으로서 지름 5.1㎜, 길이 2,000㎜, 직경공차 ±0.02㎜ 이내, 진직도 ±0.018㎜ 이내, 진원도 0.012㎜ 이내, 표면거칠기 3.2z 이내 및 표면경도 HRB96(Max)인 것 7. 자동차 연료조절기밸브용 원형강(SUS420F)으로서 규격[지름(㎜)×길이(㎜)]이 7.1(＋0.05/－0)×2,500(＋30/－0) 또는 11.5(＋0.05/－0)×2,500(＋30/－0)인 것 8. 자동차 및 유공압 솔레노이드밸브용 쾌삭스테인리스 스틸바 원형강(ASK3200)으로서 지름이 8㎜ 이하인 것 9. 전자부품 가공용 쾌삭스테인리스 스틸바 원형강(ASK3000U)으로서 지름이 1㎜ 이상 4㎜ 이하인 것 10. SUS316L 계열의 원형강 중 고청정 반도체 제조설비에 사용되는 밸브 및 배관부품용으로 2회 이상의 용해 또는 정련 공정을 거친 것으로서 다음 각 목의 요건을 모두 갖춘 것 가. 탄소 함유량이 전체중량의 0.01% 이하일 것 나. 규소의 함유량이 전체중량의 0.15% 이하일 것 다. 망간의 함유량이 전체중량의 0.05% 이하일 것 라. 황의 함유량이 전체중량의 0.002% 이하일 것 마. 질소의 함유량이 전체중량의 0.015% 이하일 것 바. 산소의 함유량이 전체중량의 0.0015% 이하일 것 사. 니켈의 함유량이 전체중량의 14.5% 이상 15.0% 이하일 것 아. 크롬의 함유량이 전체중량의 16.5% 이상 17.0% 이하일 것 자. 몰리브덴의 함유량이 전체중량의 2.20% 이상 2.25% 이하일 것 11. SUS316L 계열의 원형강 중 고청정 반도체 제조설비에 사용되는 밸브 및 배관부품용으로 2회 이상의 용해 또는 정련 공정을 거친 것으로서 다음 각 목의 요건을 모두 갖춘 것 가. 탄소 함유량이 전체중량의 0.01% 이하일 것 나. 규소의 함유량이 전체중량의 0.30% 이하일 것 다. 망간의 함유량이 전체중량의 0.40% 이하일 것 라. 황의 함유량이 전체중량의 0.003% 이하일 것 마. 질소의 함유량이 전체중량의 0.015% 이하일 것 바. 산소의 함유량이 전체중량의 0.0015% 이하일 것 사. 니켈의 함유량이 전체중량의 14.5% 이상 15.0% 이하일 것 아. 크롬의 함유량이 전체중량의 16.5% 이상 17.0% 이하일 것 자. 몰리브덴의 함유량이 전체중량의 2.20% 이상 2.5% 이하일 것",,"[별표 2] 덤핑방지관세율(제4조 관련) 공급국 공급자 덤핑방지 관세율(%) 일 본 모든 공급자 15.39 인 도 비라즈 프로파일즈 리미티드(Viraj Profiles Ltd.) 및 그 회사의 제품을 수출하는 자 2.76 그 밖의 공급자 15.39 스페인 모든 공급자 15.39 주) ""그 밖의 공급자""와 명시된 공급자 사이에 「관세법 시행령」 제23조제1항에 따른 특수관계가 있는 경우 ""그 밖의 공급자""의 덤핑방지관세율은 그와 특수관계가 있는 명시된 공급자의 덤핑방지관세율을 적용한다."
145362,20131018,중국산 합판에 대한 덤핑방지관세 부과에 관한 규칙,중국산합판,기획재정부령,제372호,2013-10-18,2013-10-18,제정,4,제2조(부과대상 물품) 덤핑방지관세가 부과되는 물품은 중국산 합판(「관세법 시행령」 제98조에 따른 관세ㆍ통계통합품목분류표 번호 제4412.31호 또는 제4412.32호) 중 두께가 6밀리미터(mm) 이상인 것으로 한다.,,4412.31;4412.32,제3조(부과대상 공급자) 덤핑방지관세가 부과되는 공급자는 제2조에 따른 부과대상 물품의 공급자로 한다.,3,,,"<기획재정부령 제372호, 2013. 10. 18.> 제1조(시행일) 이 규칙은 공포한 날부터 시행한다. 제2조(유효기간) 이 규칙은 공포한 날부터 3년간 효력을 가진다. 제3조(일반적 적용례) 이 규칙은 이 규칙 시행 후 「관세법」 제241조제1항에 따라 수입신고되는 물품부터 적용한다.",[별표 ] 덤핑방지관세율(제4조 관련),,,,"[별표] 덤핑방지관세율(제4조 관련) 공급국 공 급 자 덤핑방지 관세율(%) 중 국 산동신강(ShanDong Xingang Group Co., Ltd.)과 같은 회사의 제품을 수출하는 자 4.36 창해(Guangxi Guigang City Changhai Lumber Co., Ltd.)와 같은 회사의 제품을 수출하는 자 4.14 지엔타오(Nanning Jiantao Wood Industry Co., Ltd.)와 같은 회사의 제품을 수출하는 자 3.27 뤼천(Nanning Hengxian Lvchen Wood Products Co., Ltd.)과 같은 회사의 제품을 수출하는 자 2.42 난닝진룬(Nanning Jinlun Woods Co., Ltd.)과 같은 회사의 제품을 수출하는 자 5.11 리안윤강얀타이(Lian Yungang Yuantai International Trade Co., Ltd.) 27.21 그 밖의 공급자 17.48 주) ""그 밖의 공급자""와 명시된 공급자 사이에 「관세법 시행령」 제23조제1항에 따른 특수관계가 있는 경우 ""그 밖의 공급자""의 덤핑방지관세율은 그와 특수관계가 있는 명시된 공급자의 덤핑방지관세율을 적용한다."
148203,20131220,중국ㆍ대만 및 말레이시아산 폴리에스테르 장섬유 연신가공사에 대한 덤핑방지관세 부과에 관한 규칙,중국·대만및말레이시아산폴리에스테르장섬유연신가공사,기획재정부령,제386호,2013-12-20,2013-12-20,제정,4,"제2조(부과대상 물품) 덤핑방지관세가 부과되는 물품은 중국ㆍ대만 및 말레이시아산 폴리에스테르 장섬유 연신가공사(Polyester Filament Draw Textured Yarn, 「관세법 시행령」 제98조에 따른 관세ㆍ통계통합품목분류표 번호 제5402.33.9000호)로 한다. 다만, 별표 1에 따른 물품은 제외한다.","다만, 별표 1에 따른 물품은 제외한다.",5402.33.9000,제3조(부과대상 공급자) 덤핑방지관세가 부과되는 공급자는 제2조에 따른 부과대상 물품의 공급자로 한다.,3,,,"<기획재정부령 제386호, 2013. 12. 20.> 제1조(시행일) 이 규칙은 공포한 날부터 시행한다. 제2조(유효기간) 이 규칙은 공포한 날부터 3년간 효력을 가진다. 제3조(일반적 적용례) 이 규칙은 이 규칙 시행 후 「관세법」 제241조제1항에 따라 수입신고되는 물품부터 적용한다.",[별표 1] 덤핑방지관세 부과대상에서 제외되는 물품(제2조 단서 관련) | [별표 2] 덤핑방지관세율(제4조 관련),Y,"[별표 1] 덤핑방지관세 부과대상에서 제외되는 물품(제2조 단서 관련) 1. 폴리에스테르를 나일론 등 다른 섬유와 복합방사한 물품 2. 폴리에스테르 장섬유 연신가공사를 종류가 다른 원사와 공기(空氣)로 접착시킨 물품 3. 양이온 염색 가능 폴리에스테르 장섬유 연신가공사(Cationic Dyeable Polyester Filament Draw Textured Yarn) 가. 정의 섬유 내부에 다양한 양의 코모노머(Comonomer)를 함유한 폴리에스테르 장섬유 연신가공사로서 다음의 어느 하나에 해당하는 것 1) 5-sodium Sulfo Dimethyl Isophthalate(DMS)를 1.3mol% 함유한 Cationic Dyeable Polyester Chip으로만 생산된 것 2) Cationic Dyeable Polyester Chip과 일반 폴리에스테르칩을 다양한 비율로 혼합한 경우에는 중량기준으로 Cationic Dyeable Polyester Chip이 1퍼센트 이상 포함된 것 나. 모델 양이온 염색 가능 폴리에스테르 장섬유 연신가공사 100퍼센트로 이루어지고, 단면이 원형(Round Cross-Section Group)인 것 중 51D/36F, 51D/72F, 75D/72F/2, 75D/36F, 150D/96F/2 또는 150D/144F/2인 것 ※ D: 실의 굵기(denier), F: 필라멘트(Filament)의 수, 2: 실타래 2개 4. Dope Dyed Black 폴리에스테르 장섬유 연신가공사 가. 정의 방사과정에서 카본블랙을 혼합한 Black Dope Dyed Polyester POY(폴리에스테르 장섬유 부분연신사)를 가연하여 생산된 폴리에스테르 장섬유 연신가공사 나. 모델 50D/36F, 50D/72F, 75D/36F, 100D/36F 또는 300D/96F인 것 ※ D: 실의 굵기(denier), F: 필라멘트(Filament)의 수 5. Bamboo Charcoal 폴리에스테르 장섬유 연신가공사 가. 정의 중합과정에서 bamboo charcoal 성분의 나노물질이 첨가된 것으로서 중량기준으로 bamboo charcoal 성분이 0.02퍼센트 이상 포함된 것 나. 모델 가목에 해당하는 모든 것 6. 습도조절(Moisture Management 또는 Cool and Dry) 폴리에스테르 장섬유 연신가공사 가. 정의 다음의 어느 하나에 해당하는 것 1) 내부의 수분을 외부로 방출하기 위하여 통로의 역할을 하는 ""X"", ""Y"", ""C"", 파도(wave), 중공(中空) 형태 또는 이들을 혼합한 다양한 형태의 단면을 가진 것 2) 중합과정에서 옥(玉) 파우더와 같은 냉각효과를 갖는 미네랄 파우더를 중량의 0.5퍼센트 이상 첨가한 것 3) 1)과 2)를 혼합하여 생산된 것 나. 모델 가목에 해당하는 모든 것 7. 원적외선(Far-infrared) 폴리에스테르 장섬유 연신가공사 가. 정의 중합과정에서 크기가 70㎚～100㎚인 이산화규소(SiO2) 나노 파우더가 중량의 0.5퍼센트 이상 혼합되고, 방사과정에서 원적외선 공정을 거쳐 생산된 것 나. 모델 가목에 해당하는 모든 것 8. Polyester Trilobal Bright 폴리에스테르 장섬유 연신가공사 가. 정의 테레프탈산(TPA)과 모노에틸렌글리콜(MEG)의 중합과정에서 이산화티타늄(TiO2)을 첨가하지 아니한 것으로서 방사과정에서 삼각단면 노즐을 사용하여 섬유의 단면이 삼각형인 Polyester TBR POY를 연신ㆍ가연하여 생산한 제품으로 광택(Luster)이 Bright급이고 단면이 삼각형인 것 나. 모델 가목에 해당하는 모든 것",,"[별표 2] 덤핑방지관세율(제4조 관련) 공급국 공 급 자 덤핑방지 관세율(%) 중국 1. 다음 각 목의 회사와 같은 회사의 제품을 수출하는 자 가. 헹리(Jiangsu Hengli Chemical Fibre Co., Ltd.) 나. 더리(Jiangsu Deli Chemical Fibre Co., Ltd.) 2.72 2. 다음 각 목의 회사와 같은 회사의 제품을 수출하는 자 가. 쉥홍(Jiangsu Shenghong Science and Technology Co., Ltd.) 나. 종루(Jiangsu Zhonglu Technology Development Co., Ltd.) 다. 궈왕(Jiangsu Guowang High-Technique Fiber Co., Ltd.) 3.02 3. 그 밖의 공급자 8.69 대만 1. 릴리(Lealea Enterprise Co., Ltd.)와 같은 회사의 제품을 수출하는 자 2.24 2. 난야(Nan Ya Plastics Corporation)와 같은 회사의 제품을 수출하는 자 2.22 3. 그 밖의 공급자 7.35 말레이 시아 1. 레크론[Recron (M) Sdn., Bhd.]과 같은 회사의 제품을 수출하는 자 3.96 2. 그 밖의 공급자 5.59 주) ""그 밖의 공급자""와 명시된 공급자 사이에 「관세법 시행령」 제23조제1항에 따른 특수관계가 있는 경우 ""그 밖의 공급자""의 덤핑방지관세율은 그와 특수관계가 있는 명시된 공급자의 덤핑방지관세율을 적용한다."
148222,20131220,중국ㆍ인도네시아 및 태국산 폴리프로필렌 연신필름에 대한 덤핑방지관세 부과에 관한 규칙,중국·인도네시아및태국산폴리프로필렌연신필름,기획재정부령,제385호,2013-12-20,2013-12-20,제정,4,"제2조(부과대상 물품) 덤핑방지관세가 부과되는 물품은 중국ㆍ인도네시아 및 태국산 폴리프로필렌 연신필름(Oriented Polypropylene Film,「관세법 시행령」 제98조에 따른 관세ㆍ통계통합품목분류표 번호 제3920.20.0000호 또는 제3921.90.2000호) 중 두께가 10마이크로미터(㎛) 이상인 것으로 한다.",,3920.20.0000;3921.90.2000,제3조(부과대상 공급자) 덤핑방지관세가 부과되는 공급자는 제2조에 따른 부과대상 물품의 공급자로 한다.,5,,,"<기획재정부령 제385호, 2013. 12. 20.> 제1조(시행일) 이 규칙은 공포한 날부터 시행한다. 제2조(유효기간) 이 규칙은 공포한 날부터 5년간 효력을 가진다. 제3조(일반적 적용례) 이 규칙은 이 규칙 시행 후 「관세법」 제241조제1항에 따라 수입신고되는 물품부터 적용한다.",[별표 ] 덤핑방지관세율(제4조 관련),,,,"[별표] 덤핑방지관세율(제4조 관련) 공급국 공급자 덤핑방지 관세율(%) 중 국 1. 다음 각 목의 회사와 같은 회사의 제품을 수출하는 자 가. 슈강(Jiangsu Shukang Packing Material Co., Ltd.) 나. 헝창팩킹(Jiangsu Hengchuang Packing Material Co., Ltd.) 다. 상량테크(Jiangsu Shuangliang Technology Co., Ltd.) 라. 헝창테크(Jiangyin Hengchuang Technology Co., Ltd.) 마. 상량그룹(Jiangsu Shuangliang Group Co., Ltd.) 바. 상량브랜치(Jiangsu Shuangliang Group Co., Ltd. Sales Branch) 3.89 2. 다음 각 목의 회사와 같은 회사의 제품을 수출하는 자 가. 데크로 패키지(Guangdong Decro Package Films Co., Ltd.) 나. 데크로 신재료(Guangdong Decro Film New Materials Co., Ltd.) 다. 데크로 홍콩[Decro New Material (H.K.) Co., Ltd.] 4.74 3. 궈펑(Anhui Guofeng Plastic Industry Co., Ltd.)과 같은 회사의 제품을 수출하는 자 4.17 4. 종산(Zhongshan New Asia Adhesive Products Co., Ltd.)과 같은 회사의 제품을 수출하는 자 25.04 5. 다음 각 목의 회사와 같은 회사의 제품을 수출하는 자 가. 킨리드(Zhejiang Kinlead Innovative Materials Co., Ltd.) 나. 킨윈(Kinwin Plastic Industrial Co., Ltd.) 다. 울트라 패스트(Ultra Fast Development Limited) 4.38 6. 다음 각 목의 회사와 같은 회사의 제품을 수출하는 자 가. 수조우 쿤린(Suzhou Kunlene Film Industries Co., Ltd.) 나. 윈난 쿤린(Yunnan Kunlene Film Industries Co., Ltd.) 11.67 7. 그 밖의 공급자 7.40 인도네시아 1. 인도폴리(PT Indopoly Swakarsa Industry Tbk.)와 같은 회사의 제품을 수출하는 자 . 4.43 2. 아르가(PT Argha Karya Prima Industry Tbk.)와 같은 회사의 제품을 수출하는 자 5.98 3. 트리아스(PT Trias Sentosa Tbk.)와 같은 회사의 제품을 수출하는 자 4.83 4. 롯데 패키징(PT Lotte Packaging)과 같은 회사의 제품을 수출하는 자 0.00 5. 그 밖의 공급자 5.98 태 국 1. 타이필름(Thai Film Industries Public Co., Ltd.)과 같은 회사의 제품을 수출하는 자 10.55 2. 에이제이피(A.J. Plast Public Co., Ltd.)와 같은 회사의 제품을 수출하는 자 3.48 3. 그 밖의 공급자 10.55 주) ""그 밖의 공급자""와 명시된 공급자 사이에 「관세법 시행령」 제23조제1항에 따른 특수관계가 있는 경우 ""그 밖의 공급자""의 덤핑방지관세율은 그와 특수관계가 있는 명시된 공급자의 덤핑방지관세율을 적용한다."
159442,20140905,말레이시아산 합판에 대한 덤핑방지관세 부과에 관한 규칙,말레이시아산합판,기획재정부령,제433호,2014-09-05,2014-09-05,제정,4,제2조(부과대상 물품) 덤핑방지관세가 부과되는 물품은 말레이시아산 합판(「관세법 시행령」 제98조에 따른 관세ㆍ통계통합품목분류표 번호 제4412.31호 또는 제4412.32호에 해당하는 것을 말한다) 중 두께가 6밀리미터(㎜) 이상인 것으로 한다.,,4412.31;4412.32,제3조(부과대상 공급자) 덤핑방지관세가 부과되는 공급자는 제2조에 따른 부과대상 물품의 공급자로 한다.,2,,,"<기획재정부령 제433호, 2014. 9. 5.> 제1조(시행일) 이 규칙은 공포한 날부터 시행한다. 제2조(유효기간) 이 규칙은 공포한 날부터 2년간 효력을 가진다. 제3조(일반적 적용례) 이 규칙은 이 규칙 시행 후 「관세법」 제241조제1항에 따라 수입신고되는 물품부터 적용한다.",[별표 ] 덤핑방지관세율(제4조 관련),,,,"[별표] 덤핑방지관세율(제4조 관련) 공급국 공 급 자 덤핑방지 관세율(%) 말레이시아 신양(Shin Yang Plywood SDN BHD) 및 그 회사의 물품을 수출하는 자 8.06 포레스컴(Forescom Plywood SDN BHD) 및 그 회사의 물품을 수출하는 자 8.06 신양빈툴루(Shin Yang Plywood Bintulu SDN BHD) 및 그 회사의 물품을 수출하는 자 8.06 제드티(Zedtee Plywood SDN BHD) 및 그 회사의 물품을 수출하는 자 8.06 수부르 티아사(Subur Tiasa Plywood SDN BHD) 및 그 회사의 물품을 수출하는 자 3.17 자야 티아사(Jaya Tiasa Timber Products SDN BHD) 및 그 회사의 물품을 수출하는 자 3.08 화센(Hwa Sen Veneer and Plywood Industries SDN BHD) 및 그 회사의 물품을 수출하는 자 3.24 시노라(Sinora SDN BHD) 및 그 회사의 물품을 수출하는 자 38.10 그 밖의 공급자 8.76 주) ""그 밖의 공급자""와 명시된 공급자 사이에 「관세법 시행령」 제23조제1항에 따른 특수관계가 있는 경우 ""그 밖의 공급자""의 덤핑방지관세율은 그와 특수관계가 있는 명시된 공급자의 덤핑방지관세율을 적용한다."
161602,20141027,중국산 합판에 대한 덤핑방지관세 부과에 관한 규칙,중국산합판,기획재정부령,제437호,2014-10-27,2014-10-27,일부개정,4,제2조(부과대상 물품) 덤핑방지관세가 부과되는 물품은 중국산 합판(「관세법 시행령」 제98조에 따른 관세ㆍ통계통합품목분류표 번호 제4412.31호 또는 제4412.32호) 중 두께가 6밀리미터(mm) 이상인 것으로 한다.,,4412.31;4412.32,제3조(부과대상 공급자) 덤핑방지관세가 부과되는 공급자는 제2조에 따른 부과대상 물품의 공급자로 한다.,3,,,"<기획재정부령 제372호, 2013. 10. 18.> 제1조(시행일) 이 규칙은 공포한 날부터 시행한다. 제2조(유효기간) 이 규칙은 공포한 날부터 3년간 효력을 가진다. 제3조(일반적 적용례) 이 규칙은 이 규칙 시행 후 「관세법」 제241조제1항에 따라 수입신고되는 물품부터 적용한다. <기획재정부령 제437호, 2014. 10. 27.> 제1조(시행일) 이 규칙은 공포한 날부터 시행한다. 제2조(덤핑방지관세율에 관한 적용례) 별표의 개정규정은 2014년 2월 28일 이후 「관세법」 제241조제1항에 따라 수입신고된 물품부터 적용한다.",[별표 ] 덤핑방지관세율(제4조 관련),,,,"[별표] <개정 2014.10.27.> 덤핑방지관세율(제4조 관련) 공급국 공급자 덤핑방지 관세율(%) 중국 산동신강(ShanDong Xingang Group Co., Ltd.) 과 그 회사의 제품을 수출하는 자 4.36 창해(Guangxi Guigang City Changhai Limber Co., Ltd.)와 그 회사의 제품을 수출하는 자 4.14 지엔타오(Nanning Jiantao Wood Co., Ltd.)와 그 회사의 제품을 수출하는 자 3.27 뤼천(Nanning Hengxian Lvchen Wood Products Co., Ltd.)과 그 회사의 제품을 수출하는 자 2.42 난닝진룬(Nanning Jinlun Woods Co., Ltd.)과 그 회사의 제품을 수출하는 자 5.11 리안윤강얀타이(Lian Yungang Yuantai International Trade Co., Ltd.) 27.21 꿰이강 동하이(Guigang Donghai Wood Co., Ltd.)와 그 회사의 제품을 수출하는 자 4.54 꿰이강 웨이추앙(Guigang Weichuang Wood Co., Ltd.)과 그 회사의 제품을 수출하는 자 4.46 그 밖의 공급자 17.48 주) ""그 밖의 공급자""와 명시된 공급자 사이에 「관세법 시행령」 제23조제1항에 따른 특수관계가 있는 경우 ""그 밖의 공급자""의 덤핑방지관세율은 그와 특수관계가 있는 명시된 공급자의 덤핑방지관세율을 적용한다."
166209,20141230,일본산 두꺼운 폴리에틸렌 테레프탈레이트(PET) 필름에 대한 덤핑방지관세 부과에 관한 규칙,일본산두꺼운폴리에틸렌테레프탈레이트(PET)필름,기획재정부령,제449호,2014-12-30,2014-12-30,제정,4,"제2조(부과대상 물품) 덤핑방지관세가 부과되는 물품은 일본산 폴리에틸렌 테레프탈레이트(PET, Polyethylene Terephthalate) 필름(「관세법 시행령」 제98조에 따른 관세ㆍ통계통합품목분류표 번호 제3920.62.0000호에 해당하는 것을 말한다) 중 다음 각 호의 요건을 모두 갖춘 투명한 것으로 한다. 다만, 두께 1마이크로미터 이상의 코팅, 인쇄, 증착, 라미네이션 등의 추가 가공을 거친 물품은 제외한다. 1. 두께가 105마이크로미터 이상일 것 2. 흐림도가 15퍼센트 이하일 것","다만, 두께 1마이크로미터 이상의 코팅, 인쇄, 증착, 라미네이션 등의 추가 가공을 거친 물품은 제외한다. 1. 두께가 105마이크로미터 이상일 것 2. 흐림도가 15퍼센트 이하일 것",3920.62.0000,제3조(부과대상 공급자) 덤핑방지관세가 부과되는 공급자는 제2조에 따른 부과대상 물품의 공급자로 한다.,3,,,"<기획재정부령 제449호, 2014. 12. 30.> 제1조(시행일) 이 규칙은 공포한 날부터 시행한다. 제2조(유효기간) 이 규칙은 공포한 날부터 3년간 효력을 가진다. 제3조(일반적 적용례) 이 규칙은 이 규칙 시행 이후 수입신고하는 물품부터 적용한다.",,,,,
166210,20141230,미국ㆍ말레이시아ㆍ태국 및 일본산 에탄올아민에 대한 덤핑방지관세 부과에 관한 규칙,미국·말레이시아·태국및일본산에탄올아민,기획재정부령,제450호,2014-12-30,2014-12-30,제정,4,"제2조(부과대상 물품) 덤핑방지관세가 부과되는 물품은 미국ㆍ말레이시아ㆍ태국 및 일본산 에탄올아민(Ethanolamine, 「관세법 시행령」 제98조에 따른 관세ㆍ통계통합품목분류표 번호 제2922.11.1000호, 제2922.12.1000호, 제2922.13.1000호에 해당하는 것을 말한다)으로 한다.",,2922.11.1000;2922.12.1000;2922.13.1000,제3조(부과대상 공급자) 덤핑방지관세가 부과되는 공급자는 제2조에 따른 부과대상 물품의 공급자로 한다.,3,,,"<기획재정부령 제450호, 2014. 12. 30.> 제1조(시행일) 이 규칙은 공포한 날부터 시행한다. 제2조(유효기간) 이 규칙은 공포한 날부터 3년간 효력을 가진다. 제3조(일반적 적용례) 이 규칙은 이 규칙 시행 이후 수입신고하는 물품부터 적용한다.",[별표 ] 덤핑방지관세율(제4조 관련),,,,"[별표] 덤핑방지관세율(제4조 관련) 공급국 공급자 덤핑방지 관세율(%) 미국 1. 헌츠만(Huntsman Corporation)과 그 기업의 제품을 수출하는 자 21.79 2. 다우(Dow Chemical Company)와 그 기업의 제품을 수출하는 자 12.43 3. 이네오스(INEOS)와 그 기업의 제품을 수출하는 자 21.79 4. 그 밖의 공급자 14.47 말레이시아 모든 공급자 12.64 태국 모든 공급자 4.36 일본 모든 공급자 21.79 주) 미국의 경우 ""그 밖의 공급자""와 제1호부터 제3호까지 중 어느 하나의 공급자 사이에 「관세법 시행령」 제23조제1항에 따른 특수관계가 있는 경우에는 ""그 밖의 공급자""의 덤핑방지관세율은 그와 특수관계가 있는 해당 공급자의 덤핑방지관세율을 적용한다."
167172,20150107,중국산 플로트판유리에 대한 덤핑방지관세 부과에 관한 규칙,중국산플로트판유리,기획재정부령,제457호,2015-01-07,2015-01-07,제정,4,"제2조(부과대상 물품) 덤핑방지관세가 부과되는 물품은 플로트공법으로 생산된 중국산 플로트판유리(「관세법 시행령」 제98조에 따른 관세ㆍ통계통합품목분류표 번호 제7005.21.4000호, 제7005.21.5000호, 제7005.21.6000호, 제7005.21.7010호, 제7005.21.7020호, 제7005.21.7030호, 제7005.29.4010호, 제7005.29.4090호, 제7005.29.5010호, 제7005.29.5090호, 제7005.29.6010호, 제7005.29.6090호, 제7005.29.7010호, 제7005.29.7090호, 제7005.29.8010호, 제7005.29.8090호, 제7005.29.9010호, 제7005.29.9090호에 해당하는 것을 말한다) 중 다음 각 호의 어느 하나에 해당하는 것으로 한다. 다만, 코팅유리(Coated Glass), 무늬유리(Patterned Glass), 망입유리(Wired Glass), 복층유리(Insulating Glass), 강화유리(Tempered Glass), 접합유리(Laminated Glass), 에칭유리(Etched Glass), 저철분유리(Low iron Glass) 등 판유리의 효용을 개선하기 위하여 가공한 유리는 제외한다. 1. 맑은 유리(Clear Float Glass): 두께가 4밀리미터를 초과하고 13밀리미터 미만인 것 2. 색유리 중 그린유리(Green Float Glass): 두께가 4밀리미터를 초과하고 13밀리미터 미만인 것","다만, 코팅유리(Coated Glass), 무늬유리(Patterned Glass), 망입유리(Wired Glass), 복층유리(Insulating Glass), 강화유리(Tempered Glass), 접합유리(Laminated Glass), 에칭유리(Etched Glass), 저철분유리(Low iron Glass) 등 판유리의 효용을 개선하기 위하여 가공한 유리는 제외한다. 1. 맑은 유리(Clear Float Glass): 두께가 4밀리미터를 초과하고 13밀리미터 미만인 것 2. 색유리 중 그린유리(Green Float Glass): 두께가 4밀리미터를 초과하고 13밀리미터 미만인 것",7005.21.4000;7005.21.5000;7005.21.6000;7005.21.7010;7005.21.7020;7005.21.7030;7005.29.4010;7005.29.4090;7005.29.5010;7005.29.5090;7005.29.6010;7005.29.6090;7005.29.7010;7005.29.7090;7005.29.8010;7005.29.8090;7005.29.9010;7005.29.9090,"제3조(부과대상 공급자) ① 덤핑방지관세가 부과되는 공급자는 제2조에 따른 부과대상 물품의 공급자로 한다. ② 제1항에도 불구하고 별표 제1호 각 목의 공급자로서 「관세법」 제54조제1항에 따른 가격수정에 관한 약속이 수락된 경우에는 부과대상 공급자에서 제외한다. 다만, 해당 가격수정에 관한 약속을 이행하지 아니하는 경우에는 덤핑방지관세를 부과한다.",3,,,"<기획재정부령 제457호, 2015. 1. 7.> 제1조(시행일) 이 규칙은 공포한 날부터 시행한다. 제2조(유효기간) 이 규칙은 공포한 날부터 3년간 효력을 가진다. 제3조(일반적 적용례) 이 규칙은 이 규칙 시행 이후 수입신고하는 물품부터 적용한다.",[별표 ] 덤핑방지관세율(제4조 관련),,,,"[별표] 덤핑방지관세율(제4조 관련) 공급국 공급자 덤핑방지 관세율(%) 중국 1. 다음 각 목의 차이나글라스그룹(China Glass Holdings Ltd.) 관계사와 그 기업의 제품을 수출하는 자 가. Zhongbo Technology Co., Ltd. 나. Beijing Qinchang Glass Co., Ltd. 다. Jiangsu SHD New Materials Co., Ltd. 라. Hangzhou Blue Star New materials Technology Co., Ltd. 마. Nanjing Yuanhong Special Glass Co., Ltd. 바. Xianyang Blue Star Coated Glass Co., Limited. 사. Weihai Blue Star Glass Co., Ltd. 아. Weihai Blue Star Technology and Industrial Park Co., Ltd. 자. Weihai China Glass Solar Co., Ltd. 차. Weihai Blue Star New Technology Glass Co., Ltd. 카. Weihai Blue Star Import and Export Co., Ltd. 타. Suqian Huayi Coated Glass Limited. 파. Wuhai Haibo Trading Co., Ltd. 하. Wuhai Blue Star Glass Co., Ltd. 거. Wuhai Blue Star Transportation Co., Ltd. 너. Hanzhong Blue Star Silicon Sand Co., Ltd 더. Shaanxi Blue Star Glass Limited. 러. Dongtai China Glass Special Glass CO., Ltd. 머. Huada(HK) International Co., Limited. 버. Zhongbo Blue Star(Linyi) Glass Co., Limited. 12.04 2. 다음 각 목의 진징그룹(Jinjing Group Co., Ltd.) 관계사와 그 기업의 제품을 수출하는 자 가. Shandong Jinjing Trade Co., Ltd. 나. Shandong Jinjing Science & Technology Stock Co., Ltd. 다. Zibo Zhongqi Building Materials Co., Ltd. 라. Zibo Jinxing Glass Co., Ltd. 마. Tengzhou Jinjing Glass Co., Ltd. 바. Tengzhou Fumin Glass Co., Ltd. 사. Langfang Jinbiao Glass Co., Ltd. 15.22 3. 칭다오판유리(Qingdao Float Glass Co., Ltd.)와 그 기업의 제품을 수출하는 자 28.31 4. 칭다오진징(Qingdao Jinjing Stock Co., Ltd.)과 그 기업의 제품을 수출하는 자 36.01 5. 야오후아(Qinhuangdao Yaohua Glass Co., Ltd.)와 그 기업의 제품을 수출하는 자 21.37 6. 티지창지앙(TG Changjiang Glass Co., Ltd.)과 그 기업의 제품을 수출하는 자 29.21 7. 지앙수파룬(Jiangsu Farun Group Co., Ltd.)과 그 기업의 제품을 수출하는 자 36.01 8. 그 밖의 공급자 19.06 주) ""그 밖의 공급자""와 제1호부터 제7호까지 중 어느 하나의 공급자 사이에 「관세법 시행령」 제23조제1항에 따른 특수관계가 있는 경우에는 ""그 밖의 공급자""의 덤핑방지관세율은 그와 특수관계가 있는 해당 공급자의 덤핑방지관세율을 적용한다."
168805,20150225,중국산 도자기질 타일에 대한 덤핑방지관세 부과에 관한 규칙,중국산도자기질타일,기획재정부령,제463호,2015-02-25,2015-02-25,제정,4,"제2조(부과대상 물품) 덤핑방지관세가 부과되는 물품은 중국산 도자기질 타일(「관세법 시행령」 제98조에 따른 관세ㆍ통계통합품목분류표 번호 제6901.00.3000호, 제6907.90.1000호, 제6907.90.9000호, 제6908.90.1000호, 제6908.90.9000호에 해당하는 것을 말한다)로서 가로와 세로의 길이가 각각 70밀리미터 이상 1천300밀리미터 이하인 사각형태의 것을 말한다.",,6901.00.3000;6907.90.1000;6907.90.9000;6908.90.1000;6908.90.9000,제3조(부과대상 공급자) 덤핑방지관세가 부과되는 공급자는 제2조에 따른 부과대상 물품의 공급자로 한다.,3,,,"<기획재정부령 제463호, 2015. 2. 25.> 제1조(시행일) 이 규칙은 공포한 날부터 시행한다. 제2조(유효기간) 이 규칙은 공포한 날부터 3년간 효력을 가진다. 제3조(일반적 적용례) 이 규칙은 이 규칙 시행 이후 수입신고하는 물품부터 적용한다.",[별표 ] 덤핑방지관세율(제4조 관련),,,,"[별표] 덤핑방지관세율(제4조 관련) 공급국 공급자 덤핑방지 관세율(%) 중국 1. 다음 각 목의 기업과 그 기업의 제품을 수출하는 자 가. Guangdong Jiajun Ceramics Co., Ltd. 나. Foshan Jiajun Ceramics Co., Ltd. 9.07 2. 다음 각 목의 기업과 그 기업의 제품을 수출하는 자 가. Guangdong Winto Ceramics Co., Ltd. 나. Guangdong Homeway Ceramics Industry Co., Ltd. 다. Guangdong Dongtao Ceramics Co., Ltd. 라. Guangdong Honghai Ceramics Industry Co., Ltd. 마. Guangdong Hongyu Ceramics Co., Ltd. 바. Guangdong Fotao Group Import & Export Trading Co., Ltd. 사. Foshan ITTO Ceramics Co., Ltd. 아. Foshan Venizea Ceramics Co., Ltd. 자. Foshan Sanshui Hongyuan Ceramics Enterprise Co., Ltd. 차. Foshan Gaode Ceramics Co., Ltd. 카. Foshan Zhuoyuan Ceramics Co., Ltd. 9.14 3. 다음 각 목의 기업과 그 기업의 제품을 수출하는 자 가. Foshan Gaoming Yaju Ceramics Co., Ltd. 나. Foshan Gaoge Ceramics Co., Ltd. 다. Foshan Royal House International Trade Co., Ltd. 9.82 4. 다음 각 목의 기업과 그 기업의 제품을 수출하는 자 가. Foshan Shiwan Eagle Brand Ceramic Co., Ltd. 나. Eagle Brand Ceramics Industrial (Heyuan) Co., Ltd. 다. Foshan Shiwan Eagle Brand Huapeng Ceramic Co., Ltd. 라. Heyuan Dongyuan Eagle Brand Ceramic Co., Ltd. 마. Foshan Eagle Brand Ceramic Trade Co., Ltd. 10.19 5. 오버랜드(Guangdong Overland Ceramics Co., Ltd.)와 그 기업의 제품을 수출하는 자 12.90 6. 다음 각 목의 기업과 그 기업의 제품을 수출하는 자 가. Guangdong Bode Fine Building Material Co., Ltd. 나. Yangxi Bode Fine Building Material Co., Ltd. 13.46 7. 다음 각 목의 기업과 그 기업의 제품을 수출하는 자 가. Qingyuan Gani Ceramics Co., Ltd. 나. Foshan Gani Ceramics Co., Ltd. 13.65 8. 레드리프(Fujian Minqing Red-leaf Ceramic Building Material Co., Ltd.)와 그 기업의 제품을 수출하는 자 15.19 9. 다음 각 목의 기업과 그 기업의 제품을 수출하는 자 가. Jianping Jinzheng Ceramic Co., Ltd. 나. Tangshan Rongfu Ceramic Co., Ltd. 다. Gucheng Jinchang Construction Ceramic Co., Ltd. 라. Xiangyang Taosheng Construction Ceramic Co., Ltd. 17.78 10. 다음 각 목의 기업과 그 기업의 제품을 수출하는 자 가. Foshan Dongpeng Ceramics Co., Ltd. 나. Foshan Huashengchang Ceramics Co., Ltd. 다. Zibo Kapuer Ceramics Co., Ltd. 라. Qingyuan Nafuna Ceramics Co., Ltd. 마. Fengcheng Dongpeng Ceramics Co., Ltd. 바. Lixian Xinpeng Ceramics Co., Ltd. 사. Duilong Deqing Heying Trading Co., Ltd. 아. Hunan Dongpeng Building Materials Co., Ltd. 자. Linzhi Yuhe Trading Co., Ltd. 차. Jiangxi Fengyu Commercial and Trading Co., Ltd. 카. Yunnan Xuanpeng Building Materials Co., Ltd. 타. Shenzhen Dongpeng Ceramics Co., Ltd. 파. Guangzhou Dongpeng Ceramics Co., Ltd. 하. Shanghai Dongpeng Ceramics Co., Ltd. 거. Shaanxi Dongpeng Building Materials Co., Ltd. 너. Qingdao Ruipeng Building Materials Co., Ltd. 더. Foshan Shunde Dongpeng Ceramics Sales Co., Ltd. 러. Guangxi Yuepeng Building Materials Co., Ltd. 머. Guangdong Dongpeng Holdings Co., Ltd. 19.52 11. 허메이(Foshan Hemei Ceramics Co., Ltd.)와 그 기업의 제품을 수출하는 자 22.30 12. 다음 각 목의 기업과 그 기업의 제품을 수출하는 자 가. Shandong ASA Ceramic Co., Ltd. 나. Shanghai ASA Ceramic Co., Ltd. 다. Shanghai Chaoyue Trade Co., Ltd. 라. Foshan Lidu Ceramic Co., Ltd. 마. Shanghai Jinming Investment Group Co., Ltd. 29.41 13. 다음 각 목의 기업과 그 기업의 제품을 수출하는 자 가. Shanghai CIMIC Holdings Co.,Ltd. 나. Shanghai Cimic Decoration Material Co., Ltd. 다. Shanghai Cimic Construction Material Co., Ltd. 라. Chengdu Cimic Construction Material Co., Ltd. 마. Xi'an Cimic Construction Material Co., Ltd. 바. Chongqing Cimic Construction Material Co., Ltd. 사. Guangzhou Cimic Construction Material Co., Ltd. 아. Shanghai Cimic Construction Material Co., Ltd. Nanjing Branch 자. Shanghai Cimic Construction Material Co., Ltd. Jinan Branch 차. Shanghai Cimic Construction Material Co., Ltd. Hangzhou Branch 카. Shanghai Cimic Construction Material Co., Ltd. Wuhan Branch 타. Shanghai Cimic Construction Material Co., Ltd. Tianjin Branch 파. Shanghai Cimic Construction Material Co., Ltd. Shenyang Branch 하. Shanghai Cimic Construction Material Co., Ltd. Beijing Branch 거. Shanghai Cimic Construction Material Co., Ltd. Zhengzhou Branch 너. Shanghai Cimic Construction Material Co., Ltd. Wuxi Branch 더. Shanghai Cimic Holdings Co., Ltd. Shenzhen Branch 러. Jiangxi Cimic Tile Co., Ltd. 머. Jiangxi Cimic Construction Material Co., Ltd. 29.41 14. 하우손(China Houson Building Material Co., Ltd.)과 그 기업의 제품을 수출하는 자 29.41 15. 상원(Foshan Chancheng Shangyuan Oulian Construction Ceramic Limited)과 그 기업의 제품을 수출하는 자 29.41 16. 다음 각 목의 기업과 그 기업의 제품을 수출하는 자 가. New Zhong Yuan Ceramics Co., Ltd. of Guangdong, Foshan 나. New Zhongyuan Ceramics Co., Ltd. 다. Heyuan Wanfeng Ceramics Co., Ltd. 라. Qingyuan Southern Building Materials and Sanitary Ware Co., Ltd. 마. Sichuan New Zhongyuan Ceramics Co., Ltd. 바. Sichuan Xin Yuezhong Ceramics Co., Ltd. 사. New Zhong Yuan Ceramics Import & Export Co., Ltd. of Guangdong, Foshan 아. San De Bo Ceramics Co., Ltd., Foshan Lungo Ceramics Co., Ltd. 29.41 17. 샹시(Foshan Shuangxi Ceramics Co., Ltd.)와 그 기업의 제품을 수출하는 자 29.41 18. 후아싱(Wulian Huaxing Packaing Co., Ltd.)과 그 기업의 제품을 수출하는 자 29.41 19. 달리안(Dalian Zheng Ren Trading Co., Ltd.)과 그 기업의 제품을 수출하는 자 29.41 20. 광동난하이(Guangdong Nanhai Light Industrial Products Imp & Exp Co., Ltd.)와 그 기업의 제품을 수출하는 자 29.41 21. 메디컬이큅먼트(China National Medical Equipment & Supplies Imp & Exp Corp.)와 그 기업의 제품을 수출하는 자 29.41 22. 그 밖의 공급자 16.07 주) ""그 밖의 공급자""와 제1호부터 제21호까지 중 어느 하나의 공급자 사이에 「관세법 시행령」 제23조제1항에 따른 특수관계가 있는 경우에는 ""그 밖의 공급자""의 덤핑방지관세율은 그와 특수관계가 있는 해당 공급자의 덤핑방지관세율을 적용한다."
173666,20150730,중국산 에이치(H) 형강에 대한 덤핑방지관세의 부과에 관한 규칙,중국산에이치(H)형강,기획재정부령,제495호,2015-07-30,2015-07-30,제정,4,"제2조(부과대상 물품) 덤핑방지관세가 부과되는 물품은 중국산 에이치(H) 형강[「관세법 시행령」 제98조에 따른 관세ㆍ통계통합품목분류표 번호 제7216.33.3000호, 제7216.33.4000호, 제7216.33.5000호, 제7228.70.1010호, 제7228.70.1090호에 해당하는 것을 말한다] 중 다음 각 호의 요건을 모두 갖춘 것으로 한다. 1. 상하 및 좌우 대칭 형태일 것 2. 「산업표준화법」 제12조에 따른 한국산업표준에 따라 측정한 높이가 80밀리미터 이상일 것",,7216.33.3000;7216.33.4000;7216.33.5000;7228.70.1010;7228.70.1090,제3조(부과대상 공급자) ① 덤핑방지관세가 부과되는 공급자는 제2조에 따른 부과대상 물품의 공급자로 한다. ② 제1항에도 불구하고 기획재정부장관이 「관세법」 제54조제1항에 따른 가격수정에 관한 약속을 수락한 별표 1 각 호의 공급자는 부과대상 공급자에서 제외한다.,5,,,"<기획재정부령 제495호, 2015. 7. 30.> 제1조(시행일) 이 규칙은 공포한 날부터 시행한다. 제2조(유효기간) 이 규칙은 공포한 날부터 5년간 효력을 가진다. 제3조(일반적 적용례) 이 규칙은 이 규칙 시행 이후 수입신고하는 물품부터 적용한다.",[별표 1] 부과대상 공급자에서 제외되는 공급자(제3조제2항 관련) | [별표 2] 덤핑방지관세율(제4조 관련),Y,"[별표 1] 부과대상 공급자에서 제외되는 공급자(제3조제2항 관련) 공급자 1. 바오토우스틸(Inner Mongolia Baotou Steel Union Co., Ltd.)과 그 기업의 제품을 수출하는 다음 각 목의 기업 가. Baotou Steel International Economic and Trading Co., Ltd. 나. Baogang Zhan Bo International Trade Limited 다. Baotou Steel(Hong Kong) Co., Ltd. 라. Baotou Steel(Singapore) Pte. Ltd. 2. 마안산스틸(Maanshan Iron & Steel Co., Ltd.)과 그 기업의 제품을 수출하는 Maanshan Iron & Steel(Hong Kong) Limited 3. 라이우스틸(Shandong Iron and Steel Company Ltd Laiwu Company)과 그 기업의 제품을 수출하는 다음 각 목의 기업 가. Shandong Laiwu Steel International Corp. 나. Eldon Development Limited 다. Shandong Steel International Co., Ltd. 4. 르자오스틸(Rizhao Medium Section Mill Co., Ltd.)과 그 기업의 제품을 수출하는 다음 각 목의 기업 가. Rizhao Steel Holding Group Co., Ltd. 나. Bright Ruby Resources Pte Limited 5. 신타이스틸(Shanxi Xintai Iron & Steel Co., Ltd.)과 그 기업의 제품을 수출하는 다음 각 목의 기업 가. Jiexiu Yian Industry Co., Ltd. 나. Shanxi Antai International Trading Co., Ltd. 다. Everstate Trading(Hong Kong) Limited 6. 진시스틸(Hebei Jinxi Iron and Steel Group Co., Ltd. 및 Hebei Jinxi Section Steel Co., Ltd.)과 그 기업의 제품을 수출하는 다음 각 목의 기업 가. Jinxi International Trade Co., Ltd. 나. China Oriental Group Company Limited 다. China Oriental Singapore Pte. Ltd. 라. Tianjin Hainajin International Trade Co., Ltd. 7. 티엔싱스틸(Tangshan Fengrun Tianxing Iron And Steel Co., Ltd.)과 그 기업의 제품을 수출하는 다음 각 목의 기업 가. Beijing Tianzhu Fortune International Trading Co., Ltd. 나. Tangshan Laiwei Trading Co., Ltd.",,"[별표 2] 덤핑방지관세율(제4조 관련) 공급자 덤핑방지관세율(%) 1. 홍룬스틸(Tangshan Hongrun Steel Co., Ltd.)과 그 기업의 제품을 수출하는 자 32.72 2. 그 밖의 공급자 28.23 주) ""그 밖의 공급자""와 제1호의 공급자 사이에 「관세법 시행령」 제23조제1항에 따른 특수관계가 있는 경우에는 ""그 밖의 공급자""의 덤핑방지관세율은 그와 특수관계가 있는 제1호의 공급자의 덤핑방지관세율을 적용한다."
174288,20150819,일본산 공기압 전송용 밸브에 대한 덤핑방지관세의 부과에 관한 규칙,일본산공기압전송용밸브,기획재정부령,제498호,2015-08-19,2015-08-19,제정,4,"제2조(부과대상 물품) 덤핑방지관세가 부과되는 물품은 일본산 공기압 전송용 밸브[「관세법 시행령」 제98조에 따른 관세ㆍ통계통합품목분류표 번호 제8481.20.2000호에 해당하는 것을 말한다] 중 다음 각 호의 요건을 모두 갖춘 것으로 한다. 다만, 별표 1에 규정된 물품은 제외한다. 1. 압축공기를 이용하여 기계적인 운동을 발생시키는 공기압 시스템에서 사용되는 것일 것 2. 관로상의 압력이 10바 미만인 압축공기의 흐름을 제어하는 것일 것 3. 안지름 320밀리미터 이하의 액추에이터(actuator)를 구동시키기 위한 것일 것","다만, 별표 1에 규정된 물품은 제외한다. 1. 압축공기를 이용하여 기계적인 운동을 발생시키는 공기압 시스템에서 사용되는 것일 것 2. 관로상의 압력이 10바 미만인 압축공기의 흐름을 제어하는 것일 것 3. 안지름 320밀리미터 이하의 액추에이터(actuator)를 구동시키기 위한 것일 것",8481.20.2000,제3조(부과대상 공급자) 덤핑방지관세가 부과되는 공급자는 제2조에 따른 부과대상 물품의 공급자로 한다.,5,,,"<기획재정부령 제498호, 2015. 8. 19.> 제1조(시행일) 이 규칙은 공포한 날부터 시행한다. 제2조(유효기간) 이 규칙은 공포한 날부터 5년간 효력을 가진다. 제3조(일반적 적용례) 이 규칙은 이 규칙 시행 이후 수입신고하는 물품부터 적용한다.",[별표 1] 덤핑방지관세 부과제외 물품(제2조 관련) | [별표 2] 덤핑방지관세율(제4조 관련),Y,"[별표 1] 덤핑방지관세 부과제외 물품(제2조 관련) 1. 회사명: 에스엠씨(SMC Corporation) 품목 덤핑방지관세 부과 제외 모델 2포트 밸브 LV*, LL*, SCV*, SG*, SX1*, VAH*, VAS*, VC*, VD*, VMG*, VN*, VPG*, VPS*, VPW*, VPZA*, VQJ*, VX*, XT3*, DXT*, INV79*, VM12*, VM22*, VQ21A*, VQ21M*, VQ31A*, VQ31M*, ELV*, ELL*, ESCV*, ESG*, ESX1*, EVAH*, EVAS*, EVC*, EVD*, EVMG*, EVN*, EVPG*, EVPS*, EVPW*, EVPZA*, EVQJ*, EVX*, EXT3*, EDXT*, EINV79*, EVM12*, EVM22*, EVQ21A*, EVQ21M*, EVQ31A*, EVQ31M*, EVFS*, NLV*, NLL*, NSCV*, NSG*, NSX1*, NVAH*, NVAS*, NVC*, NVD*, NVMG*, NVN*, NVPG*, NVPS*, NVPW*, NVPZA*, NVQJ*, NVX*, NXT3*, NDXT*, NINV79*, NVM12*, NVM22*, NVQ21A*, NVQ21M*, NVQ31A*, NVQ31M*, ◇◇-LV*, ◇◇-LL*, ◇◇-SCV*, ◇◇-SG*, ◇◇-SX1*, ◇◇-VAH*, ◇◇-VAS*, ◇◇-VC*, ◇◇-VD*, ◇◇-VMG*, ◇◇-VN*, ◇◇-VPG*, ◇◇-VPS*, ◇◇-VPW*, ◇◇-VPZA*, ◇◇-VQJ*, ◇◇-VX*, ◇◇-XT3*, ◇◇-DXT*, ◇◇-INV79*, ◇◇-VM12*, ◇◇-VM22*, ◇◇-VQ21A*, ◇◇-VQ21M*, ◇◇-VQ31A*, ◇◇-VQ31M*, ◇◇-ELV*, ◇◇-ELL*, ◇◇-ESCV*, ◇◇-ESG*, ◇◇-ESX1*, ◇◇-EVAH*, ◇◇-EVAS*, ◇◇-EVC*, ◇◇-EVD*, ◇◇-EVMG*, ◇◇-EVN*, ◇◇-EVPG*, ◇◇-EVPS*, ◇◇-EVPW*, ◇◇-EVPZA*, ◇◇-EVQJ*, ◇◇-EVX*, ◇◇-EXT3*, ◇◇-EDXT*, ◇◇-EINV79*, ◇◇-EVM12*, ◇◇-EVM22*, ◇◇-EVQ21A*, ◇◇-EVQ21M*, ◇◇-EVQ31A*, ◇◇-EVQ31M*, ◇◇-EVFS*, ◇◇-NLV*, ◇◇-NLL*, ◇◇-NSCV*, ◇◇-NSG*, ◇◇-NSX1*, ◇◇-NVAH*, ◇◇-NVAS*, ◇◇-NVC*, ◇◇-NVD*, ◇◇-NVMG*, ◇◇-NVN*, ◇◇-NVPG*, ◇◇-NVPS*, ◇◇-NVPW*, ◇◇-NVPZA*, ◇◇-NVQJ*, ◇◇-NVX*, ◇◇-NXT3*, ◇◇-NDXT*, ◇◇-NINV79*, ◇◇-NVM12*, ◇◇-NVM22*, ◇◇-NVQ21A*, ◇◇-NVQ21M*, ◇◇-NVQ31A*, ◇◇-NVQ31M* 초진공 밸브 XG*, XL*, XM*, XS*, XV*, XY* 진공용 밸브 SJ3A6*, VQD1000-V*, *V-*, *W-*, ◇◇-*V-, ◇◇-*W-* 펌프, 필터, 레귤레이터 등 AF*, AK*, AP*, AR*, AV*, AZ1*, AZ3*, AZ4*, AZ9*, CV*, EX*, IN*, LQ*, PA*, PB*, VBA*, VE*, VY*, XTO*, EAF*, EAK*, EAP*, EAR*, EAV*, EAZ1*, EAZ3*, EAZ4*, EAZ9*, ECV*, EEX*, EIN*, EPA*, EVBA*, EVE*, EVY*, EXTO*, NAF*, NAK*, NAP*, NAR*, NAV*, NAZ1*, NAZ3*, NAZ4*, NAZ9*, NCV*, NEX*, NIN*, NPA*, NVBA*, NVE*, NVY*, NXTO*, ◇◇-AF*, ◇◇-AK*, ◇◇-AP*, ◇◇-AR*, ◇◇-AV*, ◇◇-AZ1*, ◇◇-AZ3*, ◇◇-AZ4*, ◇◇-AZ9*, ◇◇-CV*, ◇◇-EX*, ◇◇-IN*, ◇◇-LQ*, ◇◇-PA*, ◇◇-PB*, ◇◇-VBA*, ◇◇-VE*, ◇◇-VY*, ◇◇-XTO*, ◇◇-EAF*, ◇◇-EAK*, ◇◇-EAP*, ◇◇-EAR*, ◇◇-EAV*, ◇◇-EAZ1*, ◇◇-EAZ3*, ◇◇-EAZ4*, ◇◇-EAZ9*, ◇◇-ECV*, ◇◇-EEX*, ◇◇-EIN*, ◇◇-EPA*, ◇◇-EVBA*, ◇◇-EVE*, ◇◇-EVY*, ◇◇-EXTO*, ◇◇-NAF*, ◇◇-NAK*, ◇◇-NAP*, ◇◇-NAR*, ◇◇-NAV*, ◇◇-NAZ1*, ◇◇-NAZ3*, ◇◇-NAZ4*, ◇◇-NAZ9*, ◇◇-NCV*, ◇◇-NEX*, ◇◇-NIN*, ◇◇-NPA*, ◇◇-NVBA*, ◇◇-NVE*, ◇◇-NVY*, ◇◇-NXTO* 일체형 매니폴드 시스템 및 그 부품 20-VQ1000-*, 20-VQ2000-*, 25-SX3000-*, 25-SX5000-*, 25-SX7000-*, 25-SY3000-*, 25-SY5000-*, 25-SY7000-*, 25-SY9000-*, 25-VQ1000-*, 25-VQ2000-*, 80-VQ1000-*, 80-VQ2000-*, 90-SV2000-*, 90-SV4000-*, 90-SY5000-*, 90-VQ1000-*, 90-VQ1000-*, 90-VQ2000-*, BG-VFS1000-*, BG-VFS2000-*, BG-VFS3000-*, BG-VFS4000-*, BG-VFS5000-*, BG-VFS6000-*, BG-VZS2000-*, BG-VZS3000-*, BG-VZS4000-*, NVF2000-*, NVF4000-*, SJ2000-*, SJ3000-*, SQ1000-*, SQ2000-*, SS*, SV1000-*, SV2000-*, SV3000-*, SV4000-*, SX10-*, SY30M-*, SY5000-*, SY50M-*, SY50V-*, SY70M-*, SX100-*, SX3000-*, SX5000-*, SX7000-*, SY100-*, SY300-*, SY3000-*, SY7000-*, SY9000-*, SYJ300-*, SYJ500-*, SYJ700-*, SZ3000-*, V100-*, V200-*, V4000-*, VF3000-*, VF3000-*, VF4000-*, VFN3000-*, VFR2000-*, VFR3000-*, VFR4000-*, VFR5000-*, VFR6000-*, VFS2000-*, VFS3000-*, VFS4000-*, VFS5000-*, VFS6000-*, VG300-*, VHA200-*, VJ10-*, VJ100-*, VJ300-*, VJ3000-*, VK300-*, VK2000-*, VK3000-*, VK6000-*, VKF300-*, VP300-*, VP500-*, VP700-*, VQ0000-*, VQ100-*, VQ1000-*, VQ2000-*, VQ4000-*, VQD1000-*, VQ5001-*, VQZ100-*, VQZ1000-*, VQZ200-*, VQZ2000-*, VQZ300-*, VQZ3000-*, VV*, VZ100-, VZ1000-*, VZ2000-*, VZ3000-*, VZ200-*, VZ400-*, VZ4000-*, VZ5000-*, VZA200-*, VZA400-*, VZA2000-*, VZA3000-*, VZA400-*, VZA4000-*, VZA5000-*, VZS2000-*, VZS3000-*, VZS4000-*, VZS5000-*, ◇◇-SS*, ◇◇-VV* 공통 부품 ◇X*, ◇◇X*, ◇◇◇X*, ◇.◇X*, ◇◇.◇X*, ◇◇◇.◇X*, 0-*, 00-*, 111*, 112*, 113*, 123*, 134*, 14*, 14.4*, 190*, 24*, 340*, 341*, 343*, 345*, 52*, 62*, 69*, 92*, ◇◇-AXT*, ◇◇-EAXT*, A00-*, A01-*, A02-*, A03-*, A04-*, A05-*, A06-*, A07-*, A08-*, A09-*, A10-*, A11-*, A12-*, A13-*, A14-*, A15-*, A16-*, AA00*, AC00*, AD00*, AJC*, AN*, AP0*, AP3*, ARB*, AS2*, AS568*, ATX*, AXT*, AZ*, B1*, B2*, BA*, BB*, BC*, BG*, BP*, BT*, C-*, C18*, CA0*, CA1*, CAP*, CAXT*, CB*, CD*, CE*, COP*, CV3*, DA*, DB*, DD0*, DE0*, DF*, DG0*, D-O, DTX*, DX*, DXT*, DY*, DZ0*, DZ1*, DZ2*, DZ4*, DZ5*, E5*, EA0*, EAX*, EBK*, EBS*, EC0*, ECV*, ED0*, EE0*, EEX*, EF0*, EG0*, EH*, ETW*, EVV307-*, FA0*, FB0*, FC0*, FD0*, FE0*, FG0*, FH0*, FI0*, FJ0*, FK0*, FLO*, FM0*, FN0*, FQ0*, FR0*, FRT*, FS0*, FT0*, FU0*, FV0*, FW0*, FX0*, FY0*, FZ0*, G-*, G1*, G2*, G3*, G4*, GA0*, GB0*, GC0*, GD0*, GDM*, GEO*, GF0*, GM2*, GMN*, GPF*, GPR*, H25*, HA0*, HB0*, HC0*, HD0*, ID*, IM*, IS1*, JA*, JB*, JC*, JC0*, JD0*, JE0*, JG0*, JH0*, JIS*, JJ0*, JK0*, J-S*, K-*, K3*, K8*, KA0*, KB0*, KC0*, KD0*, KE0*, KF0*, KG0*, KH0*, KJ0*, KJ2*, KK0*, KL0*, KNL*, KQ2P*, KQA*, KQE*, KT-*, KT1-*, KT2-*, LA0*, LB0*, LC0*, LC1*, LC2*, LC4*, LC5*, LD0*, LDC*, LDP1*, LE0*, LF0*, LG-*, LG0*, LK0*, LL0*, LM0*, LM2*, LN0*, LP0*, LQ-*, LQ0*, LR*, LR0*, LT0*, LU0*, LX0*, LY0*, LZ0*, M0*, M1*, M2*, M3*, M4*, M5*, M6*, M7*, M8*, MA0*, MB0*, MB2*, MBF*, MBS*, MC0*, MD0*, ME0*, MF0*, MG*, MH0*, MJ0*, MK0*, ML0*, MM0*, MN0*, MP0*, MP2*, MP3*, MR0*, MS0*, MT0*, MY-*, MYN-*, NA0*, NAXT*, NB0*, NC0*, ND0*, NE0*, NF0*, NF3*, NG0*, NH0*, NI*, NJ0*, NK0*, NL0*, NPT*, NVV*, NXT*, O-*, OR-*, P-*, P1*, P2*, P3*, P4*, P5*, P6*, P7*, P8*, PB*, PC*, PD*, PE*, PF*, PG*, PH*, PI*, PJ*, PLUG*, PT*, PT1*, PT2*, PT3*, PV*, QA*, QB*, QC*, QD*, QE*, QF*, QG*, R1*, R2*, R3*, RA0*, RB0*, RC0*, RC1*, RC3*, RD0*, RE0*, RF0*, RH0*, RTW*, SA-*, SA0*, SB0*, SC0*, SCA*, SCW*, SCZ*, SI-*, SMC*, SO*, SPA*, SPF*, SPO*, SPZ*, SRT*, STW-*, T-*, TA0*, TA-*, TB0*, TC0*, TMH*, TP-*, TX*, U1*, UA0*, U-PVC*, V01*, V03*, V4*, VA0*, VAW*, VB*, VC0*, VF0*, VF2-*, VH0*, VJ0*, VK0*, VM-*, VQ70*, VS0*, VS1-*, VZ0*, WA0*, WB0*, WC0*, WD0*, WE0*, WG0*, WZ0*, X3*, XT0*, XT1*, XT2*, XT9*, Y◇00*, YRS*, Z-*, ZA0*, ZB0*, ZH-*, ZK*, ZPT*, ZS-*, *PLUG*, *NBR*, *FKM*, *-PS 방폭형 밸브 50-*, 51-*, 52-*, 53-*, 56-* 보조 밸브 VHK*, VHS*, VR*, EVHK*, EVHS*, EVR*, NVHK*, NVHS*, NVR*, ◇◇-VHK*, ◇◇-VHS*, ◇◇-VR*, ◇◇-EVHK*, ◇◇-EVHS*, ◇◇-EVR*, ◇◇-NVHK*, ◇◇-NVHS*, ◇◇-NVR* 비고: ◇는 한자리 수의 숫자, *는 임의의 숫자 또는 문자(%, #, - 등 기호를 포함하며, 숫자 또는 문자의 수는 제한하지 않는다) 2. 회사명: 씨케이디(CKD Corporation) 품목 덤핑방지관세 부과제외 모델 일체형 매니폴드 시스템 M3M*, B*P51*, N*P51*, M3P*, M3K*, M4K*, MN4K*, MN3E*, MN4E*, MN*G*, MN3Q*, M3G*, M4G*, MW3G*, MW4G*, M3S*, M4S*, MN3S*, MN4S*, MT3S*, MT4S*, M4TB*, MN4TB*, AM4F*, M4F* 2포트 밸브 AMD*, LMD*, GAMD*, TMD*, LYX*, MAB*, MYB*, MEB*, MJB*, EMB*, HMTB*, UMB*, CVE2*, CVSE2*, GCVE*, GCVSE, FLB*, FWB*, SAB*W, SVB*W, SAB*S, SVB*S, RSV*, GSV*, SPK*, AGD*, MAGD*, IAGD*, LGD*, MGD*, MMGD*, MOGD*, OGD*, PGM, FHB*, AMS*, FMD*, PMM*, PMP*, PYM*, HB*, CHB*, FWD11, MHB4, MWD*, MXB*, PKW, SWD*, A2, MSB1, PKS, PVS, NPV*, HPV*, PD*, PJVB, CCH, DSG*, GASB, GAV, GHV, HK1, HS, MN, TAC, VLA, VLM, VNA, VNM, VNR, C25N, GMMD*, GFWB*, GFLB*, HYN, MR10-2*, NAB*W, NAB*S, LLO, WHL*, PJ, B512*, EXA, FAB, FAPG*, M512*, P512*, PKA, NAB*V, FGB*, GFGB*, LAD*, HNB1, USB*, NAB*, NAD*, SAB*A, SVB*A, SAB*V, SVB*V, AB3*, AB4*, APK*, AP*, ADK*, AB2*, AB71, AD*, MHB3, B*P512*, N*P512*, GEXA, GFAB*, GAB*, GFGB*, GNAB*, GNAD* 보조 밸브 및 수동 밸브 보조 밸브 2QV, 3QV, SHV2, AC, CHV2, FPV, QEV2, QEL, MHG3, XVA, V1000, V3000, V3010 수동 밸브 H*V*2, MAVL, MS*, MM* 초진공 밸브 AVB*, MVB*, MVP*, AVC, EVB*, HVB*, HVL*, FVB*, NAB*V, NAD*V, SVB*V, SAB*V, VEC, VYX 압축 공기를 유체로 하지 않는 밸브 HNG1, FEG*, HAG, HG*, MEG*, MYG*, MAG*, HMTG*, UMG, CHG, CSB*, FWG*, MHG4, MXG*, SVG*, USG*, AMG*, GFWG*, N513*, MHG3, MV3QR*, 3QR*, M3QR*, 3QB*, CVE3, CVSE3 부품 N3Q0*, N51*, N4K*, N3G*, N4G*, NW3G*, NW4G*, N3S*, N4S*, N4T*, N3E*, N4E*, 3M-*, 3M□-*, 3P-*, 3P□-*, 3P□□-*, 4K-*, 4K□-*, 4K□□-*, 4G-*, 4G□-*, W4G-*, W4G□-*, 4S-*, 4S□-*, B4S*, LMF*, 4L□-*, TMF*, 4T-*, 4T□-*, CM*, GM*, CB*, 4F-*, 4F□-*, *KIT*, *ASSY*, *BOX* 방폭형 밸브 AB*E*, AD*E*, ADK*E*, AP*E*, PDVE4, PVSE*, AG*E*, 4F*E*, M4F*E* 비고: □는 한자리 수의 숫자 또는 문자, *는 임의의 숫자 또는 문자(%, #, - 등 기호를 포함하며, 숫자 또는 문자의 수는 제한하지 않는다) 3. 회사명: 토요오키(Toyooki kogyo Co., Ltd.), 고가네이(KOGANEI Corporation), 로스(ROSS ASIA K.K.), 아즈빌(AZBIL TA Co., Ltd) 품목 제조사 덤핑방지관세 부과제외 모델 기계식 프레스용 밸브 토요오키 AD-0410*, AD-0610*, AD-0810*, AD-SL041*, AD-SL122*, AD-SL131*, AD-SL221*, AD-SL222*, AD-SL223*, AD-SL231*, AD-SL231D*, AD-SL236* 로스 J277, J3573 아즈빌 26*, MVS3500 보조밸브 고가네이 CVS, CVR, CVU, CVUD, C1, C125, C250, C375, C500, S125, S250, SQE*, QE* 비고: *는 임의의 숫자 또는 문자(%, #, - 등 기호를 포함하며, 숫자 또는 문자의 수는 제한하지 않는다)",,"[별표 2] 덤핑방지관세율(제4조 관련) 공급자 덤핑방지 관세율(%) 1. 에스엠씨(SMC Corporation) 및 그 회사의 물품을 수출하는 자 11.66 2. 씨케이디(CKD Corporation) 및 그 회사의 물품을 수출하는 자 22.77 3. 토요오키(Toyooki kogyo Co., Ltd.) 및 그 회사의 물품을 수출하는 자 22.77 4. 그 밖의 공급자 22.77 주) ""그 밖의 공급자""와 제1호부터 제3호까지의 공급자 사이에 「관세법 시행령」 제23조제1항에 따른 특수관계가 있는 경우에는 ""그 밖의 공급자""의 덤핑방지관세율은 그와 특수관계가 있는 제1호부터 제3호까지의 공급자의 덤핑방지관세율을 적용한다."
176516,20151119,인도산 초산에틸에 대한 덤핑방지관세의 부과에 관한 규칙,인도산초산에틸,기획재정부령,제510호,2015-11-19,2015-11-19,제정,4,제2조(부과대상 물품) 덤핑방지관세가 부과되는 물품은 인도산 초산에틸(관세율표 번호 제2915.31호에 해당하는 것을 말한다)로 한다.,,2915.31,제3조(부과대상 공급자) 덤핑방지관세가 부과되는 공급자는 제2조에 따른 부과대상 물품의 공급자로 한다.,3,,,"<기획재정부령 제510호, 2015. 11. 19.> 제1조(시행일) 이 규칙은 공포한 날부터 시행한다. 제2조(유효기간) 이 규칙은 공포한 날부터 3년간 효력을 가진다. 제3조(일반적 적용례) 이 규칙은 이 규칙 시행 이후 수입신고하는 물품부터 적용한다.",[별표 ] 덤핑방지관세율(제4조 관련),,,,"[별표] 덤핑방지관세율(제4조 관련) 공급국 공급자 덤핑방지 관세율(%) 인도 1. 주빌란트(Jubilant Life Science Ltd.), 그 관계사[JLSNV(Jubilant Life Science NV), JPNV(Jubilant Pharmaceutical NV)를 포함한다] 및 같은 기업의 제품을 수출하는 자 10.63 2. 지엔에프씨(Gujarat Narmada Valley Fertilizers & Chemicals Ltd.) 및 같은 기업의 제품을 수출하는 자 8.56 3. 고다바리(Godavari Biorefineries Ltd.) 및 같은 기업의 제품을 수출하는 자 19.84 4. 락스미(Laxmi Organic Industries Ltd.) 및 같은 기업의 제품을 수출하는 자 19.84 5. 그 밖의 공급자 14.53 주) ""그 밖의 공급자""와 제1호부터 제4호까지의 공급자 사이에 「관세법 시행령」 제23조제1항에 따른 특수관계가 있는 경우에는 ""그 밖의 공급자""의 덤핑방지관세율은 그와 특수관계가 있는 제1호부터 제4호까지의 공급자의 덤핑방지관세율을 적용한다."
176517,20151119,중국ㆍ일본 및 싱가포르산 초산에틸에 대한 덤핑방지관세의 부과에 관한 규칙,중국·일본및싱가포르산초산에틸,기획재정부령,제511호,2015-11-19,2015-11-19,제정,4,제2조(부과대상 물품) 덤핑방지관세가 부과되는 물품은 중국ㆍ일본 및 싱가포르산 초산에틸(관세율표 번호 제2915.31호에 해당하는 것을 말한다)로 한다.,,2915.31,제3조(부과대상 공급자) 덤핑방지관세가 부과되는 공급자는 제2조에 따른 부과대상 물품의 공급자로 한다.,3,,,"<기획재정부령 제511호, 2015. 11. 19.> 제1조(시행일) 이 규칙은 공포한 날부터 시행한다. 제2조(유효기간) 이 규칙은 공포한 날부터 3년간 효력을 가진다. 제3조(적용례) 이 규칙은 이 규칙 시행 이후 수입신고되는 물품부터 적용한다.",[별표 ] 덤핑방지관세율(제4조 관련),,,,"[별표] 덤핑방지관세율(제4조 관련) 공급국 공급자 덤핑방지 관세율 (%) 중국 1. 장수 소포(Jiangsu SOPO Corporation (Group) Ltd.), 그 관계사(Zhenjiang SOPO Xinfazhan Chemical Material Trade Co., Ltd., Shanghai Promising Import & Export Corporation, SOPO Global Trading (Shanghai) Limited 및 SOPO International Limited를 포함한다) 및 같은 기업의 제품을 수출하는 자 4.64 2. 리자오 자홍(Rizhao Jiahong Biological Technology Co., Ltd.) 및 같은 기업의 제품을 수출하는 자 17.76 3. 진이멍(Linyi Jinyimeng Biotechnology Co., Ltd.), 그 관계사(Jiangsu Jinmaoyuan Biological chemical Co., Ltd.를 포함한다) 및 같은 기업의 제품을 수출하는 자 6.07 4. 상하이 우징(Shanghai Wujing Chemical Co., Ltd.) 및 같은 기업의 제품을 수출하는 자 17.76 5. 켐 스페셜리스트(Chem Specialist Ltd.) 및 같은 기업의 제품을 수출하는 자 17.76 6. 골든 브리지(Jiangyin Golden Bridge Chemical Co., Ltd.) 및 같은 기업의 제품을 수출하는 자 17.76 7. 그 밖의 공급자 9.48 일본 8. 쇼와 덴코(Showa Denko K.K.) 및 같은 기업의 제품을 수출하는 자 17.76 9. 그 밖의 공급자 17.76 싱가포르 10. 셀라니즈(Celanese Pte. Ltd.) 및 같은 기업의 제품을 수출하는 자 17.76 11. 그 밖의 공급자 17.76 주) ""그 밖의 공급자""와 명시된 공급자 사이에 「관세법 시행령」 제23조 제1항에 따른 특수관계가 있는 경우 ""그 밖의 공급자""의 덤핑방지관세율은 그와 특수관계가 있는 명시된 공급자의 덤핑방지관세율을 적용한다."
179513,20160113,중국 및 인도산 폴리에틸렌 테레프탈레이트(PET) 필름에 대한 덤핑방지관세의 부과에 관한 규칙,중국및인도산폴리에틸렌테레프탈레이트(PET)필름,기획재정부령,제531호,2016-01-13,2016-01-13,제정,4,"제2조(부과 대상 물품) 덤핑방지관세가 부과되는 물품은 중국 및 인도산 폴리에틸렌 테레프탈레이트(Polyethylene terephthalate, PET) 필름(관세율표 번호 제3920.62호, 제3920.69호에 해당하는 것을 말한다)으로 한다. 다만, 별표 1에 따른 물품은 제외한다.","다만, 별표 1에 따른 물품은 제외한다.",3920.62;3920.69,제3조(부과 대상 공급자) 덤핑방지관세가 부과되는 공급자는 제2조에 따른 부과 대상 물품을 공급하는 자로 한다.,3,,,"<기획재정부령 제531호, 2016. 1. 13.> 제1조(시행일) 이 규칙은 공포한 날부터 시행한다. 제2조(유효기간) 이 규칙은 공포한 날부터 3년간 효력을 가진다. 제3조(적용례) 이 규칙은 이 규칙 시행 후 최초로 수입신고되는 물품부터 적용한다.",[별표 1] 덤핑방지관세 부과 대상에서 제외되는 물품(제2조 단서 관련) | [별표 2] 덤핑방지관세율(제4조 관련),Y,"[별표 1] 덤핑방지관세 부과 대상에서 제외되는 물품(제2조 단서 관련) 1. 두께가 9㎛ 미만으로서 증착되지 않은 폴리에틸렌 테레프탈레이트 필름 2. 비냉매용 모터 절연용(絶緣用)으로 사용되는 두께 125㎛ 이상인 흰색의 폴리에틸렌 테레프탈레이트 필름으로서 다음 각 목의 요건을 모두 갖춘 것 가. 규격 미국 Underwriters Laboratory Inc.가 지정한 시험방식에 따라 측정한 전기적 및 기계적 내열성(Relative Thermal Index, RTI)이 각각 섭씨 105도 이상이고 흐림도(Haze)가 70퍼센트 이상일 것 나. 모델명 Garfilm EM6(인도 Garware Polyester Limited 제품), J-470(인도 Jindal Polyfilms Limited 제품) 등 3. 냉매용 모터 절연용으로 사용되는 두께 125㎛ 이상인 흰색의 폴리에틸렌 테레프탈레이트 필름으로서 다음 각 목의 요건을 모두 갖춘 것 가. 규격 미국 Underwriters Laboratory Inc.가 지정한 시험방식에 따라 측정한 전기적 및 기계적 내열성이 각각 섭씨 140도, 125도 이상이고 소중합체(Oligomer) 추출비율이 0.65퍼센트 이하이며 흐림도가 75퍼센트 이상일 것 나. 모델명 Garfilm EM6-L.O.(인도 Garware Polyester Limited 제품) 등 4. 홀로그램 PET 필름 5. 안료를 다른 원재료에 배합하여 생산한 유채색(有彩色)의 PET필름으로서 두께 300㎛ 이상인 것",,"[별표 2] 덤핑방지관세율(제4조 관련) 공급국 공급자 덤핑방지 관세율(%) 중국 푸웨이(Fuwei Films Shandong Co., Ltd.) 및 같은 회사의 제품을 수출하는 자 12.92 천진완화(Tianjin Wanhua Co., Ltd.) 및 같은 회사의 제품을 수출하는 자 7.42 산토우(Shantou Soe First Polyester Films Co., Ltd.) 및 같은 회사의 제품을 수출하는 자 12.92 이화도레이(Yihua Toray Polyester Film Co., Ltd.) 및 같은 회사의 제품을 수출하는 자 12.92 장수중다(Jiansu Zhongda New Materials International Co., Ltd.) 및 같은 회사의 제품을 수출하는 자 12.92 저장우밍(Zhejiang Wuming Trading Co., Ltd.) 및 같은 회사의 제품을 수출하는 자 12.92 티에스에프(TSF Co., Ltd.) 및 같은 회사의 제품을 수출하는 자 12.92 상하이(Shanghai Hanghai Hansen Global Supply Co., Ltd.) 및 같은 회사의 제품을 수출하는 자 12.92 그 밖의 공급자 12.92 인도 가웨어(Garware Polyester Limited) 및 같은 회사의 제품을 수출하는 자 12.92 진달(Jindal Poly Films Limited) 및 같은 회사의 제품을 수출하는 자 12.92 그 밖의 공급자 12.92 주) ""그 밖의 공급자""와 명시된 공급자 사이에 「관세법 시행령」 제23조제1항에 따른 특수관계가 있는 경우에는 ""그 밖의 공급자""의 덤핑방지관세율은 그와 특수관계가 있는 명시된 공급자의 덤핑방지관세율을 적용한다."
181758,20160311,중국산 침엽수 합판에 대한 덤핑방지관세의 부과에 관한 규칙,중국산침엽수합판,기획재정부령,제552호,2016-03-11,2016-03-11,제정,4,제2조(부과대상 물품) 덤핑방지관세가 부과되는 물품은 셋 이상의 단판(ply)을 적층ㆍ접착한 중국산 합판(관세율표 번호 4412.39호 또는 제4412.99호에 해당하는 것을 말한다)으로서 다음 각 호의 요건을 모두 갖춘 것으로 한다. 1. 전체 두께가 6밀리미터(mm) 이상일 것 2. 양쪽 외면의 단판이 침엽수 목재일 것 3. 하나 이상의 단판의 섬유의 방향이 다른 단판의 섬유의 방향과 교차할 것,,4412.39;4412.99,제3조(부과대상 공급자) 덤핑방지관세가 부과되는 공급자는 제2조에 따른 부과대상 물품의 공급자로 한다.,4,,,"<기획재정부령 제552호, 2016. 3. 11.> 제1조(시행일) 이 규칙은 공포한 날부터 시행한다. 제2조(유효 기간) 이 규칙은 공포한 날부터 4년간 효력을 가진다. 제3조(잠정조치가 적용된 물품에 대한 적용례) 이 규칙은 2015년 9월 25일 이후 수입신고된 물품부터 적용한다.",[별표 ] 덤핑방지관세율(제4조 관련),,,,"[별표] 덤핑방지관세율(제4조 관련) 공급국 공급자 덤핑방지 관세율(%) 중국 바이파(Zhangzhou Baifar Wood Industrial Co., Ltd.)와 그 회사의 제품을 수출하는 자 4.22 롱위(Qingdao Longyu Timber Co., Ltd.)와 그 회사의 제품을 수출하는 자 6.97 꿰이강 동하이(Guigang Donghai Wood Co., Ltd.)와 그 회사의 제품을 수출하는 자 5.73 창해(Guangxi Guigang City Changhai Lumber Co., Ltd.), 성저(Guangxi Guigang City Shengzhe Lumber Co., Ltd.)와 그 회사의 제품을 수출하는 자 5.32 진허(Guigang Jinhe Wood Co., Ltd.), 자허(Guigang Gangnan District Jiahe Lumber Co., Ltd.)와 그 회사의 제품을 수출하는 자 5.33 그 밖의 공급자 7.15 주) ""그 밖의 공급자""와 명시된 공급자 사이에 「관세법 시행령」 제23조제1항에 따른 특수관계가 있는 경우 ""그 밖의 공급자""의 덤핑방지관세율은 그와 특수관계가 있는 명시된 공급자의 덤핑방지관세율을 적용한다."
188214,20161206,미국 및 프랑스산 부틸글리콜에테르에 대한 덤핑방지관세의 부과에 관한 규칙,미국및프랑스산부틸글리콜에테르,기획재정부령,제577호,2016-12-06,2016-12-06,제정,4,제2조(부과대상 물품) 덤핑방지관세가 부과되는 물품은 미국 및 프랑스산 부틸글리콜에테르(「관세법 시행령」 제98조제1항에 따른 관세ㆍ통계통합품목분류표 번호 제2909.43.0000호에 해당하는 것을 말한다)로 한다.,,2909.43.0000,제3조(부과대상 공급자) 덤핑방지관세가 부과되는 공급자는 제2조에 따른 부과대상 물품의 공급자로 한다.,5,,,"<기획재정부령 제577호, 2016. 12. 6.> 제1조(시행일) 이 규칙은 공포한 날부터 시행한다. 제2조(유효기간) 이 규칙은 공포한 날부터 5년간 효력을 가진다. 제3조(일반적 적용례) 이 규칙은 이 규칙 시행 이후 수입신고하는 물품부터 적용한다.",[별표 ] 덤핑방지관세율(제4조 관련),,,,"[별표] 덤핑방지관세율(제4조 관련) 공급국 공급자 덤핑방지 관세율(%) 미국 이스트만(Eastman Chemical Company)과 그 기업의 제품을 수출하는 자 23.06 다우(Dow Chemical Company)와 그 기업의 제품을 수출하 는 자 25.00 그 밖의 공급자 23.06 프랑스 이네오스(INEOS)와 그 기업의 제품을 수출하는 자 20.10 그 밖의 공급자 20.10 주) ""그 밖의 공급자""와 명시된 공급자 사이에 「관세법 시행령」 제23조제1항 에 따른 특수관계가 있는 경우 ""그 밖의 공급자""의 덤핑방지관세율은 그와 특 수관계가 있는 명시된 공급자의 덤핑방지관세율을 적용한다."
188215,20161206,일본산 스테인리스스틸 후판에 대한 덤핑방지관세의 부과에 관한 규칙,일본산스테인리스스틸후판,기획재정부령,제578호,2016-12-06,2016-12-06,제정,4,"제2조(부과대상 물품) 덤핑방지관세가 부과되는 물품은 일본산 스테인리스스틸 후판(「관세법 시행령」 제98조제1항에 따른 관세ㆍ통계통합품목분류표 번호 제7219.21.1010호, 제7219.21.1090호, 제7219.21.9000호, 제7219.22.1010호, 제7219.22.1090호 및 제7219.22.9000호에 해당하는 것을 말한다) 중 다음 각 호의 요건을 모두 갖춘 것으로 한다. 다만, 별표에 규정된 물품은 제외한다. 1. 스테인리스강(탄소의 함유량이 전체 중량의 100분의 1.2 이하이고 크롬의 함유량이 전체 중량의 100분의 10.5 이상인 합금강을 말한다)일 것 2. 두께가 8밀리미터 이상 80밀리미터 이하이고 너비가 1천밀리미터 이상 3천270밀리미터 이하인 열간압연(熱間壓延) 강판일 것 3. 압연, 열처리, 냉각 및 후처리과정[교정, 절단, 산세(酸洗) 및 포장을 말한다]을 거친 완제품으로서 코일형태의 제품이 아닌 것","다만, 별표에 규정된 물품은 제외한다. 1. 스테인리스강(탄소의 함유량이 전체 중량의 100분의 1.2 이하이고 크롬의 함유량이 전체 중량의 100분의 10.5 이상인 합금강을 말한다)일 것 2. 두께가 8밀리미터 이상 80밀리미터 이하이고 너비가 1천밀리미터 이상 3천270밀리미터 이하인 열간압연(熱間壓延) 강판일 것 3. 압연, 열처리, 냉각 및 후처리과정[교정, 절단, 산세(酸洗) 및 포장을 말한다]을 거친 완제품으로서 코일형태의 제품이 아닌 것",7219.21.1010;7219.21.1090;7219.21.9000;7219.22.1010;7219.22.1090;7219.22.9000,제3조(부과대상 공급자) 덤핑방지관세가 부과되는 공급자는 제2조에 따른 부과대상 물품의 공급자로 한다.,3,,,"<기획재정부령 제578호, 2016. 12. 6.> 제1조(시행일) 이 규칙은 공포한 날부터 시행한다. 제2조(유효기간) 이 규칙은 공포한 날부터 3년간 효력을 가진다. 제3조(일반적 적용례) 이 규칙은 이 규칙 시행 이후 수입신고하는 물품부터 적용한다.",[별표 ] 덤핑방지관세 부과대상에서 제외되는 물품(제2조 각 호 외의 부분 단서 관련),Y,"덤핑방지관세 부과대상에서 제외되는 물품(제2조 각 호 외의 부분 단서 관련) 1. Nippon Yakin Kogyo Co., Ltd에서 공급하는 공급자 기호 NAS 800[이 규 칙 시행일 현재의 일본공업규격(Japanese Industrial Standards, 이하 ""JIS"" 라 한다)의 NCF 800에 해당한다] 강종(鋼種)인 것 2. JIS의 SUS 410 강종인 것 3. JIS의 SUS 329J4L(공급자 기호 NAS 64를 포함한다) 강종인 것 4. JIS의 SUS 836L 강종인 것 5. 이 규칙 시행일 현재의 미국재료시험협회(American Society for Testing Materials, 이하 ""ASTM""이라 한다)의 410S 또는 JIS의 SUS 410S 강종인 것 6. ASTM의 S82122[Nippon Steel & Sumikin Stainless Steel Corporation(이 하 ""신일철주금""이라 한다)의 고유강종 NSSC 2120을 포함한다] 강종인 것 7. ASTM의 N08904 강종인 것 8. ASTM의 S31254 강종인 것 9. ASTM의 S32760 강종인 것 10. ASTM의 S 32750(공급자 기호 NAS 74N을 포함한다) 강종인 것 11. 공급자 기호 NAS 800H(JIS의 NCF 800H에 해당한다) 강종인 것 12. 공급자 기호 NAS 255(JIS의 SUS 890L에 해당한다) 강종인 것 13. 공급자 기호 NAS 185N(JIS의 SUS 312L에 해당한다) 강종인 것 14. 공급자 기호 NAS 800T[이 규칙 시행일 현재의 미국통일규격부여시스템 (Unified Numbering System, 이하 ""UNS No.""라 한다)의 N 08811에 해당 한다] 강종인 것 15. 공급자 기호 NAS 254NM(UNS No. N 08367에 해당한다) 강종인 것 16. 공급자 기호 NAS 255NM(UNS No. N 08926에 해당한다) 강종인 것 17. 공급자 기호 NAS 75N(UNS No. S 32760에 해당한다) 강종인 것 18. 신일철주금의 고유 강종(NSSC 409L) 중 다음 각 목의 요건을 모두 갖춘 것 가. 탄소 함유량이 전체 중량의 0.03% 이하일 것 나. 규소 함유량이 전체 중량의 1.00% 이하일 것 다. 망간 함유량이 전체 중량의 1.00% 이하일 것 라. 인 함유량이 전체 중량의 0.04% 이하일 것 마. 황 함유량이 전체 중량의 0.03% 이하일 것 [별표] 바. 크롬 함유량이 전체 중량의 10.50% 이상 11.45% 이하일 것 사. 티타늄 함유량이 전체 중량의 0.75% 이하(하한치는 탄소 함유량의 6배 이상)일 것 19. 신일철주금의 고유 강종(NSSC DP-28W) 중 다음 각 목의 요건을 모두 갖춘 것 가. 탄소 함유량이 전체 중량의 0.03% 이하일 것 나. 규소 함유량이 전체 중량의 0.50% 이하일 것 다. 망간 함유량이 전체 중량의 1.10% 이하일 것 라. 인 함유량이 전체 중량의 0.03% 이하일 것 마. 황 함유량이 전체 중량의 0.01% 이하일 것 바. 니켈 함유량이 전체 중량의 7.00% 이상 8.20% 이하일 것 사. 크롬 함유량이 전체 중량의 27.00% 이상 27.90% 이하일 것 아. 몰리브덴 함유량이 전체 중량의 0.80% 이상 1.20% 이하일 것 자. 질소 함유량이 전체 중량의 0.30% 이상 0.40% 이하일 것 차. 텅스텐 함유량이 전체 중량의 2.10% 이상 2.50% 이하일 것 20. 신일철주금의 고유 강종(NSSC DP-3) 중 다음 각 목의 요건을 모두 갖춘 것 가. 탄소 함유량이 전체 중량의 0.03% 이하일 것 나. 규소 함유량이 전체 중량의 0.75% 이하일 것 다. 망간 함유량이 전체 중량의 1.10% 이하일 것 라. 인 함유량이 전체 중량의 0.03% 이하일 것 마. 황 함유량이 전체 중량의 0.03% 이하일 것 바. 니켈 함유량이 전체 중량의 5.50% 이상 7.50% 이하일 것 사. 크롬 함유량이 전체 중량의 24.00% 이상 26.00% 이하일 것 아. 몰리브덴 함유량이 전체 중량의 2.50% 이상 3.50% 이하일 것 자. 질소 함유량이 전체 중량의 0.10% 이상일 것 차. 구리 함유량이 전체 중량의 0.20% 이상 0.80% 이하일 것 카. 텅스텐 함유량이 전체 중량의 0.10% 이상 0.50% 이하일 것 21. 신일철주금의 고유 강종(NSSC AH-4) 중 다음 각 목의 요건을 모두 갖춘 것 가. 탄소 함유량이 전체 중량의 0.05% 이상 0.10% 이하일 것 나. 규소 함유량이 전체 중량의 1.00% 이하일 것 다. 망간 함유량이 전체 중량의 1.00% 이하일 것 라. 인 함유량이 전체 중량의 0.04% 이하일 것 마. 황 함유량이 전체 중량의 0.03% 이하일 것 바. 니켈 함유량이 전체 중량의 10.00% 이상 12.00% 이하일 것 사. 크롬 함유량이 전체 중량의 22.00% 이상 24.00% 이하일 것 아. 질소 함유량이 전체 중량의 0.18% 이상 0.25% 이하일 것 자. 란타넘, 세륨 함유량의 합이 전체 중량의 0.03% 이상 0.07% 이하일 것 22. 신일철주금의 고유 강종(NSSC 260) 중 다음 각 목의 요건을 모두 갖춘 것 가. 탄소 함유량이 전체 중량의 0.03% 이하일 것 나. 규소 함유량이 전체 중량의 1.50% 이하일 것 다. 망간 함유량이 전체 중량의 2.00% 이하일 것 라. 인 함유량이 전체 중량의 0.04% 이하일 것 마. 황 함유량이 전체 중량의 0.03% 이하일 것 바. 니켈 함유량이 전체 중량의 13.50% 이상 16.50% 이하일 것 사. 크롬 함유량이 전체 중량의 18.50% 이상 21.50% 이하일 것 아. 몰리브덴 함유량이 전체 중량의 2.50% 이상 3.50% 이하일 것 자. 질소 함유량이 전체 중량의 0.16% 이상 0.24% 이하일 것 차. 구리 함유량이 전체 중량의 1.00% 이상 2.00% 이하일 것 23. 신일철주금의 고유 강종(NSSC 270) 중 다음 각 목의 요건을 모두 갖춘 것 가. 탄소 함유량이 전체 중량의 0.02% 이하일 것 나. 규소 함유량이 전체 중량의 0.80% 이하일 것 다. 망간 함유량이 전체 중량의 1.00% 이하일 것 라. 인 함유량이 전체 중량의 0.03% 이하일 것 마. 황 함유량이 전체 중량의 0.015% 이하일 것 바. 니켈 함유량이 전체 중량의 17.50% 이상 19.50% 이하일 것 사. 크롬 함유량이 전체 중량의 19.00% 이상 21.00% 이하일 것 아. 몰리브덴 함유량이 전체 중량의 6.00% 이상 7.00% 이하일 것 자. 질소 함유량이 전체 중량의 0.16% 이상 0.25% 이하일 것 차. 구리 함유량이 전체 중량의 0.50% 이상 1.00% 이하일 것 24. 신일철주금의 고유강종(NSSC SN-1) 중 다음 각 목의 요건을 모두 갖춘 것 가. 탄소 함유량이 전체 중량의 0.02% 이하일 것 나. 규소 함유량이 전체 중량의 3.90% 이상 4.70% 이하일 것 다. 망간 함유량이 전체 중량의 1.50% 이하일 것 라. 인 함유량이 전체 중량의 0.03% 이하일 것 마. 황 함유량이 전체 중량의 0.03% 이하일 것 바. 몰리브덴 함유량이 전체 중량의 0.50% 이하일 것 사. 구리 함유량이 전체 중량의 0.50% 이하일 것 아. 니켈 함유량이 전체 중량의 13.00% 이상 15.50% 이하일 것 자. 크롬 함유량이 전체 중량의 16.50% 이상 18.50% 이하일 것 25. 이 규칙 시행일 현재의 미국기계학회(American Society of Mechanical Engineers, 이하 ""ASME""라 한다)의 S31254 강종인 것 26. ASME의 N08904 강종인 것 27. ASME의 S32760 강종인 것 28. 이 규칙 시행일 현재의 노르웨이해양산업규격(Norsk Sokkels Konkuranseposisjon, 이하 ""NORSOK""라 한다)의 S31254 강종인 것 29. NORSOK의 S32750 강종인 것",,
190813,20170102,중국산 에이치(H) 형강에 대한 덤핑방지관세의 부과에 관한 규칙,중국산에이치(H)형강,기획재정부령,제587호,2017-01-02,2017-01-02,일부개정,4,"제2조(부과대상 물품) 덤핑방지관세가 부과되는 물품은 중국산 에이치(H) 형강[「관세법 시행령」 제98조에 따른 관세ㆍ통계통합품목분류표 번호 제7216.33.3000호, 제7216.33.4000호, 제7216.33.5000호, 제7228.70.1010호, 제7228.70.1090호에 해당하는 것을 말한다] 중 다음 각 호의 요건을 모두 갖춘 것으로 한다. 1. 상하 및 좌우 대칭 형태일 것 2. 「산업표준화법」 제12조에 따른 한국산업표준에 따라 측정한 높이가 80밀리미터 이상일 것",,7216.33.3000;7216.33.4000;7216.33.5000;7228.70.1010;7228.70.1090,"제3조(부과대상 공급자) ① 덤핑방지관세가 부과되는 공급자는 제2조에 따른 부과대상 물품의 공급자로 한다. ② 제1항에도 불구하고 기획재정부장관이 「관세법」 제54조제1항에 따른 가격수정에 관한 약속을 수락한 별표 1 각 호의 공급자는 부과대상 공급자에서 제외한다. 다만, 해당 가격수정에 관한 약속을 이행하지 아니하는 경우에는 덤핑방지관세를 부과한다. <개정 2017. 1. 2.>",5,,,"<기획재정부령 제495호, 2015. 7. 30.> 제1조(시행일) 이 규칙은 공포한 날부터 시행한다. 제2조(유효기간) 이 규칙은 공포한 날부터 5년간 효력을 가진다. 제3조(일반적 적용례) 이 규칙은 이 규칙 시행 이후 수입신고하는 물품부터 적용한다. <기획재정부령 제587호, 2017. 1. 2.> 제1조(시행일) 이 규칙은 공포한 날부터 시행한다. 제2조(부과대상 공급자에서 제외되는 공급자에 대한 적용례) 별표 1 제5호의 개정규정은 이 규칙 시행 이후 수입신고를 하는 경우부터 적용한다.",[별표 1] 부과대상 공급자에서 제외되는 공급자(제3조제2항 관련) | [별표 2] 덤핑방지관세율(제4조 관련),Y,"부과대상 공급자에서 제외되는 공급자(제3조제2항 관련) 공급자 1. 바오토우스틸(Inner Mongolia Baotou Steel Union Co., Ltd.)과 그 기업의 제품 을 수출하는 다음 각 목의 기업 가. Baotou Steel International Economic and Trading Co., Ltd. 나. Baogang Zhan Bo International Trade Limited 다. Baotou Steel(Hong Kong) Co., Ltd. 라. Baotou Steel(Singapore) Pte. Ltd. 2. 마안산스틸(Maanshan Iron & Steel Co., Ltd.)과 그 기업의 제품을 수출하는 Maanshan Iron & Steel(Hong Kong) Limited 3. 라이우스틸(Shandong Iron and Steel Company Ltd Laiwu Company)과 그 기 업의 제품을 수출하는 다음 각 목의 기업 가. Shandong Laiwu Steel International Corp. 나. Eldon Development Limited 다. Shandong Steel International Co., Ltd. 4. 르자오스틸(Rizhao Medium Section Mill Co., Ltd.)과 그 기업의 제품을 수출하 는 다음 각 목의 기업 가. Rizhao Steel Holding Group Co., Ltd. 나. Bright Ruby Resources Pte Limited 5. 안타이스틸(Shanxi Antai H-beam Co., Ltd.)과 그 기업의 제품을 수출하는 다 음 각 목의 기업 가. Jiexiu Yian Industry Co., Ltd. 나. Shanxi Antai International Trading Co., Ltd. 다. Everstate Trading(Hong Kong) Limited 6. 진시스틸(Hebei Jinxi Iron and Steel Group Co., Ltd. 및 Hebei Jinxi Section Steel Co., Ltd.)과 그 기업의 제품을 수출하는 다음 각 목의 기업 가. Jinxi International Trade Co., Ltd. 나. China Oriental Group Company Limited 다. China Oriental Singapore Pte. Ltd. 라. Tianjin Hainajin International Trade Co., Ltd. 7. 티엔싱스틸(Tangshan Fengrun Tianxing Iron And Steel Co., Ltd.)과 그 기업 의 제품을 수출하는 다음 각 목의 기업 가. Beijing Tianzhu Fortune International Trading Co., Ltd. [별표 1] <개정 2017. 1. 2.> 나. Tangshan Laiwei Trading Co., Ltd.",,"덤핑방지관세율(제4조 관련) 공급자 덤핑방지 관세율(%) 1. 홍룬스틸(Tangshan Hongrun Steel Co., Ltd.)과 그 기업의 제품 을 수출하는 자 32.72 2. 그 밖의 공급자 28.23 주) ""그 밖의 공급자""와 제1호의 공급자 사이에 「관세법 시행령」 제23조제1 항에 따른 특수관계가 있는 경우에는 ""그 밖의 공급자""의 덤핑방지관세율은 그와 특수관계가 있는 제1호의 공급자의 덤핑방지관세율을 적용한다. [별표 2]"
193755,20170508,중국산 합판에 대한 덤핑방지관세 부과에 관한 규칙,중국산합판,기획재정부령,제621호,2017-05-08,2017-05-08,제정,4,"제2조(부과대상 물품) 덤핑방지관세가 부과되는 물품은 중국산 합판(「관세법 시행령」 제98조제1항에 따른 관세ㆍ통계통합품목분류표 번호 제4412.31호, 제4412.33호 또는 제4412.34호에 해당하는 것을 말한다) 중 두께가 6밀리미터(㎜) 이상인 것으로 한다.",,4412.31;4412.33;4412.34,제3조(부과대상 공급자) 덤핑방지관세가 부과되는 공급자는 제2조에 따른 부과대상 물품의 공급자로 한다.,3,,,"<기획재정부령 제621호, 2017. 5. 8.> 제1조(시행일) 이 규칙은 공포한 날부터 시행한다. 제2조(유효기간) 이 규칙은 공포한 날부터 3년간 효력을 가진다. 제3조(일반적 적용례) 이 규칙은 이 규칙 시행 이후 수입신고하는 물품부터 적용한다.",[별표 ] 덤핑방지관세율(제4조 관련),,,,"[별표] 덤핑방지관세율(제4조 관련) 공급국 공 급 자 덤핑방지 관세율(%) 중 국 난닝 진룬(Nanning Jinlun Woods Co., Ltd.)과 그 회사의 제품을 수출하는 자 5.19 꿰이강 동하이(Guigang Donghai Wood Co., Ltd.)와 그 회사의 제품을 수출하는 자 4.57 꿰이강 웨이추앙(Guigang Weichuang Wood Co., Ltd.), 꿰이강 지에셍(Guigang Jiesheng Wood Co., Ltd.), 광시 링샨 웨이추앙(Guangxi Lingshan Weichuang Wood Co., Ltd.)과 그 회 사의 제품을 수출하는 자 5.29 지엔타오(Nanning Jiantao Wood Industry Co., Ltd.)와 그 회사의 제품을 수출하는 자 5.88 뤼천(Nanning Hengxian Lvchen Wood Products Co., Ltd.)과 그 회사의 제품을 수출하 는 자 27.21 산동 신강(Shandong Xingang Group Co., Ltd.) 과 그 회사의 제품을 수출하는 자 27.21 창해(Guangxi Guigang City Changhai Lumber Co., Ltd.), 성저(Guangxi Guigang City Shengzhe Lumber Co., Ltd.)와 그 회사의 제품 을 수출하는 자 27.21 리안윤강얀타이(Lian Yungang Yuantai International Trade Co., Ltd.)와 그 회사의 제 품을 수출하는 자 27.21 그 밖의 공급자 17.48 주) ""그 밖의 공급자""와 명시된 공급자 사이에 「관세법 시행령」 제23조제1항 에 따른 특수관계가 있는 경우 ""그 밖의 공급자""의 덤핑방지관세율은 그와 특 수관계가 있는 명시된 공급자의 덤핑방지관세율을 적용한다."
193758,20170508,말레이시아산 합판에 대한 덤핑방지관세 부과에 관한 규칙,말레이시아산합판,기획재정부령,제622호,2017-05-08,2017-05-08,제정,4,"제2조(부과대상 물품) 덤핑방지관세가 부과되는 물품은 말레이시아산 합판(「관세법 시행령」 제98조제1항에 따른 관세ㆍ통계통합품목분류표 번호 제4412.31호, 제4412.33호 또는 제4412.34호에 해당하는 것을 말한다) 중 두께가 6밀리미터(㎜) 이상인 것으로 한다.",,4412.31;4412.33;4412.34,제3조(부과대상 공급자) 덤핑방지관세가 부과되는 공급자는 제2조에 따른 부과대상 물품의 공급자로 한다.,3,,,"<기획재정부령 제622호, 2017. 5. 8.> 제1조(시행일) 이 규칙은 공포한 날부터 시행한다. 제2조(유효기간) 이 규칙은 공포한 날부터 3년간 효력을 가진다. 제3조(일반적 적용례) 이 규칙은 이 규칙 시행 이후 수입신고하는 물품부터 적용한다.",[별표 ] 덤핑방지관세율(제4조 관련),,,,"[별표] 덤핑방지관세율(제4조 관련) 공급국 공 급 자 덤핑방지 관세율(%) 말레이시아 신양(Shin Yang Plywood SDN BHD)과 그 회사의 제품을 수출하는 자 5.50 포레스컴(Forescom Plywood SDN BHD)과 그 회사의 제품을 수출하는 자 5.50 신양빈툴루(Shin Yang Plywood Bintulu SDN BHD)와 그 회사의 제품을 수출하는 자 5.50 제드티(Zedtee Plywood SDN BHD)와 그 회사의 제품을 수출하는 자 5.50 메나완(Menawan Wood SDN BHD)과 그 회사의 제품을 수출하는 자 5.50 자야 티아사(Jaya Tiasa Timber Products SDN BHD)와 그 회사의 제품을 수출하는 자 3.96 수부르 티아사(Subur Tiasa Plywood SDN BHD)와 그 회사의 제품을 수출하는 자 5.19 화센(Hwa Sen Veneer and Plywood Industries SDN BHD)과 그 회사의 제품을 수출하는 자 4.45 시노라(Sinora SDN BHD)와 그 회사의 제품을 수출하는 자 38.10 그 밖의 공급자 8.76 주) ""그 밖의 공급자""와 명시된 공급자 사이에 「관세법 시행령」 제23조제1항 에 따른 특수관계가 있는 경우 ""그 밖의 공급자""의 덤핑방지관세율은 그와 특 수관계가 있는 명시된 공급자의 덤핑방지관세율을 적용한다."
194114,20170602,일본ㆍ인도 및 스페인산 스테인리스 스틸바에 대한 덤핑방지관세 부과에 관한 규칙,일본·인도및스페인산스테인리스스틸바,기획재정부령,제624호,2017-06-02,2017-06-02,제정,4,"제2조(부과대상 물품) 덤핑방지관세가 부과되는 물품은 일본ㆍ인도 및 스페인산 스테인리스 스틸바(「관세법 시행령」 제98조제1항에 따른 관세ㆍ통계통합품목분류표 번호 제7222.11.0000호, 제7222.19.0000호, 제7222.20.0000호, 제7222.30.0000호) 중 다음 각 호의 어느 하나에 해당하는 것으로 한다. 다만, 별표 1에 규정된 물품은 제외한다. 1. 가운데에 구멍이 없는 원형강(Round Bar): 지름이 600㎜ 이하인 것 2. 각강(Square Bar): 대변거리가 4.5㎜ 이상 40㎜ 이하인 것 3. 육각강(Hexagonal Bar): 대변거리가 5㎜ 이상 40㎜ 이하인 것 4. 평강(Flat Bar): 두께가 25㎜ 이상 150㎜ 이하이고 너비가 150㎜ 이상 600㎜ 이하인 것. 다만, 두께가 100㎜ 초과 150㎜ 이하이고 너비가 150㎜ 이상 210㎜ 이하인 것은 제외한다.","다만, 별표 1에 규정된 물품은 제외한다. 1. 가운데에 구멍이 없는 원형강(Round Bar): 지름이 600㎜ 이하인 것 2. 각강(Square Bar): 대변거리가 4.5㎜ 이상 40㎜ 이하인 것 3. 육각강(Hexagonal Bar): 대변거리가 5㎜ 이상 40㎜ 이하인 것 4. 평강(Flat Bar): 두께가 25㎜ 이상 150㎜ 이하이고 너비가 150㎜ 이상 600㎜ 이하인 것. 다만, 두께가 100㎜ 초과 150㎜ 이하이고 너비가 150㎜ 이상 210㎜ 이하인 것은 제외한다.",7222.11.0000;7222.19.0000;7222.20.0000;7222.30.0000,제3조(부과대상 공급자) 덤핑방지관세가 부과되는 공급자는 제2조에 따른 부과대상 물품의 공급자로 한다.,3,,,"<기획재정부령 제624호, 2017. 6. 2.> 제1조(시행일) 이 규칙은 공포한 날부터 시행한다. 제2조(유효기간) 이 규칙은 공포한 날부터 3년간 효력을 가진다. 제3조(일반적 적용례) 이 규칙은 이 규칙 시행 이후 수입신고하는 물품부터 적용한다.",[별표 1] 덤핑방지관세 부과대상에서 제외되는 물품(제2조 단서 관련) | [별표 2] 덤핑방지관세율(제4조 관련),Y,"[별표 1] 덤핑방지관세 부과대상에서 제외되는 물품(제2조 단서 관련) 1. 내열강 JIS의 SUH1/1HT, SUH3/3HT, SUH11/11HT, SUH35, 21-2N, 21-12 N(SUH37), 23-8N, 21-4NNbW 규격인 것 2. 니켈합금강 및 전자스테인리스강(Electromagnetic stainless steel) 3. LNG선박 건조용 스테인리스스틸 평강(SUS304)으로서 규격[두께(㎜) × 너 비(㎜)×길이(㎜)]이 12×55×6,000, 16×55×6,000인 것 4. 합성섬유방사 노즐용으로서 원형강(SUS-630KN) 중 그 경도가 HRC 34～38 이고 지름이 30㎜ 이상 600㎜ 이하인 것과 사각강(SUS-630KN) 중 그 경도가 HRC 35～40인 것 5. 다음 각 목의 어느 하나에 해당하는 것 가. 관 이음쇠 및 유압용 육각강(SUS316) 중 그 경도가 HRC 21∼23이고, 허 용공차가 H11이며, 대변거리(단위: ㎜)가 7.9, 9.5, 11.1, 12.0, 12.7, 14.0, 14. 2, 15.0, 15.8, 16.0, 17.0, 17.4, 18.0, 19.1, 20.6, 22.0, 22.2, 23.8, 24.0, 25.0, 25. 4, 26.9, 28.5, 30.0, 31.7, 32.0, 33.3, 34.9, 36.0 또는 38.1인 것 나. 스테인리스스틸 원형강(SUS316) 중 그 경도가 HRC 24∼28이고, 허용공 차가 H9이며, 지름(단위: ㎜)이 6.0, 10.0, 12.0, 13.0, 14.0, 16.0, 18.0, 20.0, 23.0, 26.0, 29.0, 30.0, 32.0, 35.0, 40.0, 42.0 또는 50.8인 것 6. 가솔린 자동차 연료펌프모터 샤프트(Shaft)용 원형강(SUS440C)으로서 지름 5.1㎜, 길이 2,000㎜, 직경공차 ±0.02㎜ 이내, 진직도 ±0.018㎜ 이내, 진원도 0.0 12㎜ 이내, 표면거칠기 3.2z 이내 및 표면경도 HRB96(Max)인 것 7. 자동차 연료조절기밸브용 원형강(SUS420F)으로서 규격[지름(㎜)×길이(㎜)]이 7.1(＋0.05/－0)×2,500(＋30/－0) 또는 11.5(＋0.05/－0)×2,500(＋30/－0)인 것 8. 자동차 및 유공압 솔레노이드밸브용 쾌삭스테인리스 스틸바 원형강(ASK32 00)으로서 지름이 8㎜ 이하인 것 9. 전자부품 가공용 쾌삭스테인리스 스틸바 원형강(ASK3000U)으로서 지름이 1㎜ 이상 4㎜ 이하인 것 10. SUS316L 계열의 원형강 중 고청정 반도체 제조설비에 사용되는 밸브 및 배관부품용으로 2회 이상의 용해 또는 정련 공정을 거친 것으로서 다음 각 목의 요건을 모두 갖춘 것 가. 탄소 함유량이 전체중량의 0.01% 이하일 것 나. 규소의 함유량이 전체중량의 0.15% 이하일 것 다. 망간의 함유량이 전체중량의 0.05% 이하일 것 라. 황의 함유량이 전체중량의 0.002% 이하일 것 마. 질소의 함유량이 전체중량의 0.015% 이하일 것 바. 산소의 함유량이 전체중량의 0.0015% 이하일 것 사. 니켈의 함유량이 전체중량의 14.5% 이상 15.0% 이하일 것 아. 크롬의 함유량이 전체중량의 16.5% 이상 17.0% 이하일 것 자. 몰리브덴의 함유량이 전체중량의 2.20% 이상 2.25% 이하일 것 11. SUS316L 계열의 원형강 중 고청정 반도체 제조설비에 사용되는 밸브 및 배관부품용으로 2회 이상의 용해 또는 정련 공정을 거친 것으로서 다음 각 목의 요건을 모두 갖춘 것 가. 탄소 함유량이 전체중량의 0.01% 이하일 것 나. 규소의 함유량이 전체중량의 0.30% 이하일 것 다. 망간의 함유량이 전체중량의 0.40% 이하일 것 라. 황의 함유량이 전체중량의 0.003% 이하일 것 마. 질소의 함유량이 전체중량의 0.015% 이하일 것 바. 산소의 함유량이 전체중량의 0.0015% 이하일 것 사. 니켈의 함유량이 전체중량의 14.5% 이상 15.0% 이하일 것 아. 크롬의 함유량이 전체중량의 16.5% 이상 17.0% 이하일 것 자. 몰리브덴의 함유량이 전체중량의 2.20% 이상 2.50% 이하일 것 12. 평강(Flat Bar) 중 다음 각 목의 어느 하나에 해당하는 것 가. 두께가 9㎜ 이상 13㎜ 이하이고 너비가 15㎜ 이상 100㎜ 이하인 것 나. 두께가 13㎜ 이상 20㎜ 이하이고 너비가 15㎜ 이상 150㎜ 이하인 것",,"[별표 2] 덤핑방지관세율(제4조 관련) 공급국 공 급 자 덤핑방지 관세율(%) 일 본 모든 공급자 15.39 인 도 비라즈 프로파일즈 리미티드(Viraj Profiles Ltd.) 와 그 기업의 제품을 수출하는 자 3.56 그 밖의 공급자 15.39 스페인 모든 공급자 15.39 주) ""그 밖의 공급자""와 명시된 공급자 사이에 「관세법 시행령」 제23조제1항에 따른 특수관계가 있는 경우 ""그 밖의 공급자""의 덤핑방지관세율은 그와 특수 관계가 있는 명시된 공급자의 덤핑방지관세율을 적용한다."
194894,20170719,중국산 에이치(H) 형강에 대한 덤핑방지관세의 부과에 관한 규칙,중국산에이치(H)형강,기획재정부령,제631호,2017-07-19,2017-07-19,일부개정,4,"제2조(부과대상 물품) 덤핑방지관세가 부과되는 물품은 중국산 에이치(H) 형강[「관세법 시행령」 제98조에 따른 관세ㆍ통계통합품목분류표 번호 제7216.33.3000호, 제7216.33.4000호, 제7216.33.5000호, 제7228.70.1010호, 제7228.70.1090호에 해당하는 것을 말한다] 중 다음 각 호의 요건을 모두 갖춘 것으로 한다. 1. 상하 및 좌우 대칭 형태일 것 2. 「산업표준화법」 제12조에 따른 한국산업표준에 따라 측정한 높이가 80밀리미터 이상일 것",,7216.33.3000;7216.33.4000;7216.33.5000;7228.70.1010;7228.70.1090,"제3조(부과대상 공급자) ① 덤핑방지관세가 부과되는 공급자는 제2조에 따른 부과대상 물품의 공급자로 한다. ② 제1항에도 불구하고 기획재정부장관이 「관세법」 제54조제1항에 따른 가격수정에 관한 약속을 수락한 별표 1 각 호의 공급자는 부과대상 공급자에서 제외한다. 다만, 해당 가격수정에 관한 약속을 이행하지 아니하는 경우에는 덤핑방지관세를 부과한다. <개정 2017. 1. 2.>",5,,,"<기획재정부령 제495호, 2015. 7. 30.> 제1조(시행일) 이 규칙은 공포한 날부터 시행한다. 제2조(유효기간) 이 규칙은 공포한 날부터 5년간 효력을 가진다. 제3조(일반적 적용례) 이 규칙은 이 규칙 시행 이후 수입신고하는 물품부터 적용한다. <기획재정부령 제587호, 2017. 1. 2.> 제1조(시행일) 이 규칙은 공포한 날부터 시행한다. 제2조(부과대상 공급자에서 제외되는 공급자에 대한 적용례) 별표 1 제5호의 개정규정은 이 규칙 시행 이후 수입신고를 하는 경우부터 적용한다. <기획재정부령 제631호, 2017. 7. 19.> 제1조(시행일) 이 규칙은 공포한 날부터 시행한다. 제2조(부과대상 공급자에서 제외되는 공급자에 대한 적용례) 별표 1 제6호의 개정규정은 이 규칙 시행 이후 수입신고를 하는 경우부터 적용한다.",[별표 1] 부과대상 공급자에서 제외되는 공급자(제3조제2항 관련) | [별표 2] 덤핑방지관세율(제4조 관련),Y,"부과대상 공급자에서 제외되는 공급자(제3조제2항 관련) 공급자 1. 바오토우스틸(Inner Mongolia Baotou Steel Union Co., Ltd.)과 그 기업의 제품 을 수출하는 다음 각 목의 기업 가. Baotou Steel International Economic and Trading Co., Ltd. 나. Baogang Zhan Bo International Trade Limited 다. Baotou Steel(Hong Kong) Co., Ltd. 라. Baotou Steel(Singapore) Pte. Ltd. 2. 마안산스틸(Maanshan Iron & Steel Co., Ltd.)과 그 기업의 제품을 수출하는 Maanshan Iron & Steel(Hong Kong) Limited 3. 라이우스틸(Shandong Iron and Steel Company Ltd Laiwu Company)과 그 기 업의 제품을 수출하는 다음 각 목의 기업 가. Shandong Laiwu Steel International Corp. 나. Eldon Development Limited 다. Shandong Steel International Co., Ltd. 4. 르자오스틸(Rizhao Medium Section Mill Co., Ltd.)과 그 기업의 제품을 수출하 는 다음 각 목의 기업 가. Rizhao Steel Holding Group Co., Ltd. 나. Bright Ruby Resources Pte Limited 5. 안타이스틸(Shanxi Antai H-beam Co., Ltd.)과 그 기업의 제품을 수출하는 다 음 각 목의 기업 가. Jiexiu Yian Industry Co., Ltd. 나. Shanxi Antai International Trading Co., Ltd. 다. Everstate Trading(Hong Kong) Limited 6. 진시스틸(Hebei Jinxi Iron and Steel Group Co., Ltd. 및 Hebei Jinxi Section Steel Co., Ltd.) 및 오리엔탈 티앤종(Tianjin Oriental Tianzhong Giant Heavy Profile Steel Sales Co., Ltd.)과 그 기업의 제품을 수출하는 다음 각 목의 기업 가. Jinxi International Trade Co., Ltd. 나. China Oriental Group Company Limited 다. China Oriental Singapore Pte. Ltd. 라. Tianjin Hainajin International Trade Co., Ltd. 7. 티엔싱스틸(Tangshan Fengrun Tianxing Iron And Steel Co., Ltd.)과 그 기업 의 제품을 수출하는 다음 각 목의 기업 [별표 1] <개정 2017. 7. 19.> 가. Beijing Tianzhu Fortune International Trading Co., Ltd. 나. Tangshan Laiwei Trading Co., Ltd.",,"덤핑방지관세율(제4조 관련) 공급자 덤핑방지 관세율(%) 1. 홍룬스틸(Tangshan Hongrun Steel Co., Ltd.)과 그 기업의 제품 을 수출하는 자 32.72 2. 그 밖의 공급자 28.23 주) ""그 밖의 공급자""와 제1호의 공급자 사이에 「관세법 시행령」 제23조제1 항에 따른 특수관계가 있는 경우에는 ""그 밖의 공급자""의 덤핑방지관세율은 그와 특수관계가 있는 제1호의 공급자의 덤핑방지관세율을 적용한다. [별표 2]"
197393,20170907,중국산 인쇄제판용 평면 모양 사진플레이트에 대한 덤핑방지관세 부과에 관한 규칙,중국산인쇄제판용평면모양사진플레이트,기획재정부령,제634호,2017-09-07,2017-09-07,제정,4,"제2조(부과대상 물품) 덤핑방지관세가 부과되는 물품은 중국산 인쇄제판용 평면 모양 사진플레이트(「관세법 시행령」 제98조제1항에 따른 관세ㆍ통계통합품목분류표 번호 제3701.30.9100호에 해당하는 것을 말한다) 중 다음 각 호의 요건을 모두 갖춘 것으로 한다. 다만, 포토폴리머 바이올렛판(Photopolymer Violet Plate), 재생판 및 더블레이어판(Double-layer Plate)은 제외한다. 1. 알루미늄판의 표면을 전기ㆍ화학적으로 연마하여 산화막을 형성한 후 표면에 감광재를 도포한 감광성 인쇄용 판일 것 2. 각 변의 길이가 255밀리미터(㎜)를 초과할 것","다만, 포토폴리머 바이올렛판(Photopolymer Violet Plate), 재생판 및 더블레이어판(Double-layer Plate)은 제외한다. 1. 알루미늄판의 표면을 전기ㆍ화학적으로 연마하여 산화막을 형성한 후 표면에 감광재를 도포한 감광성 인쇄용 판일 것 2. 각 변의 길이가 255밀리미터(㎜)를 초과할 것",3701.30.9100,제3조(부과대상 공급자) 덤핑방지관세가 부과되는 공급자는 제2조에 따른 부과대상 물품의 공급자로 한다.,3,,,"<기획재정부령 제634호, 2017. 9. 7.> 제1조(시행일) 이 규칙은 공포한 날부터 시행한다. 제2조(유효기간) 이 규칙은 공포한 날부터 3년간 효력을 가진다. 제3조(잠정조치가 적용된 물품에 대한 적용례) 이 규칙은 2017년 3월 22일 이후 수입신고된 물품부터 적용한다.",[별표 ] 덤핑방지관세율(제4조 관련),,,,"덤핑방지관세율(제4조 관련) 공급국 공급자 덤핑방지 관세율(%) 중국 코닥그래픽[Kodak (China) Graphic Communications Co., Ltd.]과 그 기업의 제품을 수출하는 자 5.86 보시카(Shanghai Bocica Printing Equipment Co., Ltd.)와 그 기업의 제품을 수출하는 자 9.11 화광그래픽(Lucky Huaguang Graphics Co., Ltd.)과 그 기업의 제 품을 수출하는 자 10.21 화광바오리(Suzhou Huaguang Baoli Printing Plate Material Co., Ltd.)와 그 기업의 제품을 수출하는 자 10.21 종인(Zhongyin Printing Equipment Co., Ltd.)과 그 기업의 제 품을 수출하는 자 10.21 그 밖의 공급자 8.78 주) ""그 밖의 공급자""와 명시된 공급자 사이에 「관세법 시행령」 제23조제1항 에 따른 특수관계가 있는 경우 ""그 밖의 공급자""의 덤핑방지관세율은 그와 특수 관계가 있는 명시된 공급자의 덤핑방지관세율을 적용한다. [별표]"
199294,20171129,베트남ㆍ우크라이나 및 인도산 페로실리코망간에 대한 덤핑방지관세 부과에 관한 규칙,베트남·우크라이나및인도산페로실리코망간,기획재정부령,제640호,2017-11-29,2017-11-29,제정,4,제2조(부과대상 물품) 덤핑방지관세가 부과되는 물품은 베트남ㆍ우크라이나 및 인도산 페로실리코망간(「관세법 시행령」 제98조제1항에 따른 관세ㆍ통계통합품목분류표 번호 제7202.30.0000호에 해당하는 것을 말한다)으로 한다.,,7202.30.0000,제3조(부과대상 공급자) 덤핑방지관세가 부과되는 공급자는 제2조에 따른 부과대상 물품의 공급자로 한다.,5,,,"<기획재정부령 제640호, 2017. 11. 29.> 제1조(시행일) 이 규칙은 공포한 날부터 시행한다. 제2조(유효기간) 이 규칙은 공포한 날부터 5년간 효력을 가진다. 제3조(잠정조치가 적용된 물품에 대한 적용례) 이 규칙은 2017년 5월 31일 이후 수입신고된 물품부터 적용한다.",[별표 ] 덤핑방지관세율(제4조 관련),,,,"[별표] 덤핑방지관세율(제4조 관련) 공급국 공급자 덤핑방지 관세율(%) 베트남 엔알엠(Hai Duong New Resources Metallurgy Shareholdings Company)과 그 기업의 제품을 수 출하는 자 4.06 그 밖의 공급자 4.06 우크라이나 니코폴(PJSC Nikopol Ferroalloy Plant)과 그 기 업의 제품을 수출하는 자 19.06 그 밖의 공급자 19.06 인도 안자니(Anjaney Ferro Alloys Limited)와 그 기업 의 제품을 수출하는 자 11.04 마이탄(Maithan Alloys Limited)과 그 기업의 제 품을 수출하는 자 11.04 인드실 에너지(Indsil Energy and Electrochemicals Private Limited)와 그 기업의 제품을 수출하는 자 7.48 인드실 하이드로(Indsil Hydro Power and Manganese Limited)와 그 기업의 제품을 수출하 는 자 7.48 몰텍스(Mortex Group)와 그 기업의 제품을 수출 하는 자 19.06 그 밖의 공급자 11.04 주) ""그 밖의 공급자""와 명시된 공급자 사이에 「관세법 시행령」 제23조제1항에 따른 특수관계가 있는 경우 ""그 밖의 공급자""의 덤핑방지관세율은 그와 특수 관계가 있는 명시된 공급자의 덤핑방지관세율을 적용한다."
203449,20180430,대만ㆍ태국 및 아랍에미리트연합산 폴리에틸렌 테레프탈레이트 필름에 대한 덤핑방지관세 부과에 관한 규칙,대만·태국및아랍에미리트연합산폴리에틸렌테레프탈레이트필름,기획재정부령,제680호,2018-04-30,2018-04-30,제정,4,"제2조(부과대상 물품) 덤핑방지관세가 부과되는 물품은 대만ㆍ태국 및 아랍에미리트연합산 폴리에틸렌 테레프탈레이트(Polyethylene Terephthalate, PET) 필름(「관세법 시행령」 제98조제1항에 따른 관세ㆍ통계통합품목분류표 번호 제3920.62.0000호 또는 3920.69.0000호에 해당하는 것을 말한다) 중 다음 각 호의 어느 하나에 해당하는 것으로 한다. 다만, 금속으로 증착(蒸着)된 물품 또는 유채색 물품은 제외한다. 1. 코팅되지 않은 물품 2. 코팅된 물품으로서 코팅 두께의 합이 0.25마이크로미터(㎛) 이하인 것","다만, 금속으로 증착(蒸着)된 물품 또는 유채색 물품은 제외한다. 1. 코팅되지 않은 물품 2. 코팅된 물품으로서 코팅 두께의 합이 0.25마이크로미터(㎛) 이하인 것",3920.62.0000;3920.69.0000,제3조(부과대상 공급자) 덤핑방지관세가 부과되는 공급자는 제2조에 따른 부과대상 물품의 공급자로 한다.,3,,,"<기획재정부령 제680호, 2018. 4. 30.> 제1조(시행일) 이 규칙은 공포한 날부터 시행한다. 제2조(유효기간) 이 규칙은 공포한 날부터 3년간 효력을 가진다. 제3조(잠정조치가 적용된 물품에 대한 적용례) 이 규칙은 2017년 11월 1일 이후 수입신고된 물품부터 적용한다.",[별표 ] 덤핑방지관세율(제4조 관련),,,,"덤핑방지관세율(제4조 관련) 공급국 공급자 덤핑방지 관세율(%) 대만 신콩(Shinkong Materials Technology Co., Ltd.)과 그 기업의 제품을 수출하는 자 8.68 그 밖의 공급자 8.68 태국 에이제이피(A.J. Plast Public Company Limited)와 그 기업의 제품을 수출하는 자 3.71 폴리플렉스[Polyplex(Thailand) Public Company Limited]와 그 기업의 제품을 수출하 는 자 3.67 그 밖의 공급자 3.68 아랍에미 리트연합 (UAE) 플렉스(Flex Middle East FZE)와 그 기업의 제품을 수출하는 자 7.98 제이비에프(JBF RAK LLC)와 그 기업의 제 품을 수출하는 자 60.95 그 밖의 공급자 51.48 주) ""그 밖의 공급자""와 명시된 공급자 사이에 「관세법 시행령」 제23조제1항에 따 른 특수관계가 있는 경우 ""그 밖의 공급자""의 덤핑방지관세율은 그와 특수관계 가 있는 명시된 공급자의 덤핑방지관세율을 적용한다. [별표]"
204117,20180722,일본ㆍ중국 및 핀란드산 도공(Coated) 인쇄용지에 대한 덤핑방지관세 부과에 관한 규칙,일본·중국및핀란드산도공(Coated)인쇄용지,기획재정부령,제684호,2018-07-20,2018-07-22,제정,4,"제2조(부과대상 물품) 덤핑방지관세가 부과되는 물품은 일본ㆍ중국 및 핀란드산 도공(Coated) 인쇄용지(「관세법 시행령」 제98조제1항에 따른 관세ㆍ통계통합품목분류표 번호 제4810.13.1000호, 제4810.14.1000호, 제4810.19.1000호, 제4810.19.9000호, 제4810.22.0000호, 제4810.29.0000호에 해당하는 것을 말한다) 중 1제곱미터당 중량이 55그램 초과 110그램 이하인 제품으로 한다.",,4810.13.1000;4810.14.1000;4810.19.1000;4810.19.9000;4810.22.0000;4810.29.0000,제3조(부과대상 공급자) 덤핑방지관세가 부과되는 공급자는 제2조에 따른 부과대상 물품의 공급자로 한다.,,2023-07-21,,"<기획재정부령 제684호, 2018. 7. 20.> 제1조(시행일) 이 규칙은 2018년 7월 22일부터 시행한다. 제2조(유효기간) 이 규칙은 2023년 7월 21일까지 효력을 가진다. 제3조(잠정조치가 적용된 물품에 대한 적용례) 이 규칙은 2018년 1월 22일 이후 수입신고된 물품부터 적용한다.",[별표 ] 덤핑방지관세율(제4조 관련),,,,"[별표] 덤핑방지관세율(제4조 관련) 공급국 공급자(수출자, 생산자) 덤핑방지 관세율(%) 일본 1. 미쓰비시(Mitsubishi Paper Mills Ltd.)와 그 기업의 제품을 수출하는 자 16.23 2. 니폰(Nippon Paper Industries Co., Ltd.)과 그 기업의 제품을 수출하는 자 16.23 3. 그 밖의 공급자 16.23 중국 1. 첸밍(Shouguang Meilun Co., Ltd., Nanchang Chenming Paper Co., Ltd.)과 그 기업의 제품을 수출하는 자 5.90 2. 유피엠 차이나[UPM(China) Co., Ltd.]와 그 기업의 제품을 수출하는 자 16.23 3. 골드이스트[Gold East Paper(Jiangsu) Co., Ltd.]와 그 기업의 제품을 수출하는 자 16.23 4. 그 밖의 공급자 12.23 핀란드 1. 유피엠(UPM Paper ENA OY)과 그 기업의 제품을 수출하는 자 12.94 2. 스토라엔소(Stora Enso Publication Papers OY Ltd.)와 그 기업의 제품을 수출하는 자 12.94 3. 그 밖의 공급자 12.94 주) ""그 밖의 공급자""와 명시된 공급자 사이에 「관세법 시행령」 제23조제1항에 따른 특수관계가 있는 경우 ""그 밖의 공급자""의 덤핑방지관세율은 그와 특수 관계가 있는 명시된 공급자의 덤핑방지관세율을 적용한다."
204243,20180814,중국산 아연도금철선에 대한 덤핑방지관세 부과에 관한 규칙,중국산아연도금철선,기획재정부령,제688호,2018-08-10,2018-08-14,제정,4,제2조(부과대상 물품) 덤핑방지관세가 부과되는 물품은 중국산 아연도금철선[「관세법 시행령」 제98조제1항에 따른 관세ㆍ통계통합품목분류표 번호(이하 이 조에서 “품목분류표”라 한다) 제7217.20.0000호 및 제7229.90.9090호에 해당하는 것을 말한다] 중 다음 각 호의 요건을 모두 갖춘 것으로 한다. 1. 철이나 비합금강 또는 저합금강(합금원소 함유량의 합이 전체 중량의 8퍼센트 미만인 품목분류표에 따른 그 밖의 합금강을 말한다)에 아연을 용융(熔融) 도금하거나 전기 도금한 것일 것 2. 탄소함유량이 전체 중량의 0.25퍼센트 미만일 것,,,제3조(부과대상 공급자) 덤핑방지관세가 부과되는 공급자는 제2조에 따른 부과대상 물품의 공급자로 한다.,,2023-08-13,,"<기획재정부령 제688호, 2018. 8. 10.> 제1조(시행일) 이 규칙은 2018년 8월 14일부터 시행한다. 제2조(유효기간) 이 규칙은 2023년 8월 13일까지 효력을 가진다. 제3조(잠정조치가 적용된 물품에 관한 적용례) 이 규칙은 2018년 2월 14일 이후 수입신고된 물품부터 적용한다.",[별표 ] 덤핑방지관세율(제4조 관련),,,,"[별표] 덤핑방지관세율(제4조 관련) 공급국 공급자 덤핑방지 관세율(%) 중국 1. 후이푸(Tianjin Huifu Metal Products Co., Ltd.)와 그 기업의 제품을 수출하는 자 8.60 2. 화웬메탈(Tianjin Huayuan Metal Wire Products Co., Ltd.)과 그 기업의 제품을 수출하는 자 3. 화웬타임즈(Tianjin Huayuan Times Metal Products Co., Ltd.) 와 그 기업의 제품을 수출하는 자 4. 화웬웰페어(Tianjin Huayuan Welfare Wire Products Co., Ltd.)와 그 기업의 제품을 수출하는 자 5. 푸챠오(Tianjin Fuqiao Metal Products Co., Ltd.)와 그 기업의 제품을 수출하는 자 6. 그 밖의 공급자 8.60 주) ""그 밖의 공급자""와 명시된 공급자 사이에 「관세법 시행령」 제23조제1항에 따른 특수관계가 있는 경우 ""그 밖의 공급자""의 덤핑방지관세율은 그와 특 수관계가 있는 명시된 공급자의 덤핑방지관세율을 적용한다."
204304,20180831,미국ㆍ말레이시아ㆍ태국 및 일본산 에탄올아민에 대한 덤핑방지관세 부과에 관한 규칙,미국·말레이시아·태국및일본산에탄올아민,기획재정부령,제689호,2018-08-31,2018-08-31,제정,4,"제2조(부과대상 물품) 덤핑방지관세가 부과되는 물품은 미국ㆍ말레이시아ㆍ태국 및 일본산 에탄올아민(Ethanolamine, 「관세법 시행령」 제98조에 따른 관세ㆍ통계통합품목분류표 번호 제2922.11.1000호, 제2922.12.1000호, 제2922.15.0000호에 해당하는 것을 말한다)으로 한다.",,2922.11.1000;2922.12.1000;2922.15.0000,제3조(부과대상 공급자) 덤핑방지관세가 부과되는 공급자는 제2조에 따른 부과대상 물품의 공급자로 한다.,3,,,"<기획재정부령 제689호, 2018. 8. 31.> 제1조(시행일) 이 규칙은 공포한 날부터 시행한다. 제2조(유효기간) 이 규칙은 공포한 날부터 3년간 효력을 가진다. 제3조(재심사기간 중 덤핑방지조치가 적용된 물품의 적용례) 이 규칙은 2017년 12월 30일 이후 수입신고된 물품부터 적용한다.",[별표 ] 덤핑방지관세율(제4조 관련),,,,"[별표] 덤핑방지관세율(제4조 관련) 공급국 공급자 덤핑방지 관세율(%) 미국 1. 다우(Dow Chemical Company) 와 그 기업의 제품을 수출 하는 자 21.79 2. 헌츠만(Huntsman Corporation) 과 그 기업의 제품을 수출 하는 자 21.79 3. 이네오스(INEOS) 와 그 기업의 제품을 수출하는 자 21.79 4. 그 밖의 공급자 14.47 말레이 시아 1. 페트로나스(Petronas Chemicals Derivatives Sdn. Bhd.) 와 그 기업의 제품을 수출하는 자 12.64 2. 그 밖의 공급자 12.64 태국 1. 티오시(TOC Glycol Co., Ltd.) 와 그 기업의 제품을 수출하는 자 18.15 2. 그 밖의 공급자 18.15 일본 1. 미쓰이(Mitsui Chemicals Inc.) 와 그 기업의 제품을 수출하는 자 21.79 2. 에프알피(FRP Service & Company) 와 그 기업의 제품을 수출하는 자 21.79 3. 간사이(Kansai Paint Co., Ltd.) 와 그 기업의 제품을 수출 하는 자 21.79 4. 그 밖의 공급자 21.79 주) ""그 밖의 공급자""와 명시된 공급자 사이에 「관세법 시행령」 제23조제1항에 따른 특수관계가 있는 경우 ""그 밖의 공급자""의 덤핑방지관세율은 그와 특수 관계가 있는 명시된 공급자의 덤핑방지관세율을 적용한다."
204305,20180831,중국산 플로트판유리에 대한 덤핑방지관세 부과에 관한 규칙,중국산플로트판유리,기획재정부령,제690호,2018-08-31,2018-08-31,제정,4,"제2조(부과대상 물품) 덤핑방지관세가 부과되는 물품은 플로트공법으로 생산된 중국산 플로트판유리(「관세법 시행령」 제98조에 따른 관세ㆍ통계통합품목분류표 번호 제7005.21.4000호, 제7005.21.5000호, 제7005.21.6000호, 제7005.21.7010호, 제7005.21.7020호, 제7005.21.7030호, 제7005.29.4010호, 제7005.29.4090호, 제7005.29.5010호, 제7005.29.5090호, 제7005.29.6010호, 제7005.29.6090호, 제7005.29.7010호, 제7005.29.7090호, 제7005.29.8010호, 제7005.29.8090호, 제7005.29.9010호, 제7005.29.9090호에 해당하는 것을 말한다) 중 다음 각 호의 어느 하나에 해당하는 것으로 한다. 다만, 코팅유리(Coated Glass), 무늬유리(Patterned Glass), 망입유리(Wired Glass), 복층유리(Insulating Glass), 강화유리(Tempered Glass), 접합유리(Laminated Glass), 에칭유리(Etched Glass), 저철분유리(Low iron Glass) 등 판유리의 효용을 개선하기 위하여 가공한 유리는 제외한다. 1. 맑은 유리(Clear Float Glass) : 두께가 4밀리미터를 초과하고 13밀리미터 미만인 것 2. 색유리 중 그린유리(Green Float Glass) : 두께가 4밀리미터를 초과하고 13밀리미터 미만인 것","다만, 코팅유리(Coated Glass), 무늬유리(Patterned Glass), 망입유리(Wired Glass), 복층유리(Insulating Glass), 강화유리(Tempered Glass), 접합유리(Laminated Glass), 에칭유리(Etched Glass), 저철분유리(Low iron Glass) 등 판유리의 효용을 개선하기 위하여 가공한 유리는 제외한다. 1. 맑은 유리(Clear Float Glass) : 두께가 4밀리미터를 초과하고 13밀리미터 미만인 것 2. 색유리 중 그린유리(Green Float Glass) : 두께가 4밀리미터를 초과하고 13밀리미터 미만인 것",7005.21.4000;7005.21.5000;7005.21.6000;7005.21.7010;7005.21.7020;7005.21.7030;7005.29.4010;7005.29.4090;7005.29.5010;7005.29.5090;7005.29.6010;7005.29.6090;7005.29.7010;7005.29.7090;7005.29.8010;7005.29.8090;7005.29.9010;7005.29.9090,"제3조(부과대상 공급자) ① 덤핑방지관세가 부과되는 공급자는 제2조에 따른 부과대상 물품의 공급자로 한다. ② 제1항에도 불구하고 별표 제1호 각 목의 공급자로서 「관세법」 제54조제1항에 따른 가격수정에 관한 약속이 수락된 경우에는 부과대상 공급자에서 제외한다. 다만, 해당 가격수정에 관한 약속을 이행하지 아니하는 경우에는 덤핑방지관세를 부과한다.",3,,,"<기획재정부령 제690호, 2018. 8. 31.> 제1조(시행일) 이 규칙은 공포한 날부터 시행한다. 제2조(유효기간) 이 규칙은 공포한 날부터 3년간 효력을 가진다. 제3조(재심사기간 중 덤핑방지조치가 적용된 물품의 적용례) 이 규칙은 2018년 1월 7일 이후 수입신고된 물품부터 적용한다.",[별표 ] 덤핑방지관세율(제4조 관련),,,,"[별표] 덤핑방지관세율(제4조 관련) 공급국 공급자 덤핑방지 관세율(%) 중국 1. 다음 각 목의 차이나글라스그룹(China Glass Holdings Ltd.) 관계사와 그 기업의 제품을 수출하는 자 가. Zhong Bo Technology Co., Ltd. 나. Weihai CNG New Technology Glass Co., Ltd. 다. Jiangsu SHD New Materials Co., Ltd. 라. Weihai CNG Import and Export Co.,Ltd. 마. Suqian CNG New Materials Co.,Ltd. 바. Dongtai China Glass Special Glass Co.,Ltd. 사. Xianyang CNG Coated Glass Company Limited 아. Shaanxi CNG New Technology Limited 자. Wuhai CNG Special Glass Co.,Ltd 차. Linyi CNG Glass Co.,Ltd. 12.04 2. 다음 각 목의 진징그룹(Jinjing Group Co., Ltd.) 관 계사와 그 기업의 제품을 수출하는 자 가. Shandong Jinjing Trade Co., Ltd. 나. Shandong Jinjing Science & Technology Stock Co., Ltd. 다. Zibo Zhongqi Building Materials Co., Ltd. 라. Zibo Jinxing Glass Co., Ltd. 마. Tengzhou Jinjing Glass Co., Ltd. 바. Tengzhou Fumin Glass Co., Ltd. 사. Langfang Jinbiao Glass Co., Ltd. 15.22 3. 칭다오판유리(Qingdao Float Glass Co., Ltd.) 와 그 기업의 제품을 수출하는 자 28.31 4. 칭다오진징(Qingdao Jinjing Stock Co., Ltd.) 과 그 기업의 제품을 수출하는 자 36.01 5. 야오후아(Qinhuangdao Yaohua Glass Co., Ltd.) 와 그 기업의 제품을 수출하는 자 21.37 6. 티지창지앙(TG Changjiang Glass Co., Ltd.) 과 그 기업의 제품을 수출하는 자 29.21 7. 지앙수파룬(Jiangsu Farun Group Co., Ltd.) 과 그 기업의 제품을 수출하는 자 36.01 8. 그 밖의 공급자 19.06 주) ""그 밖의 공급자""와 명시된 공급자 사이에 「관세법 시행령」 제23조제1항에 따른 특수관계가 있는 경우 ""그 밖의 공급자""의 덤핑방지관세율은 그와 특수 관계가 있는 명시된 공급자의 덤핑방지관세율을 적용한다."
204869,20181015,중국산 도자기질 타일에 대한 덤핑방지관세 부과에 관한 규칙,중국산도자기질타일,기획재정부령,제695호,2018-10-15,2018-10-15,제정,4,"제2조(부과대상 물품) 「관세법」 제51조에 따른 덤핑방지관세(이하 “덤핑방지관세”라 한다)가 부과되는 물품은 중국산 도자기질 타일(「관세법 시행령」 제98조제1항에 따른 관세ㆍ통계통합품목분류표 번호 제6901.00.3000호, 제6907.21.0000호, 제6907.22.1000호, 제6907.22.9000호, 제6907.23.0000호, 제6907.30.1000호, 제6907.30.9000호, 제6907.40.1000호, 제6907.40.9000호에 해당하는 것을 말한다)로서 가로와 세로의 길이가 각각 70밀리미터 이상 1천300밀리미터 이하인 사각 형태의 것을 말한다.",,6901.00.3000;6907.21.0000;6907.22.1000;6907.22.9000;6907.23.0000;6907.30.1000;6907.30.9000;6907.40.1000;6907.40.9000,제3조(부과대상 공급자) 덤핑방지관세가 부과되는 공급자는 제2조에 따른 부과대상 물품의 공급자로 한다.,3,,,"<기획재정부령 제695호, 2018. 10. 15.> 제1조(시행일) 이 규칙은 공포한 날부터 시행한다. 제2조(유효기간) 이 규칙은 공포한 날부터 3년간 효력을 가진다. 제3조(재심사기간 중 덤핑방지조치가 적용된 물품의 적용례) 이 규칙은 2018년 2월 25일 이후 수입신고된 물품부터 적용한다.",[별표 ] 덤핑방지관세율(제4조 관련),,,,"[별표] 덤핑방지관세율(제4조 관련) 공급국 공급자 덤핑방지 관세율(%) 중국 1. 광둥지아준(Guangdong Jiajun Ceramics Co., Ltd.) 과 그 기업의 제품을 수출하는 자 12.40 2. 광둥홍토우(Guangdong Winto Ceramics Co., Ltd.) 및 다음 각 목의 광둥홍토우 관계사와 이들 기업의 제품을 수출하 는 자 가. Guangdong Homeway Ceramics Industry Co., Ltd. 나. Guangdong Hongyu New Materials Co., Ltd. 다. Guangdong Honghai Ceramics Industry Co., Ltd. 라. Guangdong Hongyu Ceramics Co., Ltd. 마. Foshan Sanshui Hongyuan Ceramics Enterprise Co., Ltd. 바. Guangdong Fotao Group Import & Export Co., Ltd. 사. Foshan ITTO Ceramics Co., Ltd. 아. Foshan Gaode Ceramics Co., Ltd. 자. Foshan Venizea Ceramics Co., Ltd. 차. Foshan Zhuoyuan Ceramics Co., Ltd. 10.37 3. 오버랜드(Guangdong Overland Ceramics Co., Ltd.) 와 그 기업의 제품을 수출하는 자 9.06 4. 포산가니(Foshan Gani Ceramics Co., Ltd.) 및 포산가니의 관계사 칭위안가니(Qingyuan Gani Ceramics Co., Ltd.) 와 이들 기업의 제품을 수출하는 자 13.37 5. 광둥보데(Guangdong Bode Fine Building Material Co., Ltd.) 및 광둥보데의 관계사 양시보데(Yangxi Bode Fine Building Material Co., Ltd.) 와 이들 기업의 제품을 수출하 는 자 13.37 6. 포산둥펑(Foshan Dongpeng Ceramics Co., Ltd.) 및 다음 각 목의 포산둥펑 관계사와 이들 기업의 제품을 수출하는 자 가. Foshan Hua Sheng Chang Ceramics Co., Ltd. 나. Foshan Dong Hua Sheng Chang New Materials Co., 16.92 Ltd. 다. Zibo Kapuer Ceramics Co., Ltd. 라. Qingyuan Nafuna Ceramics Co., Ltd. 마. Fengcheng Dongpeng Ceramics. Co., Ltd. 바. Lixian Xinpeng Ceramics Co., Ltd. 사. Duilong Deqing Heying Trading Co., Ltd. 아. Hunan Dongpeng Building Materials Co., Ltd. 자. Linzhi Yuhe Trading Co.,Ltd. 차. Jiangxi Fengyu Cemmercial and Trading Co., Ltd. 카. Yunnan Xuanpeng Building Materials Co., Ltd. 타. Shenzhen Dongpeng Ceramics Co., Ltd. 파. Guangzhou Dongpeng Ceramics Co., Ltd. 하. Shanghai Dongpeng Ceramics Co., Ltd. 거. Shanxi Dongpeng Building Materials Co., Ltd. 너. Qingdao Ruipeng Building Materials Co., Ltd. 더. Foshan Shunde Dongpeng Ceramics Sales Co., Ltd. 러. Guangxi Yuepeng Building Materials Co., Ltd. 머. Guangdong Dongpeng Holding Co., Ltd. 버. Chongqing Shiwan Dongpeng Ceramics Co., Ltd. 7. 스완이글브랜드(Foshan Shiwan Eagle Brand Ceramic Co., Ltd.) 및 다음 각 목의 스완이글브랜드 관계사와 이들 기업의 제품을 수출하는 자 가. Eagle Brand Ceramics Industrial(Heyuan) Co., Ltd. 나. Foshan Shiwan Eagle Brand Hua Peng Ceramic Co., Ltd. 다. Heyuan Dongyuan Eagle Brand Ceramic Co., Ltd. 라. Foshan Eagle Brand Ceramic Trade Co., Ltd. 29.41 8. 산둥아사(Shandong ASA Ceramic Co., Ltd.) 및 다음 각 목의 산둥아사 관계사와 이들 기업의 제품을 수출하는 자 가. Hubei ASA Ceramic Co., Ltd. 나. Shanghai ASA Ceramic Co., Ltd. 다. Shanghai Jinming Investment Group Co., Ltd. 라. Singapore ASA Group Holdings Ltd. 마. Zi Shen Investment Ltd. 29.41 9. 야주(Foshan Gaoming Yaju Ceramics Co., Ltd.) 및 다음 각 목의 야주 관계사와 이들 기업의 제품을 수출하는 자 가. Foshan Gaoge Ceramics Co., Ltd. 나. Foshan Royal House International Trade Co., Ltd. 29.41 10. 레드리프(Fujian Minqing Red-leaf Ceramic Building Material Co., Ltd.) 와 그 기업의 제품을 수출하는 자 29.41 11. 진정(Jianping Jinzheng Ceramic Co., Ltd.) 및 다음 각 목의 진정 관계사와 이들 기업의 제품을 수출하는 자 가. Tangshan Rongfu Ceramic Co., Ltd. 나. Gucheng Jinchang Construction Ceramic Co., Ltd. 다. Xiangyang Taosheng Construction Ceramic Co., Ltd. 29.41 12. 허메이(Foshan Hemei Ceramics Co., Ltd) 와 그 기업의 제품을 수출하는 자 29.41 13. 상하이시믹홀딩스(Shanghai CIMIC Holdings Co., Ltd.) 및 다음 각 목의 상하이시믹홀딩스 관계사와 이들 기업의 제품을 수출하는 자 가. Shanghai Cimic Decoration Material Co., Ltd. 나. Shanghai Cimic Construction Material Co., Ltd. 다. Chengdu Cimic Construction Material Co., Ltd. 라. Xi'an Cimic Construction Material Co., Ltd. 마. Chongqing Cimic Construction Material Co., Ltd. 바. Guangzhou Cimic Construction Material Co., Ltd. 사. Shanghai Cimic Construction Material Co., Ltd. Nanjing Branch. 아. Shanghai Cimic Construction Material Co., Ltd. Jinan Branch. 자. Shanghai Cimic Construction Material Co., Ltd. Hangzhou Branch. 차. Shanghai Cimic Construction Material Co., Ltd. Wuhan Branch. 카. Shanghai Cimic Construction Material Co., Ltd. Tianjin Branch. 타. Shanghai Cimic Construction Material Co., Ltd. Shenyang Branch. 29.41 파. Shanghai Cimic Construction Material Co., Ltd. Beijing Branch. 하. Shanghai Cimic Construction Material Co., Ltd. Zhengzhou Branch. 거. Shanghai Cimic Construction Material Co., Ltd. Wuxi Branch. 너. Shanghai Cimic Holdings Co., Ltd. Shenzhen Branch. 더. Jiangxi Cimic Tile Co., Ltd. 러. Jiangxi Cimic Construction Material Co., Ltd 14. 하우손(China Houson Building Material Co., Ltd.) 과 그 기업의 제품을 수출하는 자 29.41 15. 상원(Foshan Chancheng Shangyuan Oulian Construction Ceramic Limited) 과 그 기업의 제품을 수출하는 자 29.41 16. 신중원(New Zhong Yuan Ceramics Co., Ltd. of Guangdong, Foshan) 및 다음 각 목의 신중원 관계사와 이들 기업의 제품을 수출하는 자 가. New Zhongyuan Ceramics Co., Ltd. 나. Heyuan Wanfeng Ceramics Co., Ltd. 다. Qingyuan Southern Building Materials and Sanitary Ware Co., Ltd. 라. Sichuan New Zhongyuan Ceramics Co., Ltd. 마. Sichuan Xin Yuezhong Ceramics Co., Ltd. 바. New Zhong Yuan Ceramics Import & Export Co., Ltd. of Guangdong, Foshan. 사. San De Bo Ceramics Co., Ltd. 아. Foshan Lungo Ceramics Co., Ltd. 29.41 17. 샹시(Foshan Shuangxi Ceramics Co., Ltd.) 와 그 기업의 제품을 수출하는 자 29.41 18. 후아싱(Wulian Huaxing Packaing Co., Ltd.) 과 그 기업의 제품을 수출하는 자 29.41 19. 달리안(Dalian Zheng Ren Trading Co., Ltd.) 과 그 기업의 제품을 수출하는 자 29.41 20. 광둥난하이(Guangdong Nanhai Light Industrial Products Imp & Exp Co., Ltd.) 와 그 기업의 제품을 수출하는 자 29.41 21. 메디컬이퀴프먼트(China National Medical Equipment & Supplies Imp & Exp Corp.) 와 그 기업의 제품을 수출하 는 자 29.41 22. 그 밖의 공급자 16.07 주) ""그 밖의 공급자""와 명시된 공급자 사이에 「관세법 시행령」 제23조제1항에 따른 특수관계가 있는 경우 ""그 밖의 공급자""의 덤핑방지관세율은 그와 특수 관계가 있는 명시된 공급자의 덤핑방지관세율을 적용한다."
205206,20181121,중국산 에이치(H) 형강에 대한 덤핑방지관세의 부과에 관한 규칙,중국산에이치(H)형강,기획재정부령,제696호,2018-11-21,2018-11-21,일부개정,4,"제2조(부과대상 물품) 덤핑방지관세가 부과되는 물품은 중국산 에이치(H) 형강[「관세법 시행령」 제98조에 따른 관세ㆍ통계통합품목분류표 번호 제7216.33.3000호, 제7216.33.4000호, 제7216.33.5000호, 제7228.70.1010호, 제7228.70.1090호에 해당하는 것을 말한다] 중 다음 각 호의 요건을 모두 갖춘 것으로 한다. 1. 상하 및 좌우 대칭 형태일 것 2. 「산업표준화법」 제12조에 따른 한국산업표준에 따라 측정한 높이가 80밀리미터 이상일 것",,7216.33.3000;7216.33.4000;7216.33.5000;7228.70.1010;7228.70.1090,"제3조(부과대상 공급자) ① 덤핑방지관세가 부과되는 공급자는 제2조에 따른 부과대상 물품의 공급자로 한다. ② 제1항에도 불구하고 기획재정부장관이 「관세법」 제54조제1항에 따른 가격수정에 관한 약속을 수락한 별표 1 각 호의 공급자는 부과대상 공급자에서 제외한다. 다만, 해당 가격수정에 관한 약속을 이행하지 아니하는 경우에는 덤핑방지관세를 부과한다. <개정 2017. 1. 2.>",5,,,"<기획재정부령 제495호, 2015. 7. 30.> 제1조(시행일) 이 규칙은 공포한 날부터 시행한다. 제2조(유효기간) 이 규칙은 공포한 날부터 5년간 효력을 가진다. 제3조(일반적 적용례) 이 규칙은 이 규칙 시행 이후 수입신고하는 물품부터 적용한다. <기획재정부령 제587호, 2017. 1. 2.> 제1조(시행일) 이 규칙은 공포한 날부터 시행한다. 제2조(부과대상 공급자에서 제외되는 공급자에 대한 적용례) 별표 1 제5호의 개정규정은 이 규칙 시행 이후 수입신고를 하는 경우부터 적용한다. <기획재정부령 제631호, 2017. 7. 19.> 제1조(시행일) 이 규칙은 공포한 날부터 시행한다. 제2조(부과대상 공급자에서 제외되는 공급자에 대한 적용례) 별표 1 제6호의 개정규정은 이 규칙 시행 이후 수입신고를 하는 경우부터 적용한다. <기획재정부령 제696호, 2018. 11. 21.> 제1조(시행일) 이 규칙은 공포한 날부터 시행한다. 제2조(부과대상 공급자에서 제외되는 공급자에 대한 적용례) 별표 1 제6호의 개정규정은 이 규칙 시행 이후 수입신고를 하는 경우부터 적용한다.",[별표 1] 부과대상 공급자에서 제외되는 공급자(제3조제2항 관련) | [별표 2] 덤핑방지관세율(제4조 관련),Y,"[별표 1] <개정 2018. 11. 21.> 부과대상 공급자에서 제외되는 공급자(제3조제2항 관련) 공급자 1. 바오토우스틸(Inner Mongolia Baotou Steel Union Co., Ltd.)과 그 기업의 제품 을 수출하는 다음 각 목의 기업 가. Baotou Steel International Economic and Trading Co., Ltd. 나. Baogang Zhan Bo International Trade Limited 다. Baotou Steel(Hong Kong) Co., Ltd. 라. Baotou Steel(Singapore) Pte. Ltd. 2. 마안산스틸(Maanshan Iron & Steel Co., Ltd.)과 그 기업의 제품을 수출하는 Maanshan Iron & Steel(Hong Kong) Limited 3. 라이우스틸(Shandong Iron and Steel Company Ltd Laiwu Company)과 그 기 업의 제품을 수출하는 다음 각 목의 기업 가. Shandong Laiwu Steel International Corp. 나. Eldon Development Limited 다. Shandong Steel International Co., Ltd. 4. 르자오스틸(Rizhao Medium Section Mill Co., Ltd.)과 그 기업의 제품을 수출하 는 다음 각 목의 기업 가. Rizhao Steel Holding Group Co., Ltd. 나. Bright Ruby Resources Pte Limited 5. 안타이스틸(Shanxi Antai H-beam Co., Ltd.)과 그 기업의 제품을 수출하는 다 음 각 목의 기업 가. Jiexiu Yian Industry Co., Ltd. 나. Shanxi Antai International Trading Co., Ltd. 다. Everstate Trading(Hong Kong) Limited 6. 진시스틸(Hebei Jinxi Iron and Steel Group Co., Ltd. 및 Hebei Jinxi Section Steel Co., Ltd.)과 그 기업의 제품을 수출하는 다음 각 목의 기업 가. Jinxi International Trade Co., Ltd. 나. China Oriental Group Company Limited 다. China Oriental Singapore Pte. Ltd. 라. Tianjin Hainajin International Trade Co., Ltd. 마. Hebei Jinxi International Trade Co., Ltd. 7. 티엔싱스틸(Tangshan Fengrun Tianxing Iron And Steel Co., Ltd.)과 그 기업 의 제품을 수출하는 다음 각 목의 기업 가. Beijing Tianzhu Fortune International Trading Co., Ltd. 나. Tangshan Laiwei Trading Co., Ltd.",,"덤핑방지관세율(제4조 관련) 공급자 덤핑방지 관세율(%) 1. 홍룬스틸(Tangshan Hongrun Steel Co., Ltd.)과 그 기업의 제품 을 수출하는 자 32.72 2. 그 밖의 공급자 28.23 주) ""그 밖의 공급자""와 제1호의 공급자 사이에 「관세법 시행령」 제23조제1 항에 따른 특수관계가 있는 경우에는 ""그 밖의 공급자""의 덤핑방지관세율은 그와 특수관계가 있는 제1호의 공급자의 덤핑방지관세율을 적용한다. [별표 2]"
208698,20190516,대만 및 이탈리아산 스테인리스 스틸바에 대한 덤핑방지관세 부과에 관한 규칙,대만및이탈리아산스테인리스스틸바,기획재정부령,제734호,2019-05-16,2019-05-16,제정,4,"제2조(부과대상 물품) 덤핑방지관세가 부과되는 물품은 대만 및 이탈리아산 스테인리스 스틸바(「관세법 시행령」 제98조제1항에 따른 관세ㆍ통계통합품목분류표 번호 제7222.11.0000호, 제7222.19.0000호, 제7222.20.0000호 및 제7222.30.0000호에 해당하는 것을 말한다) 중 횡단면이 원형, 정사각형, 육각형 또는 직사각형(두께가 25밀리미터 이상 150밀리미터 이하이고, 너비가 150밀리미터 이상 600밀리미터 이하인 것으로 한정한다)인 것으로 한다. 다만, 다음 각 호의 어느 하나에 해당하는 것은 부과대상에서 제외한다. 1. 가운데에 구멍이 있는 것 2. 횡단면이 직사각형인 것 중 두께가 100밀리미터 초과 150밀리미터 이하이고, 너비가 150밀리미터 이상 210밀리미터 이하인 것 3. 콘크리트 보강용 철근으로서 표면에 마디가 있는 것 4. 자동차 엔진밸브용 내열강(고온에 잘 견디는 강철을 말하며, 이하 같다)으로서 21-4NNbW[유럽연합기준(EN) 1.4882] 규격인 것. 이 경우 21-4NWNb 등 N, Nb, W의 표기순서가 다른 것이라도 같은 규격으로 본다. 5. 자동차 엔진밸브용 내열강으로서 23-8N(EN기준 1.4866) 규격인 것 6. 자동차 엔진밸브용 내열강으로서 21-4N(EN기준 1.4871) 규격인 것 7. 자동차 엔진밸브용 내열강으로서 21-2N(EN기준 1.4875) 규격인 것 8. 자동차 엔진부품용으로서 440B(EN기준 1.4112) 규격인 것 9. 자동차 엔진부품용으로서 415M(EN기준 1.4418) 규격인 것으로 황(S) 함량이 10피피엠(ppm) 이하인 것 10. 자동차 가스센서용 AISI 430F 육각봉으로서 BOSCH F028X50124 규격을 충족하는 것 11. 자동차 솔레노이드(전기 도선 감은 원통형 기기를 말한다) 밸브용 430FR 강종(鋼種)으로서 max 398A/m coercive field strength Hc 자력성(磁力性) 규격을 충족하는 것","다만, 다음 각 호의 어느 하나에 해당하는 것은 부과대상에서 제외한다. 1. 가운데에 구멍이 있는 것 2. 횡단면이 직사각형인 것 중 두께가 100밀리미터 초과 150밀리미터 이하이고, 너비가 150밀리미터 이상 210밀리미터 이하인 것 3. 콘크리트 보강용 철근으로서 표면에 마디가 있는 것 4. 자동차 엔진밸브용 내열강(고온에 잘 견디는 강철을 말하며, 이하 같다)으로서 21-4NNbW[유럽연합기준(EN) 1.4882] 규격인 것. 이 경우 21-4NWNb 등 N, Nb, W의 표기순서가 다른 것이라도 같은 규격으로 본다. 5. 자동차 엔진밸브용 내열강으로서 23-8N(EN기준 1.4866) 규격인 것 6. 자동차 엔진밸브용 내열강으로서 21-4N(EN기준 1.4871) 규격인 것 7. 자동차 엔진밸브용 내열강으로서 21-2N(EN기준 1.4875) 규격인 것 8. 자동차 엔진부품용으로서 440B(EN기준 1.4112) 규격인 것 9. 자동차 엔진부품용으로서 415M(EN기준 1.4418) 규격인 것으로 황(S) 함량이 10피피엠(ppm) 이하인 것 10. 자동차 가스센서용 AISI 430F 육각봉으로서 BOSCH F028X50124 규격을 충족하는 것 11. 자동차 솔레노이드(전기 도선 감은 원통형 기기를 말한다) 밸브용 430FR 강종(鋼種)으로서 max 398A/m coercive field strength Hc 자력성(磁力性) 규격을 충족하는 것",7222.11.0000;7222.19.0000;7222.20.0000;7222.30.0000,제3조(부과대상 공급자) 덤핑방지관세가 부과되는 공급자는 제2조에 따른 부과대상 물품의 공급자로 한다.,5,,,"<기획재정부령 제734호, 2019. 5. 16.> 제1조(시행일) 이 규칙은 공포한 날부터 시행한다. 제2조(유효기간) 이 규칙은 시행한 날부터 5년간 효력을 가진다. 제3조(잠정조치가 적용된 물품에 대한 적용례) 이 규칙은 2018년 11월 16일 이후 수입신고된 물품부터 적용한다.",[별표 ] 덤핑방지관세율(제4조 관련),,,,"■ 대만 및 이탈리아산 스테인리스 스틸바에 대한 덤핑방지관세 부과에 관한 규칙 [별표] 덤핑방지관세율(제4조 관련) 공급국 공 급 자 덤핑방지 관세율(%) 대만 왈신(Walsin Lihwa Corporation) 및 그 관계사 9.47 지엠티시(Gloria Material Technology Corp.) 및 그 관계사 18.56 그 밖의 공급자 13.14 이탈리아 발브루나(Acciaierie Valbruna S.p.A) 및 그 관계사 10.21 꼬네(Cogne Acciai Speciali S.p.A) 및 그 관계사 13.74 그 밖의 공급자 11.97 주) ""그 밖의 공급자""와 명시된 공급자 사이에 「관세법 시행령」 제23조제1항에 따른 특수관계가 있는 경우 ""그 밖의 공급자""의 덤핑방지관세율은 그와 특수관 계가 있는 명시된 공급자의 덤핑방지관세율을 적용한다."
209927,20190709,인도산 초산에틸에 대한 덤핑방지관세 부과에 관한 규칙,인도산초산에틸,기획재정부령,제741호,2019-07-09,2019-07-09,제정,4,제2조(부과대상 물품) 덤핑방지관세가 부과되는 물품은 인도산 초산에틸(「관세법 시행령」 제98조제1항에 따른 관세ㆍ통계통합품목분류표 번호 제2915.31호에 해당하는 것을 말한다)로 한다.,,2915.31,제3조(부과대상 공급자) 덤핑방지관세가 부과되는 공급자는 제2조에 따른 부과대상 물품의 공급자로 한다.,3,,,"<기획재정부령 제741호, 2019. 7. 9.> 제1조(시행일) 이 규칙은 공포한 날부터 시행한다. 제2조(유효기간) 이 규칙은 공포한 날부터 3년간 효력을 가진다. 제3조(재심사기간 중 덤핑방지조치가 적용된 물품의 적용례) 이 규칙은 2018년 11월 19일 이후 수입신고된 물품부터 적용한다.",[별표 ] 덤핑방지관세율(제4조 관련),,,,"■ 인도산 초산에틸에 대한 덤핑방지관세 부과에 관한 규칙 [별표] 덤핑방지관세율(제4조 관련) 공급국 공급자 덤핑방지 관세율(%) 인도 1. 주빌란트(Jubilant Life Science Ltd.) 및 그 관계사[제 이엘에스엔브이(Jubilant Life Science NV), 제이피엔브이 (Jubilant Pharmaceutical NV)를 포함한다]와 그 회사의 제품을 수출하는 자 10.63 2. 지엔에프씨(Gujarat Narmada Valley Fertilizers & Chemicals Ltd.)와 그 회사의 제품을 수출하는 자 8.56 3. 고다바리(Godavari Biorefineries Ltd.)와 그 회사의 제 품을 수출하는 자 19.84 4. 락스미(Laxmi Organic Industries Ltd.)와 그 회사의 제품을 수출하는 자 19.84 5. 그 밖의 공급자 14.53 주) ""그 밖의 공급자""와 명시된 공급자 사이에 「관세법 시행령」 제23조제1 항에 따른 특수관계가 있는 경우 ""그 밖의 공급자""의 덤핑방지관세율은 그와 특수관계가 있는 명시된 공급자의 덤핑방지관세율을 적용한다."
209928,20190709,중국ㆍ일본 및 싱가포르산 초산에틸에 대한 덤핑방지관세 부과에 관한 규칙,중국·일본및싱가포르산초산에틸,기획재정부령,제742호,2019-07-09,2019-07-09,제정,4,제2조(부과대상 물품) 덤핑방지관세가 부과되는 물품은 중국ㆍ일본 및 싱가포르산 초산에틸(「관세법 시행령」 제98조제1항에 따른 관세ㆍ통계통합품목분류표 번호 제2915.31호에 해당하는 것을 말한다)로 한다.,,2915.31,제3조(부과대상 공급자) 덤핑방지관세가 부과되는 공급자는 제2조에 따른 부과대상 물품의 공급자로 한다.,3,,,"<기획재정부령 제742호, 2019. 7. 9.> 제1조(시행일) 이 규칙은 공포한 날부터 시행한다. 제2조(유효기간) 이 규칙은 공포한 날부터 3년간 효력을 가진다. 제3조(재심사기간 중 덤핑방지조치가 적용된 물품의 적용례) 이 규칙은 2018년 11월 19일 이후 수입신고된 물품부터 적용한다.",[별표 ] 덤핑방지관세율(제4조 관련),,,,"■ 중국ㆍ일본 및 싱가포르산 초산에틸에 대한 덤핑방지관세 부과에 관한 규칙 [별표] 덤핑방지관세율(제4조 관련) 공급국 공급자 덤핑방지 관세율(%) 중국 1. 장수소포[Jiangsu SOPO Corporation (Group) Co., Ltd.]와 그 회사의 제품을 수출하는 자 4.73 2. 다음 각 목의 회사와 그 회사의 제품을 수출하는 자 가. 진이멍(Linyi Jinyimeng Biotechnology Co., Ltd.) 나. 진마유엔(Jiangsu Jinmaoyuan Biochemical Co., Ltd.) 7.02 3. 상하이 우징(Shanghai Wujing Chemical Co., Ltd.)과 그 회사의 제품을 수출하는 자 25.28 4. 골든 브리지(Jiangyin Golden Bridge Chemical Co., Ltd.)와 그 회사의 제품을 수출하는 자 25.28 5. 그 밖의 공급자 9.48 일본 6. 쇼와 덴코(Showa Denko K.K.)와 그 회사의 제품을 수출하는 자 30.18 7. 그 밖의 공급자 30.18 싱가포르 8. 셀라니즈(Celanese Pte. Ltd.)와 그 회사의 제품을 수 출하는 자 17.84 9. 그 밖의 공급자 17.84 주) ""그 밖의 공급자""와 명시된 공급자 사이에 「관세법 시행령」 제23조제1 항에 따른 특수관계가 있는 경우 ""그 밖의 공급자""의 덤핑방지관세율은 그와 특수관계가 있는 명시된 공급자의 덤핑방지관세율을 적용한다."
210389,20190823,중국ㆍ인도네시아 및 태국산 폴리프로필렌 연신필름에 대한 덤핑방지관세 부과에 관한 규칙,중국·인도네시아및태국산폴리프로필렌연신필름,기획재정부령,제747호,2019-08-23,2019-08-23,제정,4,"제2조(부과대상 물품) 덤핑방지관세가 부과되는 물품은 중국ㆍ인도네시아 및 태국산 폴리프로필렌 연신필름(「관세법 시행령」 제98조제1항에 따른 관세ㆍ통계통합품목분류표 번호 제3920.20.0000호 또는 제3921.90.2000호에 해당하는 것을 말한다) 중 두께가 10마이크로미터(㎛) 이상인 것으로 한다. 다만, 별표 1에 규정된 물품은 부과대상에서 제외한다.","다만, 별표 1에 규정된 물품은 부과대상에서 제외한다.",3920.20.0000;3921.90.2000,제3조(부과대상 공급자) 덤핑방지관세가 부과되는 공급자는 제2조에 따른 부과대상 물품의 공급자로 한다.,5,,,"<기획재정부령 제747호, 2019. 8. 23.> 제1조(시행일) 이 규칙은 공포한 날부터 시행한다. 제2조(유효기간) 이 규칙은 공포한 날부터 5년간 효력을 가진다. 제3조(재심사기간 중 덤핑방지조치가 적용된 물품의 적용례) 이 규칙은 2018년 12월 20일 이후 수입신고된 물품부터 적용한다.",[별표 1] 덤핑방지관세 부과대상에서 제외되는 물품(제2조 단서 관련) | [별표 2] 덤핑방지관세율(제4조 관련),Y,"■ 중국·인도네시아 및 태국산 폴리프로필렌 연신필름에 대한 덤핑방지관세 부과에 관한 규칙 [별표 1] 덤핑방지관세 부과대상에서 제외되는 물품(제2조 단서 관련) 해외 공급자 모델명 두께(㎛) 인도폴리 (PT Indopoly Swakarsa Industry Tbk.) DHR 18 SHO 23, 25 SHR 18, 20, 25 SHRV 25 DHSH 18 아르가 (PT Argha Karya Prima Industry Tbk.) PSP 20 PXAS 23 PXA 20, 23, 33 트리아스 (PT Trias Sentosa Tbk.) HSS 18, 19.5 THSS 18 THSSO 18 THSWO 18 HSB 17.6",,"■ 중국·인도네시아 및 태국산 폴리프로필렌 연신필름에 대한 덤핑방지관세 부과에 관한 규칙 [별표2] 덤핑방지관세율(제4조 관련) 공급국 공급자 덤핑방지 관세율(%) 중국 1. 다음 각 목의 회사 및 그 회사의 제품을 수출하는 자 가. 슈캉(Jiangsu Shukang Packing Material Co., Ltd.) 나. 헝창(Jiangsu Hengchuang Packing Material Co., Ltd.) 다. 상량테크(Jiangsu Shuangliang Technology Co., Ltd.) 라. 상량그룹(Jiangsu Shuangliang Group Co., Ltd.) 마. 상량브랜치(Jiangsu Shuangliang Group Co., Ltd. Sales Branch) 바. 상량테크열전기(Jiangsu Shuangliang Technology Co., Ltd. Heat & Electricity Branch) 3.05 2. 다음 각 목의 회사 및 그 회사의 제품을 수출하는 자 가. 데크로패키지(Guangdong Decro Package Films Co., Ltd.) 나. 데크로필름(Guangdong Decro Film New Materials Co., Ltd.) 다. 데크로홍콩[Decro New Material (H.K.) Co., Ltd.] 라. 데크로창성(Foshan Decro Changsheng Package Films Co., Ltd.) 마. 데크로동성(Dongguan Decro Dongsheng FilmNew Materials Co., Ltd.) 바. 데크로이운(Guangdong Shunde Decro Yiyun Technology Ltd. Liability Company) 2.15 3. 궈펑(Anhui Guofeng Plastic Industry Co., Ltd.) 및 그 회사의 제품을 수출하는 자 5.30 4. 종산(Zhongshan New Asia Adhesive Products Co., Ltd.) 및 그 회사의 제품을 수출하는 자 25.04 5. 다음 각 목의 회사 및 그 회사의 제품을 수출하는 자 가. 킨리드(Zhejiang Kinlead Innovative Materials Co., Ltd.) 나. 킨윈(Kinwin Plastic Industrial Co., Ltd.) 다. 울트라패스트(Ultra Fast Development Limited) 25.04 6. 다음 각 목의 회사 및 그 회사의 제품을 수출하는 자 가. 수저우쿤린(Suzhou Kunlene Film Industries Co., Ltd.) 나. 운난쿤린(Yunnan Kunlene Film Industries Co., Ltd.) 25.04 7. 그 밖의 공급자 7.40 인도 네시아 1. 인도폴리(PT Indopoly Swakarsa Industry Tbk.) 및 그 회사의 제품을 수출하는 자 3.19 2. 아르가(PT Argha Karya Prima Industry Tbk.) 및 그 3.46 회사의 제품을 수출하는 자 3. 트리아스(PT Trias Sentosa Tbk.) 및 그 회사의 제품을 수출하 는 자 3.57 4. 롯데패키징(PT Lotte Packaging) 및 그 회사의 제품을 수출 하는 자 0.00 5. 그 밖의 공급자 5.98 태국 1. 타이필름(Thai Film Industries Public Co., Ltd.) 및 그 회사의 제품을 수출하는 자 10.55 2. 에이제이피(A.J. Plast Public Co., Ltd.) 및 그 회사의 제품을 수출하는 자 2.60 3. 그 밖의 공급자 10.55 주) ""그 밖의 공급자""와 명시된 공급자 사이에 「관세법 시행령」 제23조제1항에 따른 특수관계가 있는 경우 ""그 밖의 공급자""의 덤핑방지관세율은 그와 특수관계 가 있는 명시된 공급자의 덤핑방지관세율을 적용한다."
210493,20190911,중국 및 인도산 폴리에틸렌 테레프탈레이트(PET)필름에 대한 덤핑방지관세 부과에 관한 규칙,중국및인도산폴리에틸렌테레프탈레이트(PET)필름,기획재정부령,제750호,2019-09-11,2019-09-11,제정,4,"제2조(부과대상 물품) 덤핑방지관세가 부과되는 물품은 중국 및 인도산 폴리에틸렌 테레프탈레이트(Polyethylene terephthalate, PET) 필름(「관세법 시행령」 제98조제1항에 따른 관세ㆍ통계통합품목분류표 번호 제3920.62.0000호 또는 제3920.69.0000호에 해당하는 것을 말한다)으로 한다. 다만, 별표 1에 규정된 물품은 부과대상에서 제외한다.","다만, 별표 1에 규정된 물품은 부과대상에서 제외한다.",3920.62.0000;3920.69.0000,제3조(부과대상 공급자) 덤핑방지관세가 부과되는 공급자는 제2조에 따른 부과대상 물품의 공급자로 한다.,3,,,"<기획재정부령 제750호, 2019. 9. 11.> 제1조(시행일) 이 규칙은 공포한 날부터 시행한다. 제2조(유효기간) 이 규칙은 공포한 날부터 3년간 효력을 가진다. 제3조(재심사기간 중 덤핑방지조치가 적용된 물품의 적용례) 이 규칙은 2019년 1월 13일 이후 수입신고된 물품부터 적용한다.",[별표 1] 덤핑방지관세 부과대상에서 제외되는 물품(제2조 단서 관련) | [별표 2] 덤핑방지관세율(제4조 관련),Y,"■ 중국 및 인도산 폴리에틸렌 테레프탈레이트(PET)필름에 대한 덤핑방지관세 부과에 관한 규칙 [별표 1] 덤핑방지관세 부과대상에서 제외되는 물품(제2조 단서 관련) 1. 두께가 9마이크로미터(㎛) 미만으로서 증착되지 않은 폴리에틸렌 테레프탈레이트 (Polyethylene terephthalate, PET) 필름 2. 비냉매용 모터 절연용(絶緣用)으로 사용되는 두께 125마이크로미터 이상인 흰색 의 폴리에틸렌 테레프탈레이트 필름으로서 다음 각 목의 요건을 모두 갖춘 것 가. 규격 미국 보험협회 안전시험소(Underwriters Laboratory Inc.)에서 지정한 시험방식 에 따라 측정한 전기적 및 기계적 내열성(Relative Thermal Index, RTI)이 각 각 섭씨 105도 이상이고 흐름도(Haze)가 70퍼센트 이상일 것 나. 모델명 Garfilm EM6(인도 Garware Polyester Limited 제품), J-470(인도 Jindal Polyfilms Limited 제품) 3. 냉매용 모터 절연용으로 사용되는 두께 125마이크로미터 이상인 흰색의 폴리에틸 렌 테레프탈레이트 필름으로서 다음 각 목의 요건을 모두 갖춘 것 가. 규격 미국 보험협회 안전시험소에서 지정한 시험방식에 따라 측정한 전기적 및 기계 적 내열성이 각각 섭씨 140도, 125도 이상이고 소중합체(小重合體, Oligomer) 추출비율이 0.65퍼센트 이하이며 흐림도가 75퍼센트 이상일 것 나. 모델명 Garfilm EM6-L.O.(인도 Garware Polyester Limited 제품) 4. 홀로그램 폴리에틸렌 테레프탈레이트 필름 5. 안료를 다른 원재료에 배합하여 생산한 유채색(有彩色)의 폴리에틸렌 테레프탈레 이트 필름으로서 두께 300마이크로미터 이상인 것",,"■ 중국 및 인도산 폴리에틸렌 테레프탈레이트(PET)필름에 대한 덤핑방지관세 부과에 관한 규칙 [별표 2] 덤핑방지관세율(제4조 관련) 공급국 공급자 덤핑방지 관세율 (%) 중국 푸웨이(Fuwei Films Shandong Co., Ltd.)와 그 회사의 제 품을 수출하는 자 36.98 천진완화(Tianjin Wanhua Co., Ltd.)와 그 회사의 제품을 수출하는 자 13.51 산토우(Shantou Soe First Polyester Films Co., Ltd.)와 그 회사의 제품을 수출하는 자 36.98 이화 도레이(Yihua Toray Polyester Film Co., Ltd.)와 그 회사의 제품을 수출하는 자 36.98 장수 중다(Jiangsu Zhongda New Materials International Co., Ltd.)와 그 회사의 제품을 수출하는 자 36.98 저장우밍(Zhejiang Wuming Trading Co., Ltd.)과 그 회사 의 제품을 수출하는 자 36.98 티에스에프(TSF Co., Ltd.)와 그 회사의 제품을 수출하는 자 36.98 상하이(Shanghai Hanghai Hansen Global Supply Co., Ltd.)와 그 회사의 제품을 수출하는 자 36.98 그 밖의 공급자 23.61 인도 가웨어(Garware Polyester Limited)와 그 회사의 제품을 수 출하는 자 34.90 진달(Jindal Poly Films Limited)과 그 회사의 제품을 수출 하는 자 34.90 그 밖의 공급자 34.90 주) “그 밖의 공급자”와 명시된 공급자 사이에 「관세법 시행령」 제23조제1항 에 따른 특수관계가 있는 경우 “그 밖의 공급자”의 덤핑방지관세율은 그와 특 수관계가 있는 명시된 공급자의 덤핑방지관세율을 적용한다."
211765,20191125,중국산 에이치(H) 형강에 대한 덤핑방지관세의 부과에 관한 규칙,중국산에이치(H)형강,기획재정부령,제755호,2019-11-25,2019-11-25,일부개정,4,"제2조(부과대상 물품) 덤핑방지관세가 부과되는 물품은 중국산 에이치(H) 형강[「관세법 시행령」 제98조에 따른 관세ㆍ통계통합품목분류표 번호 제7216.33.3000호, 제7216.33.4000호, 제7216.33.5000호, 제7228.70.1010호, 제7228.70.1090호에 해당하는 것을 말한다] 중 다음 각 호의 요건을 모두 갖춘 것으로 한다. 1. 상하 및 좌우 대칭 형태일 것 2. 「산업표준화법」 제12조에 따른 한국산업표준에 따라 측정한 높이가 80밀리미터 이상일 것",,7216.33.3000;7216.33.4000;7216.33.5000;7228.70.1010;7228.70.1090,"제3조(부과대상 공급자) ① 덤핑방지관세가 부과되는 공급자는 제2조에 따른 부과대상 물품의 공급자로 한다. ② 제1항에도 불구하고 기획재정부장관이 「관세법」 제54조제1항에 따른 가격수정에 관한 약속을 수락한 별표 1 각 호의 공급자는 부과대상 공급자에서 제외한다. 다만, 해당 가격수정에 관한 약속을 이행하지 아니하는 경우에는 덤핑방지관세를 부과한다. <개정 2017. 1. 2.>",5,,,"<기획재정부령 제495호, 2015. 7. 30.> 제1조(시행일) 이 규칙은 공포한 날부터 시행한다. 제2조(유효기간) 이 규칙은 공포한 날부터 5년간 효력을 가진다. 제3조(일반적 적용례) 이 규칙은 이 규칙 시행 이후 수입신고하는 물품부터 적용한다. <기획재정부령 제587호, 2017. 1. 2.> 제1조(시행일) 이 규칙은 공포한 날부터 시행한다. 제2조(부과대상 공급자에서 제외되는 공급자에 대한 적용례) 별표 1 제5호의 개정규정은 이 규칙 시행 이후 수입신고를 하는 경우부터 적용한다. <기획재정부령 제631호, 2017. 7. 19.> 제1조(시행일) 이 규칙은 공포한 날부터 시행한다. 제2조(부과대상 공급자에서 제외되는 공급자에 대한 적용례) 별표 1 제6호의 개정규정은 이 규칙 시행 이후 수입신고를 하는 경우부터 적용한다. <기획재정부령 제696호, 2018. 11. 21.> 제1조(시행일) 이 규칙은 공포한 날부터 시행한다. 제2조(부과대상 공급자에서 제외되는 공급자에 대한 적용례) 별표 1 제6호의 개정규정은 이 규칙 시행 이후 수입신고를 하는 경우부터 적용한다. <기획재정부령 제755호, 2019. 11. 25.> 제1조(시행일) 이 규칙은 공포한 날부터 시행한다. 제2조(부과대상 공급자에서 제외되는 공급자에 관한 적용례) 별표 1 제4호다목의 개정규정은 이 규칙 시행 이후 수입신고를 하는 경우부터 적용한다.",[별표 1] 부과대상 공급자에서 제외되는 공급자(제3조제2항 관련) | [별표 2] 덤핑방지관세율(제4조 관련),Y,"■ 중국산 에이치(H) 형강에 대한 덤핑방지관세의 부과에 관한 규칙 [별표 1] <개정 2019. 11. 25.> 부과대상 공급자에서 제외되는 공급자(제3조제2항 관련) 공급자 1. 바오토우스틸(Inner Mongolia Baotou Steel Union Co., Ltd.)과 그 기업의 제품 을 수출하는 다음 각 목의 기업 가. Baotou Steel International Economic and Trading Co., Ltd. 나. Baogang Zhan Bo International Trade Limited 다. Baotou Steel(Hong Kong) Co., Ltd. 라. Baotou Steel(Singapore) Pte. Ltd. 2. 마안산스틸(Maanshan Iron & Steel Co., Ltd.)과 그 기업의 제품을 수출하는 Maanshan Iron & Steel(Hong Kong) Limited 3. 라이우스틸(Shandong Iron and Steel Company Ltd Laiwu Company)과 그 기 업의 제품을 수출하는 다음 각 목의 기업 가. Shandong Laiwu Steel International Corp. 나. Eldon Development Limited 다. Shandong Steel International Co., Ltd. 4. 르자오스틸(Rizhao Medium Section Mill Co., Ltd.)과 그 기업의 제품을 수출하 는 다음 각 목의 기업 가. Rizhao Steel Holding Group Co., Ltd. 나. Bright Ruby Resources Pte Limited 다. Baohua Steel International Pte. Limited 5. 안타이스틸(Shanxi Antai H-beam Co., Ltd.)과 그 기업의 제품을 수출하는 다 음 각 목의 기업 가. Jiexiu Yian Industry Co., Ltd. 나. Shanxi Antai International Trading Co., Ltd. 다. Everstate Trading(Hong Kong) Limited 6. 진시스틸(Hebei Jinxi Iron and Steel Group Co., Ltd. 및 Hebei Jinxi Section Steel Co., Ltd.)과 그 기업의 제품을 수출하는 다음 각 목의 기업 가. Jinxi International Trade Co., Ltd. 나. China Oriental Group Company Limited 다. China Oriental Singapore Pte. Ltd. 라. Tianjin Hainajin International Trade Co., Ltd. 마. Hebei Jinxi International Trade Co., Ltd. 7. 티엔싱스틸(Tangshan Fengrun Tianxing Iron And Steel Co., Ltd.)과 그 기업 의 제품을 수출하는 다음 각 목의 기업 가. Beijing Tianzhu Fortune International Trading Co., Ltd. 나. Tangshan Laiwei Trading Co., Ltd.",,"■ 중국산 에이치(H) 형강에 대한 덤핑방지관세의 부과에 관한 규칙 [별표 2] 덤핑방지관세율(제4조 관련) 공급자 덤핑방지 관세율(%) 1. 홍룬스틸(Tangshan Hongrun Steel Co., Ltd.)과 그 기업의 제품 을 수출하는 자 32.72 2. 그 밖의 공급자 28.23 주) ""그 밖의 공급자""와 제1호의 공급자 사이에 「관세법 시행령」 제23조제1 항에 따른 특수관계가 있는 경우에는 ""그 밖의 공급자""의 덤핑방지관세율은 그와 특수관계가 있는 제1호의 공급자의 덤핑방지관세율을 적용한다."
220087,20200714,일본산 스테인리스스틸 후판에 대한 덤핑방지관세 부과에 관한 규칙,일본산스테인리스스틸후판,기획재정부령,제801호,2020-07-14,2020-07-14,제정,4,"제2조(부과대상 물품) 덤핑방지관세가 부과되는 물품은 일본산 스테인리스스틸 후판(「관세법 시행령」 제98조제1항에 따른 관세ㆍ통계통합품목분류표 번호 제7219.21.1010호, 제7219.21.1090호, 제7219.21.9000호, 제7219.22.1010호, 제7219.22.1090호, 제7219.22.9000호에 해당하는 것을 말한다) 중 다음 각 호의 요건을 모두 갖춘 것으로 한다. 다만, 별표에 규정된 물품은 부과대상에서 제외한다. 1. 스테인리스강(탄소의 함유량이 전체 중량의 100분의 1.2 이하이고 크로뮴의 함유량이 전체 중량의 100분의 10.5 이상인 합금강을 말한다)일 것 2. 두께가 8밀리미터 이상 80밀리미터 이하이고 너비가 1천밀리미터 이상 3,270밀리미터 이하인 열간압연(熱間壓延) 강판일 것 3. 압연, 열처리, 냉각 및 후처리과정[교정, 절단, 산세(酸洗) 및 포장을 말한다]을 거친 완제품으로서 코일형태의 제품이 아닌 것","다만, 별표에 규정된 물품은 부과대상에서 제외한다. 1. 스테인리스강(탄소의 함유량이 전체 중량의 100분의 1.2 이하이고 크로뮴의 함유량이 전체 중량의 100분의 10.5 이상인 합금강을 말한다)일 것 2. 두께가 8밀리미터 이상 80밀리미터 이하이고 너비가 1천밀리미터 이상 3,270밀리미터 이하인 열간압연(熱間壓延) 강판일 것 3. 압연, 열처리, 냉각 및 후처리과정[교정, 절단, 산세(酸洗) 및 포장을 말한다]을 거친 완제품으로서 코일형태의 제품이 아닌 것",7219.21.1010;7219.21.1090;7219.21.9000;7219.22.1010;7219.22.1090;7219.22.9000,제3조(부과대상 공급자) 덤핑방지관세가 부과되는 공급자는 제2조에 따른 부과대상 물품의 공급자로 한다.,3,,,"<기획재정부령 제801호, 2020. 7. 14.> 제1조(시행일) 이 규칙은 공포한 날부터 시행한다. 제2조(유효기간) 이 규칙은 공포한 날부터 3년간 효력을 가진다. 제3조(재심사기간 중 덤핑방지조치가 적용된 물품의 적용례) 이 규칙은 2019년 12월 6일 이후 수입신고된 물품부터 적용한다.",[별표 ] 덤핑방지관세 부과대상에서 제외되는 물품(제2조 각 호 외의 부분 단서 관련),Y,"■ 일본산 스테인리스스틸 후판에 대한 덤핑방지관세 부과에 관한 규칙 [별표] 덤핑방지관세 부과대상에서 제외되는 물품(제2조 각 호 외의 부분 단서 관련) 1. Nippon Yakin Kogyo Co., Ltd.에서 공급하는 공급자 기호 NAS 800[이 규칙 시행일 현재의 일본공업규격(Japanese Industrial Standards, 이하 ""JIS""라 한다) 의 NCF 800에 해당한다] 강종(鋼種)인 것 2. JIS의 SUS 410 강종인 것 3. JIS의 SUS 329J4L(공급자 기호 NAS 64를 포함한다) 강종인 것 4. JIS의 SUS 836L 강종인 것 5. JIS의 SUS 329J1 강종인 것 6. 이 규칙 시행일 현재의 미국재료시험협회(American Society for Testing Materials, 이하 ""ASTM""이라 한다)의 410S 또는 JIS의 SUS 410S 강종인 것 7. ASTM의 S82122[NIPPON STEEL Stainless Steel Corporation(이하 ""NSSC"" 라 한다)의 고유강종 NSSC 2120을 포함한다] 강종인 것 8. ASTM의 N08904 강종인 것 9. ASTM의 S31254 강종인 것 10. ASTM의 S32760 강종인 것 11. ASTM의 S32750(공급자 기호 NAS 74N을 포함한다) 강종인 것 12. ASTM의 A240 410 강종인 것 13. ASTM의 N8367 강종인 것 14. ASTM의 N8926 강종인 것 15. ASTM의 S32101 강종인 것 16. 공급자 기호 NAS 800H(JIS의 NCF 800H에 해당한다) 강종인 것 17. 공급자 기호 NAS 255(JIS의 SUS 890L에 해당한다) 강종인 것 18. 공급자 기호 NAS 185N(JIS의 SUS 312L에 해당한다) 강종인 것 19. 공급자 기호 NAS 800T[이 규칙 시행일 현재의 미국통일규격부여시스템(Unified Numbering System, 이하 ""UNS No.""라 한다)의 N 08811에 해당한다] 강종인 것 20. 공급자 기호 NAS 254NM(UNS No. N 08367에 해당한다) 강종인 것 21. 공급자 기호 NAS 255NM(UNS No. N 08926에 해당한다) 강종인 것 22. 공급자 기호 NAS 75N(UNS No. S 32760에 해당한다) 강종인 것 23. NSSC의 고유 강종(NSSC 409L) 중 다음 각 목의 요건을 모두 갖춘 것 가. 탄소 함유량이 전체 중량의 0.03% 이하일 것 나. 규소 함유량이 전체 중량의 1.00% 이하일 것 다. 망간 함유량이 전체 중량의 1.00% 이하일 것 라. 인 함유량이 전체 중량의 0.04% 이하일 것 마. 황 함유량이 전체 중량의 0.03% 이하일 것 바. 크로뮴 함유량이 전체 중량의 10.50% 이상 11.45% 이하일 것 사. 티타늄 함유량이 전체 중량의 0.75% 이하(하한치는 탄소 함유량의 6배 이 상)일 것 24. NSSC의 고유 강종(NSSC DP-28W) 중 다음 각 목의 요건을 모두 갖춘 것 가. 탄소 함유량이 전체 중량의 0.03% 이하일 것 나. 규소 함유량이 전체 중량의 0.50% 이하일 것 다. 망간 함유량이 전체 중량의 1.10% 이하일 것 라. 인 함유량이 전체 중량의 0.03% 이하일 것 마. 황 함유량이 전체 중량의 0.01% 이하일 것 바. 니켈 함유량이 전체 중량의 7.00% 이상 8.20% 이하일 것 사. 크로뮴 함유량이 전체 중량의 27.00% 이상 27.90% 이하일 것 아. 몰리브덴 함유량이 전체 중량의 0.80% 이상 1.20% 이하일 것 자. 질소 함유량이 전체 중량의 0.30% 이상 0.40% 이하일 것 차. 텅스텐 함유량이 전체 중량의 2.10% 이상 2.50% 이하일 것 25. NSSC의 고유 강종(NSSC DP-3) 중 다음 각 목의 요건을 모두 갖춘 것 가. 탄소 함유량이 전체 중량의 0.03% 이하일 것 나. 규소 함유량이 전체 중량의 0.75% 이하일 것 다. 망간 함유량이 전체 중량의 1.10% 이하일 것 라. 인 함유량이 전체 중량의 0.03% 이하일 것 마. 황 함유량이 전체 중량의 0.03% 이하일 것 바. 니켈 함유량이 전체 중량의 5.50% 이상 7.50% 이하일 것 사. 크로뮴 함유량이 전체 중량의 24.00% 이상 26.00% 이하일 것 아. 몰리브덴 함유량이 전체 중량의 2.50% 이상 3.50% 이하일 것 자. 질소 함유량이 전체 중량의 0.10% 이상일 것 차. 구리 함유량이 전체 중량의 0.20% 이상 0.80% 이하일 것 카. 텅스텐 함유량이 전체 중량의 0.10% 이상 0.50% 이하일 것 26. NSSC의 고유 강종(NSSC AH-4) 중 다음 각 목의 요건을 모두 갖춘 것 가. 탄소 함유량이 전체 중량의 0.05% 이상 0.10% 이하일 것 나. 규소 함유량이 전체 중량의 1.00% 이하일 것 다. 망간 함유량이 전체 중량의 1.00% 이하일 것 라. 인 함유량이 전체 중량의 0.04% 이하일 것 마. 황 함유량이 전체 중량의 0.03% 이하일 것 바. 니켈 함유량이 전체 중량의 10.00% 이상 12.00% 이하일 것 사. 크로뮴 함유량이 전체 중량의 22.00% 이상 24.00% 이하일 것 아. 질소 함유량이 전체 중량의 0.18% 이상 0.25% 이하일 것 자. 란타넘, 세륨 함유량의 합이 전체 중량의 0.03% 이상 0.07% 이하일 것 27. NSSC의 고유 강종(NSSC 260) 중 다음 각 목의 요건을 모두 갖춘 것 가. 탄소 함유량이 전체 중량의 0.03% 이하일 것 나. 규소 함유량이 전체 중량의 1.50% 이하일 것 다. 망간 함유량이 전체 중량의 2.00% 이하일 것 라. 인 함유량이 전체 중량의 0.04% 이하일 것 마. 황 함유량이 전체 중량의 0.03% 이하일 것 바. 니켈 함유량이 전체 중량의 13.50% 이상 16.50% 이하일 것 사. 크로뮴 함유량이 전체 중량의 18.50% 이상 21.50% 이하일 것 아. 몰리브덴 함유량이 전체 중량의 2.50% 이상 3.50% 이하일 것 자. 질소 함유량이 전체 중량의 0.16% 이상 0.24% 이하일 것 차. 구리 함유량이 전체 중량의 1.00% 이상 2.00% 이하일 것 28. NSSC의 고유 강종(NSSC 270) 중 다음 각 목의 요건을 모두 갖춘 것 가. 탄소 함유량이 전체 중량의 0.02% 이하일 것 나. 규소 함유량이 전체 중량의 0.80% 이하일 것 다. 망간 함유량이 전체 중량의 1.00% 이하일 것 라. 인 함유량이 전체 중량의 0.03% 이하일 것 마. 황 함유량이 전체 중량의 0.015% 이하일 것 바. 니켈 함유량이 전체 중량의 17.50% 이상 19.50% 이하일 것 사. 크로뮴 함유량이 전체 중량의 19.00% 이상 21.00% 이하일 것 아. 몰리브덴 함유량이 전체 중량의 6.00% 이상 7.00% 이하일 것 자. 질소 함유량이 전체 중량의 0.16% 이상 0.25% 이하일 것 차. 구리 함유량이 전체 중량의 0.50% 이상 1.00% 이하일 것 29. NSSC의 고유강종(NSSC SN-1) 중 다음 각 목의 요건을 모두 갖춘 것 가. 탄소 함유량이 전체 중량의 0.02% 이하일 것 나. 규소 함유량이 전체 중량의 3.90% 이상 4.70% 이하일 것 다. 망간 함유량이 전체 중량의 1.50% 이하일 것 라. 인 함유량이 전체 중량의 0.03% 이하일 것 마. 황 함유량이 전체 중량의 0.03% 이하일 것 바. 몰리브덴 함유량이 전체 중량의 0.50% 이하일 것 사. 구리 함유량이 전체 중량의 0.50% 이하일 것 아. 니켈 함유량이 전체 중량의 13.00% 이상 15.50% 이하일 것 자. 크로뮴 함유량이 전체 중량의 16.50% 이상 18.50% 이하일 것 30. 이 규칙 시행일 현재의 미국기계학회(American Society of Mechanical Engineers, 이하 ""ASME""라 한다)의 S31254 강종인 것 31. ASME의 N08904 강종인 것 32. ASME의 S32760 강종인 것 33. ASME의 SA240 410 강종인 것 34. ASME의 SA240 410S 강종인 것 35. ASME의 N8367 강종인 것 36. ASME의 N8926 강종인 것 37. ASME의 S32750 강종인 것 38. ASME의 S32101 강종인 것 39. 이 규칙 시행일 현재의 노르웨이해양산업규격(Norsk Sokkels Konkuranseposisjon, 이하 ""NORSOK""라 한다)의 S31254 강종인 것 40. NORSOK의 S32750 강종인 것",,
222783,20201106,말레이시아산 합판에 대한 덤핑방지관세 부과에 관한 규칙,말레이시아산합판,기획재정부령,제812호,2020-11-06,2020-11-06,제정,4,"제2조(부과대상 물품) 덤핑방지관세가 부과되는 물품은 말레이시아산 합판(「관세법 시행령」 제98조제1항에 따른 관세ㆍ통계통합품목분류표 번호 제4412.31호, 제4412.33호 또는 제4412.34호에 해당하는 것을 말한다) 중 두께가 6밀리미터(㎜) 이상인 것으로 한다.",,4412.31;4412.33;4412.34,제3조(부과대상 공급자) 덤핑방지관세가 부과되는 공급자는 제2조에 따른 부과대상 물품의 공급자로 한다.,3,,,"<기획재정부령 제812호, 2020. 11. 6.> 제1조(시행일) 이 규칙은 공포한 날부터 시행한다. 제2조(유효기간) 이 규칙은 공포한 날부터 3년간 효력을 가진다. 제3조(재심사기간 중 덤핑방지조치가 적용된 물품의 적용례) 이 규칙은 2020년 5월 8일 이후 수입신고된 물품부터 적용한다.",[별표 ] 덤핑방지관세율(제4조 관련),,,,"■ 말레이시아산 합판에 대한 덤핑방지관세 부과에 관한 규칙 [별표] 덤핑방지관세율(제4조 관련) 공급국 공급자 덤핑방지 관세율(%) 말레 이시아 1. 다음 각 목의 회사 및 그 회사의 제품을 수출하는 자 가. 신양(Shin Yang Plywood SDN BHD) 나. 포레스컴(Forescom Plywood SDN BHD) 다. 신양 빈툴루(Shin Yang Plywood Bintulu SDN BHD) 라. 제드티(Zedtee Plywood SDN BHD) 4.80 2. 수부르 티아사(Subur Tiasa Plywood SDN BHD) 및 그 회사의 제품을 수출하는 자 38.10 3. 자야 티아사(Jaya Tiasa Timber Products SDN BHD) 및 그 회사의 제품을 수출하는 자 38.10 4. 화센(Hwa Sen Veneer and Plywood Industries SDN BHD) 및 그 회사의 제품을 수출하는 자 4.73 5. 시노라(Sinora SDN BHD) 및 그 회사의 제품을 수출 하는 자 38.10 6. 그 밖의 공급자 8.76 ※ 비고: 제6호에 따른 ""그 밖의 공급자""와 명시된 공급자 사이에 「관세법 시행 령」 제23조제1항에 따른 특수관계가 있는 경우 ""그 밖의 공급자""의 덤핑방 지관세율은 그와 특수관계가 있는 명시된 공급자의 덤핑방지관세율을 적용 한다."
222785,20201106,중국산 합판에 대한 덤핑방지관세 부과에 관한 규칙,중국산합판,기획재정부령,제813호,2020-11-06,2020-11-06,제정,4,"제2조(부과대상 물품) 덤핑방지관세가 부과되는 물품은 중국산 합판(「관세법 시행령」 제98조제1항에 따른 관세ㆍ통계통합품목분류표 번호 제4412.31호, 제4412.33호 또는 제4412.34호에 해당하는 것을 말한다) 중 두께가 6밀리미터(㎜) 이상인 것으로 한다.",,4412.31;4412.33;4412.34,제3조(부과대상 공급자) 덤핑방지관세가 부과되는 공급자는 제2조에 따른 부과대상 물품의 공급자로 한다.,3,,,"<기획재정부령 제813호, 2020. 11. 6.> 제1조(시행일) 이 규칙은 공포한 날부터 시행한다. 제2조(유효기간) 이 규칙은 공포한 날부터 3년간 효력을 가진다. 제3조(재심사기간 중 덤핑방지조치가 적용된 물품의 적용례) 이 규칙은 2020년 5월 8일 이후 수입신고된 물품부터 적용한다.",[별표 ] 덤핑방지관세율(제4조 관련),,,,"■ 중국산 합판에 대한 덤핑방지관세 부과에 관한 규칙 [별표] 덤핑방지관세율(제4조 관련) 공급국 공급자 덤핑방지 관세율(%) 중국 1. 꿰이강 동하이(Guigang Donghai Wood Co., Ltd.) 및 그 회사의 제품을 수출하는 자 5.12 2. 다음 각 목의 회사 및 그 회사의 제품을 수출하는 자 가. 난닝 진룬(Nanning Jinlun Woods Co., Ltd.) 나. 광시 푸수이 진룬(Guangxi Fushui Jinlun Wood Co., Ltd.) 3.98 3. 다음 각 목의 회사 및 그 회사의 제품을 수출하는 자 가. 꿰이강 웨이추앙(Guigang Weichuang Wood Co., Ltd.) 나. 꿰이강 지에셍(Guigang Jiesheng Wood Co., Ltd.) 다. 광시 링샨 웨이추앙(Guangxi Lingshan Weichuang Wood Co., Ltd.) 27.21 4. 뤼천(Nanning Hengxian Lvchen Wood Products Co., Ltd.) 및 그 회사의 제품을 수출하는 자 27.21 5. 산동신강(ShanDong Xingang Group Co., Ltd.) 및 그 회사의 제품을 수출하는 자 27.21 6. 다음 각 목의 회사 및 그 회사의 제품을 수출하는 자 가. 창해(Guangxi Guigang City Changhai Limber Co., Ltd.) 나. 성저(Guangxi Guigang City Shengzhe Lumber Co., Ltd.) 27.21 7. 그 밖의 공급자 17.48 ※ 비고: 제7호에 따른 ""그 밖의 공급자""와 명시된 공급자 사이에 「관세법 시행 령」 제23조제1항에 따른 특수관계가 있는 경우 ""그 밖의 공급자""의 덤핑방지 관세율은 그와 특수관계가 있는 명시된 공급자의 덤핑방지관세율을 적용한 다."
222787,20201106,중국산 침엽수 합판에 대한 덤핑방지관세 부과에 관한 규칙,중국산침엽수합판,기획재정부령,제814호,2020-11-06,2020-11-06,제정,4,"제2조(부과대상 물품) 덤핑방지관세가 부과되는 물품은 중국산 합판[세 개 이상의 단판(單板)을 층층이 쌓아 접착한 것으로서 「관세법 시행령」 제98조제1항에 따른 관세ㆍ통계통합품목분류표 번호 제4412.39.9000호, 제4412.99.6100호 또는 제4412.99.9100호에 해당하는 것을 말한다]으로서 다음 각 호의 요건을 모두 갖춘 것으로 한다. 1. 전체 두께가 6밀리미터(㎜) 이상일 것 2. 양쪽 겉면의 단판이 침엽수 목재일 것 3. 단판의 섬유 방향이 다른 단판의 섬유 방향과 교차할 것",,4412.39.9000;4412.99.6100;4412.99.9100,제3조(부과대상 공급자) 덤핑방지관세가 부과되는 공급자는 제2조에 따른 부과대상 물품의 공급자로 한다.,3,,,"<기획재정부령 제814호, 2020. 11. 6.> 제1조(시행일) 이 규칙은 공포한 날부터 시행한다. 제2조(유효기간) 이 규칙은 공포한 날부터 3년간 효력을 가진다. 제3조(재심사기간 중 덤핑방지조치가 적용된 물품의 적용례) 이 규칙은 2020년 3월 11일 이후 수입신고된 물품부터 적용한다.",[별표 ] 덤핑방지관세율(제4조 관련),,,,"■ 중국산 침엽수 합판에 대한 덤핑방지관세 부과에 관한 규칙 [별표] 덤핑방지관세율(제4조 관련) 공급국 공급자 덤핑방지 관세율(%) 중국 1. 꿰이강 동하이(Guigang Donghai Wood Co., Ltd.)와 그 회사의 제품을 수출하는 자 5.73 2. 다음 각 목의 회사와 그 회사의 제품을 수출하는 자 가. 진허(Guigang Jinhe Wood Co., Ltd.) 나. 자허(Guigang Gangnan District Jiahe Lumber Co., Ltd.) 5.33 3. 바이파(Zhangzhou Baifar Wood Industrial Co., Ltd.)와 그 회사의 제품을 수출하는 자 7.15 4. 다음 각 목의 회사와 그 회사의 제품을 수출하는 자 가. 창해(Guangxi Guigang City Changhai Lumber Co., Ltd.) 나. 성저(Guangxi Guigang City Shengzhe Lumber Co., Ltd.) 7.15 5. 롱위(Qingdao Longyu Timber Co., Ltd.)와 그 회사 의 제품을 수출하는 자 7.15 6. 그 밖의 공급자 7.15 ※ 비고: 제6호에 따른 ""그 밖의 공급자""와 명시된 공급자 사이에 「관세법 시행 령」 제23조제1항에 따른 특수관계가 있는 경우 ""그 밖의 공급자""의 덤핑방지 관세율은 그와 특수관계가 있는 명시된 공급자의 덤핑방지관세율을 적용한 다."
222789,20201106,베트남산 합판에 대한 덤핑방지관세 부과에 관한 규칙,베트남산합판,기획재정부령,제815호,2020-11-06,2020-11-06,제정,4,"제2조(부과대상 물품) 덤핑방지관세가 부과되는 물품은 베트남산 합판(「관세법 시행령」 제98조제1항에 따른 관세ㆍ통계통합품목분류표 번호 제4412.31호, 제4412.33호, 제4412.34호, 제4412.39호 또는 제4412.99호에 해당하는 것을 말한다) 중 두께가 6밀리미터(㎜) 이상인 것으로 한다.",,4412.31;4412.33;4412.34;4412.39;4412.99,제3조(부과대상 공급자) 덤핑방지관세가 부과되는 공급자는 제2조에 따른 부과대상 물품의 공급자로 한다.,3,,,"<기획재정부령 제815호, 2020. 11. 6.> 제1조(시행일) 이 규칙은 공포한 날부터 시행한다. 제2조(유효기간) 이 규칙은 공포한 날부터 3년간 효력을 가진다. 제3조(잠정조치가 적용된 물품의 적용례) 이 규칙은 2020년 5월 29일 이후 수입신고된 물품부터 적용한다.",[별표 ] 덤핑방지관세율(제4조 관련),,,,"■ 베트남산 합판에 대한 덤핑방지관세 부과에 관한 규칙 [별표] 덤핑방지관세율(제4조 관련) 공급국 공급자 덤핑방지 관세율(%) 베트남 1. 사비(SAVI CO. LTD)와 그 회사의 제품을 수출하는 자 10.65 2. 탄 훙(Thanh Hung Import-Export Company Limited)과 그 회사의 제품을 수출하는 자 10.27 3. 다음 각 목의 회사와 그 회사의 제품을 수출하는 자 가. 준마 푸 토(Junma Phu Tho Company Limited) 나. 키우티 준마(Cong Ty Tnhh Mot Thanh Vien Kieu Thi Junma) 10.55 4. 옌 바이(Yen Bai Wood Industry Company Limited)와 그 회사의 제품을 수출하는 자 9.25 5. 롱쟈(Rongjia Woods Vietnam Company Limited)와 그 회사의 제품을 수출하는자 9.18 6. 그 밖의 공급자 10.54 ※ 비고: 제6호에 따른 ""그 밖의 공급자""와 명시된 공급자 사이에 「관세법 시행령」 제23조제1항에 따른 특수관계가 있는 경우 ""그 밖의 공급자""의 덤핑방지관세율은 그 와 특수관계가 있는 명시된 공급자의 덤핑방지관세율을 적용한다."
228809,20210122,일본ㆍ인도 및 스페인산 스테인리스 스틸바에 대한 덤핑방지관세 부과에 관한 규칙,일본·인도및스페인산스테인리스스틸바,기획재정부령,제826호,2021-01-22,2021-01-22,제정,4,"제2조(부과대상 물품) 덤핑방지관세가 부과되는 물품은 일본ㆍ인도 및 스페인산 스테인리스 스틸바(「관세법 시행령」 제98조제1항에 따른 관세ㆍ통계통합품목분류표 번호 제7222.11.0000호, 제7222.19.0000호, 제7222.20.0000호 또는 제7222.30.0000호에 해당하는 것을 말한다) 중 다음 각 호의 어느 하나에 해당하는 것으로 한다. 다만, 별표 1에 규정된 물품은 제외한다. 1. 가운데에 구멍이 없는 원형강(Round Bar): 지름이 600밀리미터(㎜) 이하인 것 2. 각강(Square Bar): 대변거리(마주보는 변 사이의 길이를 말한다. 이하 같다)가 4.5밀리미터 이상 40밀리미터 이하인 것 3. 육각강(Hexagonal Bar): 대변거리가 5밀리미터 이상 40밀리미터 이하인 것 4. 평강(Flat Bar): 두께가 25밀리미터 이상 150밀리미터 이하이고 너비가 150밀리미터 이상 600밀리미터 이하인 것. 다만, 두께가 100밀리미터 초과 150밀리미터 이하이고 너비가 150밀리미터 이상 210밀리미터 이하인 것은 제외한다.","다만, 별표 1에 규정된 물품은 제외한다. 1. 가운데에 구멍이 없는 원형강(Round Bar): 지름이 600밀리미터(㎜) 이하인 것 2. 각강(Square Bar): 대변거리(마주보는 변 사이의 길이를 말한다. 이하 같다)가 4.5밀리미터 이상 40밀리미터 이하인 것 3. 육각강(Hexagonal Bar): 대변거리가 5밀리미터 이상 40밀리미터 이하인 것 4. 평강(Flat Bar): 두께가 25밀리미터 이상 150밀리미터 이하이고 너비가 150밀리미터 이상 600밀리미터 이하인 것. 다만, 두께가 100밀리미터 초과 150밀리미터 이하이고 너비가 150밀리미터 이상 210밀리미터 이하인 것은 제외한다.",7222.11.0000;7222.19.0000;7222.20.0000;7222.30.0000,제3조(부과대상 공급자) 덤핑방지관세가 부과되는 공급자는 제2조에 따른 부과대상 물품의 공급자로 한다.,3,,,"<기획재정부령 제826호, 2021. 1. 22.> 제1조(시행일) 이 규칙은 공포한 날부터 시행한다. 제2조(유효기간) 이 규칙은 공포한 날부터 3년간 효력을 가진다. 제3조(재심사기간 중 덤핑방지조치가 적용된 물품의 적용례) 이 규칙은 2020년 6월 2일 이후 수입신고된 물품부터 적용한다.",[별표 1] 덤핑방지관세 부과대상에서 제외되는 물품(제2조 각 호 외의 부분 단서 관련) | [별표 2] 덤핑방지관세율(제4조 관련),Y,"■ 일본ㆍ인도 및 스페인산 스테인리스 스틸바에 대한 덤핑방지관세 부과에 관한 규칙 [별표 1] 덤핑방지관세 부과대상에서 제외되는 물품(제2조 각 호 외의 부분 단서 관련) 1. 내열강 JIS(Japanese industrial standard)의 SUH1/1HT, SUH3/3HT, SUH11 /11HT, SUH35, 21-2N, 21-12N(SUH37), 23-8N, 21-4NNbW 규격인 것 2. 니켈합금강 및 전자스테인리스강(Electromagnetic stainless steel) 3. 액화천연가스(LNG) 선박 건조용 스테인리스 스틸 평강(SUS304)으로서 규 격[두께(㎜)×너비(㎜)×길이(㎜)]이 12×55×6,000, 16×55×6,000인 것 4. 합성섬유방사 노즐용으로서 원형강(SUS-630KN) 중 그 경도(단단한 정도) 가 HRC(Hardness Rockwell C, 로크웰 경도 C) 34∼38이고 지름이 30㎜ 이상 600㎜ 이하인 것과 사각강(SUS-630KN) 중 그 경도가 HRC 35∼40인 것 5. 다음 각 목의 어느 하나에 해당하는 것 가. 관 이음쇠 및 유압용 육각강(SUS316) 중 그 경도가 HRC 21∼23이고, 허 용공차가 H11이며, 대변거리(단위: ㎜)가 7.9, 9.5, 11.1, 12.0, 12.7, 14.0, 14.2, 15.0, 15.8, 16.0, 17.0, 17.4, 18.0, 19.1, 20.6, 22.0, 22.2, 23.8, 24.0, 25.0, 25.4, 26.9, 28.5, 30.0, 31.7, 32.0, 33.3, 34.9, 36.0 또는 38.1인 것 나. 스테인리스 스틸 원형강(SUS316) 중 그 경도가 HRC 24∼28이고, 허용공 차가 H9이며, 지름(단위: ㎜)이 6.0, 10.0, 12.0, 13.0, 14.0, 16.0, 18.0, 20.0, 23.0, 26.0, 29.0, 30.0, 32.0, 35.0, 40.0, 42.0 또는 50.8인 것 6. 가솔린 자동차 연료펌프모터 샤프트(Shaft)용 원형강(SUS440C)으로서 지름 5.1㎜, 길이 2,000㎜, 직경공차 ±0.02㎜ 이내, 진직도(眞直度) ±0.018㎜ 이내, 진원도(眞圓度) 0.012㎜ 이내, 표면거칠기 3.2z 이내 및 표면경도 HRB(Hardn ess Rockwell B, 로크웰 경도 B) 96(Max)인 것 7. 자동차 연료조절기밸브용 원형강(SUS420F)으로서 규격[지름(㎜)×길이(㎜)]이 7.1(＋0.05/－0)×2,500(＋30/－0) 또는 11.5(＋0.05/－0)×2,500(＋30/－0)인 것 8. 자동차 및 유공압 솔레노이드밸브용 쾌삭스테인리스 스틸바 원형강(ASK3200) 으로서 지름이 8㎜ 이하인 것 9. 전자부품 가공용 쾌삭스테인리스 스틸바 원형강(ASK3000U)으로서 지름이 1㎜ 이상 4㎜ 이하인 것 10. SUS316L 계열의 원형강 중 고청정(高淸淨: 아주 맑고 깨끗함) 반도체 제조 설비에 사용되는 밸브 및 배관부품용으로 2회 이상의 용해 또는 정련 공정 을 거친 것으로서 다음 각 목의 요건을 모두 갖춘 것 가. 탄소 함유량이 전체 중량의 0.01% 이하일 것 나. 규소의 함유량이 전체 중량의 0.15% 이하일 것 다. 망간의 함유량이 전체 중량의 0.05% 이하일 것 라. 황의 함유량이 전체 중량의 0.002% 이하일 것 마. 질소의 함유량이 전체 중량의 0.015% 이하일 것 바. 산소의 함유량이 전체 중량의 0.0015% 이하일 것 사. 니켈의 함유량이 전체 중량의 14.5% 이상 15.0% 이하일 것 아. 크로뮴의 함유량이 전체 중량의 16.5% 이상 17.0% 이하일 것 자. 몰리브덴의 함유량이 전체 중량의 2.20% 이상 2.25% 이하일 것 11. SUS316L 계열의 원형강 중 고청정 반도체 제조설비에 사용되는 밸브 및 배관부품용으로 2회 이상의 용해 또는 정련 공정을 거친 것으로서 다음 각 목의 요건을 모두 갖춘 것 가. 탄소 함유량이 전체 중량의 0.01% 이하일 것 나. 규소의 함유량이 전체 중량의 0.30% 이하일 것 다. 망간의 함유량이 전체 중량의 0.40% 이하일 것 라. 황의 함유량이 전체 중량의 0.003% 이하일 것 마. 질소의 함유량이 전체 중량의 0.015% 이하일 것 바. 산소의 함유량이 전체 중량의 0.0015% 이하일 것 사. 니켈의 함유량이 전체 중량의 14.5% 이상 15.0% 이하일 것 아. 크로뮴의 함유량이 전체 중량의 16.5% 이상 17.0% 이하일 것 자. 몰리브덴의 함유량이 전체중량의 2.20% 이상 2.50% 이하일 것 12. 평강 중 다음 각 목의 어느 하나에 해당하는 것 가. 두께가 9㎜ 이상 13㎜ 이하이고 너비가 15㎜ 이상 100㎜ 이하인 것 나. 두께가 13㎜ 이상 20㎜ 이하이고 너비가 15㎜ 이상 150㎜ 이하인 것 13. 일본산 스테인리스 스틸바 중 문구류 제조용 원형강인 SF20T 및 SF20E 제 품으로서 지름이 2.5㎜ 이하이고 길이가 12㎜ 이하인 것 14. 관세ㆍ통계통합품목분류표번호제7222.11.0000호의일본산스테인리스스틸바중 금속섬유제조용 Fe-Cr-Al 내열합금원형강으로 다음각 목의 요건을 모두 갖춘 것 가. 알루미늄의 함유량이 전체 중량의 5% 이상일 것 나. 크로뮴의 함유량이 전체 중량의 23% 이상일 것 다. 지름이 10.0㎜ 이상일 것",,"■ 일본ㆍ인도 및 스페인산 스테인리스 스틸바에 대한 덤핑방지관세 부과에 관한 규칙 [별표 2] 덤핑방지관세율(제4조 관련) 공급국 공급자 덤핑방지 관세율(%) 일본 1. 모든 공급자 15.39 인도 2. 비라즈 프로파일즈 리미티드(Viraj Profiles Ltd.)와 그 기업의 제품을 수출하는 자 3.51 3. 그 밖의 공급자 15.39 스페인 4. 모든 공급자 15.39 주) ""그 밖의 공급자""와 명시된 공급자 사이에 「관세법 시행령」 제23조제1항에 따른 특수관계가 있는 경우 ""그 밖의 공급자""의 덤핑방지관세율은 그와 특수관 계가 있는 명시된 공급자의 덤핑방지관세율을 적용한다."
230761,20210330,중국산 에이치(H) 형강에 대한 덤핑방지관세의 부과에 관한 규칙,중국산에이치(H)형강,기획재정부령,제851호,2021-03-30,2021-03-30,제정,4,"제2조(부과대상 물품) 덤핑방지관세가 부과되는 물품은 중국산 에이치(H) 형강[「관세법 시행령」 제98조제1항에 따른 관세ㆍ통계통합품목분류표 번호 제7216.33.3000호, 제7216.33.4000호, 제7216.33.5000호, 제7228.70.1010호, 제7228.70.1090호에 해당하는 것을 말한다] 중 다음 각 호의 요건을 모두 갖춘 것으로 한다. 1. 상하 및 좌우 대칭 형태일 것 2. 「산업표준화법」 제12조에 따른 한국산업표준에 따라 측정한 높이가 80밀리미터 이상일 것",,7216.33.3000;7216.33.4000;7216.33.5000;7228.70.1010;7228.70.1090,"제3조(부과대상 공급자) ① 덤핑방지관세가 부과되는 공급자는 제2조에 따른 부과대상 물품의 공급자로 한다. ② 제1항에도 불구하고 기획재정부장관이 「관세법」 제54조제1항에 따른 가격수정에 관한 약속을 수락한 별표 1 각 호의 공급자는 부과대상 공급자에서 제외한다. 다만, 해당 가격수정에 관한 약속을 이행하지 않은 경우에는 덤핑방지관세를 부과한다.",5,,,"<기획재정부령 제851호, 2021. 3. 30.> 제1조(시행일) 이 규칙은 공포한 날부터 시행한다. 제2조(유효기간) 이 규칙은 공포한 날부터 5년간 효력을 가진다. 제3조(재심사기간 중 덤핑방지조치가 적용된 물품의 적용례) 이 규칙은 2020년 7월 30일 이후 수입신고된 물품부터 적용한다.",[별표 1] 부과대상 공급자에서 제외되는 공급자(제3조제2항 본문 관련) | [별표 2] 덤핑방지관세율(제4조 관련),Y,"■ 중국산 에이치(H) 형강에 대한 덤핑방지관세의 부과에 관한 규칙 [별표 1] 부과대상 공급자에서 제외되는 공급자(제3조제2항 본문 관련) 공급자 1. 라이우스틸(Shandong Iron and Steel Company Ltd. Laiwu Company)과 그 기 업의 제품을 수출하는 다음 각 목의 기업 가. Shandong Laiwu Steel International Corp. 나. Eldon Development Limited 다. Shandong Steel International Co., Ltd. 2. 르자오스틸(Rizhao Medium Section Mill Co., Ltd.)과 그 기업의 제품을 수출하 는 다음 각 목의 기업 가. Rizhao Steel Holding Group Co., Ltd. 나. Bright Ruby Resources Pte. Limited 다. Baohua Steel International Pte. Limited 3. 안타이스틸(Shanxi Antai H-beam Co., Ltd.)과 그 기업의 제품을 수출하는 다 음 각 목의 기업 가. Jiexiu Yian Industry Co., Ltd. 나. Shanxi Antai International Trading Co., Ltd. 다. Everstate Trading(Hong Kong) Limited",,"■ 중국산 에이치(H) 형강에 대한 덤핑방지관세의 부과에 관한 규칙 [별표 2] 덤핑방지관세율(제4조 관련) 공급자 덤핑방지 관세율(%) 1. 마안산스틸(Maanshan Iron & Steel Co., Ltd.)과 그 기업의 제품 을 수출하는 자 32.72 2. 진시스틸(Hebei Jinxi Iron and Steel Group Co., Ltd. 및 Hebei Jinxi Section Steel Co., Ltd.)과 그 기업의 제품을 수출하는 자 3. 바오토우스틸(Inner Mongolia Baotou Steel Union Co., Ltd.)과 그 기업의 제품을 수출하는 자 4. 티엔싱스틸(Tangshan Fengrun Tianxing Iron And Steel Co., Ltd.) 과 그 기업의 제품을 수출하는 자 5. 홍룬스틸(Tangshan Hongrun Steel Co., Ltd.)과 그 기업의 제품 을 수출하는 자 6. 그 밖의 공급자 28.23 비고: 제1호부터 제5호까지의 공급자와 제6호의 “그 밖의 공급자” 사이에 「관세 법 시행령」 제23조제1항에 따른 특수관계가 있는 경우에는 해당하는 “그 밖의 공급자” 에 대해 그와 특수관계가 있는 제1호부터제5호까지의 해당 공 급자에 대한 덤핑방지관세율을 적용한다."
232037,20210503,중국산 인쇄제판용 평면 모양 사진플레이트에 대한 덤핑방지관세 부과에 관한 규칙,중국산인쇄제판용평면모양사진플레이트,기획재정부령,제852호,2021-05-03,2021-05-03,제정,4,"제2조(부과대상 물품) 덤핑방지관세가 부과되는 물품은 중국산 인쇄제판용 평면 모양 사진플레이트(「관세법 시행령」 제98조제1항에 따른 관세ㆍ통계통합품목분류표 번호 제3701.30.9100호에 해당하는 것을 말한다) 중 다음 각 호의 요건을 모두 갖춘 것으로 한다. 다만, 포토폴리머 바이올렛판(Photopolymer Violet Plate), 재생판 및 더블레이어판(Double-layer Plate)은 부과대상 물품에서 제외한다. 1. 알루미늄판의 표면을 전기ㆍ화학적으로 연마하여 산화막을 형성한 후 표면에 감광재를 도포한 감광성 인쇄용 판일 것 2. 각 변의 길이가 255밀리미터(㎜)를 초과할 것","다만, 포토폴리머 바이올렛판(Photopolymer Violet Plate), 재생판 및 더블레이어판(Double-layer Plate)은 부과대상 물품에서 제외한다. 1. 알루미늄판의 표면을 전기ㆍ화학적으로 연마하여 산화막을 형성한 후 표면에 감광재를 도포한 감광성 인쇄용 판일 것 2. 각 변의 길이가 255밀리미터(㎜)를 초과할 것",3701.30.9100,제3조(부과대상 공급자) 덤핑방지관세가 부과되는 공급자는 제2조에 따른 부과대상 물품의 공급자로 한다.,5,,,"<기획재정부령 제852호, 2021. 5. 3.> 제1조(시행일) 이 규칙은 공포한 날부터 시행한다. 제2조(유효기간) 이 규칙은 공포한 날부터 5년간 효력을 가진다. 제3조(재심사기간 중 덤핑방지조치가 적용된 물품의 적용례) 이 규칙은 2020년 9월 7일 이후 수입신고된 물품부터 적용한다.",[별표 ] 덤핑방지관세율(제4조 관련),,,,"■ 중국산 인쇄제판용 평면 모양 사진플레이트에 대한 덤핑방지관세 부과에 관한 규칙 [별표] 덤핑방지관세율(제4조 관련) 공급국 공급자 덤핑방지 관세율(%) 중국 1. 코닥그래픽[Kodak (China) Graphic Communications Co., Ltd.]과 그 기업의 제품을 수출하는 자 10.32 2. 보시카(Shanghai Bocica Printing Equipment Co., Ltd.)와 그 기업의 제품을 수출하는 자 3. 화광그래픽(Lucky Huaguang Graphics Co., Ltd.)과 그 기 업의 제품을 수출하는 자 4. 화광바오리(Suzhou Huaguang Baoli Printing Plate Material Co., Ltd.)와 그 기업의 제품을 수출하는 자 5. 종인(Zhongyin Printing Equipment Co., Ltd.)과 그 기업의 제품을 수출하는 자 6. 그 밖의 공급자 8.78 비고: 제1호부터 제5호까지의 공급자와 제6호의 “그 밖의 공급자” 사이에 「관 세법 시행령」 제23조제1항에 따른 특수관계가 있는 경우에는 해당하는 “그 밖의 공급자” 에 대해 그와 특수관계가 있는 제1호부터 제5호까지의 해 당 공급자에 대한 덤핑방지관세율을 적용한다."
235485,20210915,중국ㆍ인도네시아 및 대만산 스테인리스강 평판압연에 대한 덤핑방지관세 부과에 관한 규칙,중국·인도네시아및대만산스테인리스강평판압연,기획재정부령,제865호,2021-09-15,2021-09-15,제정,4,"제2조(부과대상 물품) 덤핑방지관세가 부과되는 물품은 중국ㆍ인도네시아 및 대만산 스테인리스강 평판압연(「관세법 시행령」 제98조제1항에 따른 관세ㆍ통계통합품목분류표 번호 제7219.12.1010호, 제7219.12.1090호, 제7219.12.9000호, 제7219.13.1010호, 제7219.13.1090호, 제7219.13.9000호, 제7219.14.1010호, 제7219.14.1090호, 제7219.14.9000호, 제7219.22.1010호, 제7219.22.1090호, 제7219.22.9000호, 제7219.23.1010호, 제7219.23.1090호, 제7219.23.9000호, 제7219.24.1010호, 제7219.24.1090호, 제7219.24.9000호, 제7219.31.1010호, 제7219.31.1090호, 제7219.31.9000호, 제7219.32.1010호, 제7219.32.1090호, 제7219.32.9000호, 제7219.33.1010호, 제7219.33.1090호, 제7219.33.9000호, 제7219.34.1010호, 제7219.34.1090호, 제7219.34.9000호, 제7219.35.1010호, 제7219.35.1090호, 제7219.35.9000호, 제7219.90.1010호, 제7219.90.1090호, 제7219.90.9000호, 제7220.11.1010호, 제7220.11.1090호, 제7220.11.9000호, 제7220.12.1010호, 제7220.12.1090호, 제7220.12.9000호, 제7220.20.1010호, 제7220.20.1090호, 제7220.20.9000호, 제7220.90.1010호, 제7220.90.1090호 또는 제7220.90.9000호에 해당하는 것을 말한다) 중 두께가 8밀리미터(mm) 이하인 것으로 한다. 다만, 별표 1 각 호에 해당하는 물품은 제외한다.","다만, 별표 1 각 호에 해당하는 물품은 제외한다.",7219.12.1010;7219.12.1090;7219.12.9000;7219.13.1010;7219.13.1090;7219.13.9000;7219.14.1010;7219.14.1090;7219.14.9000;7219.22.1010;7219.22.1090;7219.22.9000;7219.23.1010;7219.23.1090;7219.23.9000;7219.24.1010;7219.24.1090;7219.24.9000;7219.31.1010;7219.31.1090;7219.31.9000;7219.32.1010;7219.32.1090;7219.32.9000;7219.33.1010;7219.33.1090;7219.33.9000;7219.34.1010;7219.34.1090;7219.34.9000;7219.35.1010;7219.35.1090;7219.35.9000;7219.90.1010;7219.90.1090;7219.90.9000;7220.11.1010;7220.11.1090;7220.11.9000;7220.12.1010;7220.12.1090;7220.12.9000;7220.20.1010;7220.20.1090;7220.20.9000;7220.90.1010;7220.90.1090;7220.90.9000,"제3조(부과대상 공급자) ① 덤핑방지관세가 부과되는 공급자는 제2조에 따른 부과대상 물품의 공급자로 한다. ② 제1항에도 불구하고 기획재정부장관이 「관세법」 제54조제1항에 따른 가격수정에 관한 약속을 수락한 별표 2 각 호의 공급자는 부과대상 공급자에서 제외한다. 다만, 해당 가격수정에 관한 약속을 이행하지 않은 경우에는 덤핑방지관세를 부과한다.",3,,,"<기획재정부령 제865호, 2021. 9. 15.> 제1조(시행일) 이 규칙은 공포한 날부터 시행한다. 제2조(유효기간) 이 규칙은 공포한 날부터 3년간 효력을 가진다. 제3조(덤핑방지관세 부과에 관한 적용례) 이 규칙은 이 규칙 시행 이후 수입신고된 물품부터 적용한다.",[별표 1] 덤핑방지관세 부과대상에서 제외되는 물품(제2조 단서 관련) | [별표 2] 부과대상 공급자에서 제외되는 공급자(제3조제2항 본문 관련) | [별표 3] 덤핑방지관세율(제4조 관련),Y,"■ 중국ㆍ 인도네시아 및 대만산 스테인리스강 평판압연에 대한 덤핑방지관세 부과 에 관한 규칙 [별표 1] 덤핑방지관세 부과대상에서 제외되는 물품(제2조 단서 관련) 1. 미국재료시험협회(American Society for Testing Materials) 규격 S31254 및 N 08367 강종의 제품 2. 니켈계(니켈을 함유하며, 다른 원소의 포함 여부는 상관없다)고 니켈 함유량이 6% 미만이며 망간 함유량이 3% 이상인 200계 제품(「관세법 시행령」제98조제 1항에 따른 관세ㆍ 통계통합품목분류표 번호 제7219.12.1010호, 제7219.13.1010호, 제7219.14.1010호, 제7219.22.1010호, 제7219.23.1010호, 제7219.24.1010호, 제7219.3 1.1010호, 제7219.32.1010호, 제7219.33.1010호, 제7219.34.1010호, 제7219.35.1010호, 제7219.90.1010호, 제7220.11.1010호, 제7220.12.1010호, 제7220.20.1010호 또는 제7 220.90.1010호에 해당하는 것을 말한다) 3. 폭이 2,000밀리미터(mm) 이상인 열간압연 제품 4. 316 또는 316L 강종으로 두께가 3.0밀리미터(mm) 이상 4.0밀리미터(mm) 이하 면서 폭 1,524밀리미터(mm) 이상인 열간압연 제품 5. 중국국가표준(GB) 2Cr13, 3Cr13, 4Cr13, 6Cr13 강종으로 두께 3밀리미터(mm) 이하면서 폭 400밀리미터(mm) 이하인 경도 HV 250 이상 350 이하의 제품 6. 다음 각 목의 요건을 모두 갖춘 제품 가. 탄소(C) 함유량이 전체 중량의 0.015% 이하일 것 나. 규소(Si) 함유량이 전체 중량의 0.3% 이상 0.6% 이하일 것 다. 망간(Mn) 함유량이 전체 중량의 0.9% 이상 1.3% 이하일 것 라. 인(P) 함유량이 전체 중량의 0.013% 이하일 것 마. 황(S) 함유량이 전체 중량의 0.005% 이하일 것 바. 니켈(Ni) 함유량이 전체 중량의 10.0% 이상 11.5% 이하일 것 사. 크로뮴(Cr) 함유량이 전체 중량의 18.0% 이상 19.5% 이하일 것 아. 몰리브덴(Mo) 함유량이 전체 중량의 0.3% 이하일 것 자. 구리(Cu) 함유량이 전체 중량의 0.01% 이하일 것 차. 질소(N) 함유량이 전체 중량의 0.025% 이하일 것 카. 두께가 0.34밀리미터(mm) 이상 0.36밀리미터(mm) 이하일 것 || ■ 중국ㆍ 인도네시아 및 대만산 스테인리스강 평판압연에 대한 덤핑방지관세 부과에 관한 규칙 [별표 2] 부과대상 공급자에서 제외되는 공급자(제3조제2항 본문 관련) 공급국 공급자 중국 1. 산시타이강(Shanxi Taigang Stainless Steel Co., Ltd.)과 다음 각 목의 관계사 가. 티스코홍콩[TISCO Stainless Steel (H.K.) Limited] 나. 티스코트레이딩[TISCO Trading (H.K.) LTD.] 다. 타이강보세(Shanxi Taigang Bonded & Comprehensive Service Co., LTD.) 2. 리스코(ANGANG LIANZHONG STAINLESS STEEL CORPORA TION) 인도네시아 3. 인니청산(PT. INDONESIA TSINGSHAN STAINLESS STEEL)과 다음 각 목의 관계사 가. 광칭(PT. INDONESIA GUANG CHING NICKEL AND STAIN LESS STEEL INDUSTRY) 나. 루이푸(PT. INDONESIA RUIPU NICKEL AND CHROME ALL OY) 다. 이터널청산(ETERNAL TSINGSHAN GROUP LIMITED) 라. 골든하버(GOLDEN HARBOUR INTERNATIONAL PTE. LTD.) 대만 4. 유스코(Yieh United Steel Corporation)와 다음 각 목의 관계사 가. 이예마우(Yieh Mau Corp.) 나. 탕엉(Tang Eng Iron Works Co., Ltd.) 다. 와이씨엘(Yieh Corporation Limited) 5. 왈신(Walsin Lihwa Corporation)",,"■ 중국ㆍ 인도네시아 및 대만산 스테인리스강 평판압연에 대한 덤핑방지관세 부과에 관한 규칙 [별표 3] 덤핑방지관세율(제4조 관련) 공급국 공급자 덤핑방지관세율 중국 1. 산시타이강(Shanxi Taigang Stainless Steel Co., Ltd.)과 그 관계사인 다음 각 목의 기업의 제품을 수출하는 자 가. 톈진타이강(Tianjin Taigang & TPCO Stainless Steel Co., Ltd.) 나. 산시정밀(Shanxi Taigang Stainless Steel Preci sion Strip Co., Ltd.) 23.69% 2. 리스코(ANGANG LIANZHONG STAINLESS ST EEL CORPORATION)와 그 기업의 제품을 수출하 는 자 25.82% 3. 그 밖의 공급자 24.83% 인도네시아 4. 인니청산(PT. INDONESIA TSINGSHAN STAIN LESS STEEL)과 그 관계사인 다음 각 목의 기업의 제품을 수출하는 자 가. 광칭(PT. INDONESIA GUANG CHING NICKE L AND STAINLESS STEEL INDUSTRY) 나. 루이푸(PT. INDONESIA RUIPU NICKEL AND CHROME ALLOY) 25.82% 5. 그 밖의 공급자 25.82% 대만 6. 유스코(Yieh United Steel Corporation)와 그 관계 사인 다음 각 목의 기업의 제품을 수출하는 자 가. 이예마우(Yieh Mau Corp.) 나. 탕엉(Tang Eng Iron Works Co., Ltd.) 9.47% 7. 왈신(Walsin Lihwa Corporation)과 그 기업의 제 품을 수출하는 자 7.17% 8. 그 밖의 공급자 9.07% 비고: 위 표에도 불구하고 제1호․제2호․제4호․제6호 또는 제7호의 공급자와 「관세법 시행령」 제23조제1항에 따른 특수관계가 있는 제3호․제5호 또 는 제8호의 공급자에 대해서는 그와 특수관계가 있는 제1호․제2호․제4 호․제6호 또는 제7호의 공급자에 대한 덤핑방지관세율을 적용한다."
238463,20211224,대만ㆍ태국 및 아랍에미리트연합산 폴리에틸렌 테레프탈레이트(PET) 필름에 대한 덤핑방지관세 부과에 관한 규칙,대만·태국및아랍에미리트연합산폴리에틸렌테레프탈레이트(PET)필름,기획재정부령,제877호,2021-12-24,2021-12-24,제정,3,"제2조(부과대상 물품) 덤핑방지관세가 부과되는 물품은 대만ㆍ태국 및 아랍에미리트연합산 폴리에틸렌 테레프탈레이트(Polyethylene Terephthalate, PET) 필름( 「관세법 시행령」 제98조 제1항 에 따른 관세ㆍ통계통합품목분류표의 품목번호 제3920.62.0000호 및 제3920.69.0000호에 해당하는 것을 말한다) 중 다음 각 호의 어느 하나에 해당하는 것으로 한다. 다만, 금속이 증착(蒸着)된 물품 또는 유채색 물품은 제외한다. 1. 코팅되지 않은 물품 2. 코팅된 물품으로서 코팅 두께의 합이 0.25마이크로미터(㎛) 이하인 것 || 제3조(부과대상 물품의 공급자 및 덤핑방지관세율) 제2조 에 따른 부과대상 물품의 공급자와 그 공급자별 덤핑방지관세율은 별표 와 같다.","다만, 금속이 증착(蒸着)된 물품 또는 유채색 물품은 제외한다. 1. 코팅되지 않은 물품 2. 코팅된 물품으로서 코팅 두께의 합이 0.25마이크로미터(㎛) 이하인 것",3920.62.0000;3920.69.0000,,5,,,"<기획재정부령 제877호, 2021. 12. 24.> 제1조(시행일) 이 규칙은 공포한 날부터 시행한다. 제2조(유효기간) 이 규칙은 공포한 날부터 5년간 효력을 가진다. 제3조(덤핑방지관세의 부과에 관한 적용례) 이 규칙은 2021년 4월 30일 이후 수입신고된 물품부터 적용한다.",[별표 ] 부과대상 물품의 공급자별 덤핑방지관세율(제3조 관련),,,,"■ 대만ㆍ 태국 및 아랍에미리트연합산 폴리에틸렌 테레프탈레이트(PET) 필름에 대한 덤핑방지관세 부과에 관한 규칙 [별표] 부과대상 물품의 공급자별 덤핑방지관세율(제3조 관련) 공급국 공급자 덤핑방지 관세율(%) 대만 1. 신콩(Shinkong Materials Technology Co., Ltd.)과 그 기업의 제품을 수출하는 자 5.49 2. 그 밖의 공급자 5.49 태국 3. 에이제이피(A.J. Plast Public Company Limited)와 그 기업의 제품을 수출하는 자 3.71 4. 폴리플렉스[Polyplex(Thailand) Public Company Limited]와 그 기업의 제품을 수출하는 자 3.19 5. 그 밖의 공급자 3.68 아랍에미 리트연합 6. 플렉스(Flex Middle East FZE)와 그 기업의 제품을 수 출하는 자 7.98 7. 제이비에프(JBF RAK LCC)와 그 기업의 제품을 수출 하는 자 60.95 8. 그 밖의 공급자 51.48 비고: 위 표에도 불구하고 제1호ㆍ 제3호ㆍ 제4호ㆍ 제6호 또는 제7호의 공급자와 「관 세법 시행령」 제23조제1항에 따른 특수관계가 있는 제2호ㆍ 제5호 또는 제8호 의 공급자에 대해서는 그와 특수관계가 있는 제1호ㆍ 제3호ㆍ 제4호ㆍ 제6호 또는 제7호의 공급자에 대한 덤핑방지관세율을 적용한다."
239007,20220101,관세ㆍ통계통합품목분류표 개정에 따른 덤핑방지관세 부과대상 정비를 위한 4개 법령의 일부개정에 관한 기획재정부령,관세·통계통합품목분류표개정에따른덤핑방지관세부과대상정비를위한4개법령의일부개정에관한기획재정부령,기획재정부령,제882호,2021-12-31,2022-01-01,일괄개정,3,,,,,,,,"<기획재정부령 제882호, 2021. 12. 31.> 이 규칙은 2022년 1월 1일부터 시행한다.",,,,,
239009,20220101,중국산 침엽수 합판에 대한 덤핑방지관세 부과에 관한 규칙,중국산침엽수합판,기획재정부령,제882호,2021-12-31,2022-01-01,타법개정,4,제2조(부과대상 물품) 덤핑방지관세가 부과되는 물품은 중국산 합판[세 개 이상의 단판(單板)을 층층이 쌓아 접착한 것으로서 「관세법 시행령」 제98조제1항에 따른 관세ㆍ통계통합품목분류표 번호 제4412.39.9000호 또는 제4412.99.1000호에 해당하는 것을 말한다]으로서 다음 각 호의 요건을 모두 갖춘 것으로 한다. <개정 2021. 12. 31.> 1. 전체 두께가 6밀리미터(㎜) 이상일 것 2. 양쪽 겉면의 단판이 침엽수 목재일 것 3. 단판의 섬유 방향이 다른 단판의 섬유 방향과 교차할 것,,4412.39.9000;4412.99.1000;2021.12.31,제3조(부과대상 공급자) 덤핑방지관세가 부과되는 공급자는 제2조에 따른 부과대상 물품의 공급자로 한다.,3,,,"<기획재정부령 제814호, 2020. 11. 6.> 제1조(시행일) 이 규칙은 공포한 날부터 시행한다. 제2조(유효기간) 이 규칙은 공포한 날부터 3년간 효력을 가진다. 제3조(재심사기간 중 덤핑방지조치가 적용된 물품의 적용례) 이 규칙은 2020년 3월 11일 이후 수입신고된 물품부터 적용한다. <기획재정부령 제882호, 2021. 12. 31.> (관세ㆍ통계통합품목분류표 개정에 따른 덤핑방지관세 부과대상 정비를 위한 4개 법령의 일부개정에 관한 기획재정부령) 이 규칙은 2022년 1월 1일부터 시행한다.",[별표 ] 덤핑방지관세율(제4조 관련),,,,"■ 중국산 침엽수 합판에 대한 덤핑방지관세 부과에 관한 규칙 [별표] 덤핑방지관세율(제4조 관련) 공급국 공급자 덤핑방지 관세율(%) 중국 1. 꿰이강 동하이(Guigang Donghai Wood Co., Ltd.)와 그 회사의 제품을 수출하는 자 5.73 2. 다음 각 목의 회사와 그 회사의 제품을 수출하는 자 가. 진허(Guigang Jinhe Wood Co., Ltd.) 나. 자허(Guigang Gangnan District Jiahe Lumber Co., Ltd.) 5.33 3. 바이파(Zhangzhou Baifar Wood Industrial Co., Ltd.)와 그 회사의 제품을 수출하는 자 7.15 4. 다음 각 목의 회사와 그 회사의 제품을 수출하는 자 가. 창해(Guangxi Guigang City Changhai Lumber Co., Ltd.) 나. 성저(Guangxi Guigang City Shengzhe Lumber Co., Ltd.) 7.15 5. 롱위(Qingdao Longyu Timber Co., Ltd.)와 그 회사 의 제품을 수출하는 자 7.15 6. 그 밖의 공급자 7.15 ※ 비고: 제6호에 따른 ""그 밖의 공급자""와 명시된 공급자 사이에 「관세법 시행 령」 제23조제1항에 따른 특수관계가 있는 경우 ""그 밖의 공급자""의 덤핑방지 관세율은 그와 특수관계가 있는 명시된 공급자의 덤핑방지관세율을 적용한 다."
239011,20220101,베트남산 합판에 대한 덤핑방지관세 부과에 관한 규칙,베트남산합판,기획재정부령,제882호,2021-12-31,2022-01-01,타법개정,4,"제2조(부과대상 물품) 덤핑방지관세가 부과되는 물품은 베트남산 합판(「관세법 시행령」 제98조제1항에 따른 관세ㆍ통계통합품목분류표 번호 제4412.31호, 제4412.33호, 제4412.34호, 제4412.39호, 제4412.91호, 제4412.92호 또는 제4412.99호에 해당하는 것을 말한다) 중 두께가 6밀리미터(㎜) 이상인 것으로 한다. <개정 2021. 12. 31.>",,4412.31;4412.33;4412.34;4412.39;4412.91;4412.92;4412.99,제3조(부과대상 공급자) 덤핑방지관세가 부과되는 공급자는 제2조에 따른 부과대상 물품의 공급자로 한다.,3,,,"<기획재정부령 제815호, 2020. 11. 6.> 제1조(시행일) 이 규칙은 공포한 날부터 시행한다. 제2조(유효기간) 이 규칙은 공포한 날부터 3년간 효력을 가진다. 제3조(잠정조치가 적용된 물품의 적용례) 이 규칙은 2020년 5월 29일 이후 수입신고된 물품부터 적용한다. <기획재정부령 제882호, 2021. 12. 31.> (관세ㆍ통계통합품목분류표 개정에 따른 덤핑방지관세 부과대상 정비를 위한 4개 법령의 일부개정에 관한 기획재정부령) 이 규칙은 2022년 1월 1일부터 시행한다.",[별표 ] 덤핑방지관세율(제4조 관련),,,,"■ 베트남산 합판에 대한 덤핑방지관세 부과에 관한 규칙 [별표] 덤핑방지관세율(제4조 관련) 공급국 공급자 덤핑방지 관세율(%) 베트남 1. 사비(SAVI CO. LTD)와 그 회사의 제품을 수출하는 자 10.65 2. 탄 훙(Thanh Hung Import-Export Company Limited)과 그 회사의 제품을 수출하는 자 10.27 3. 다음 각 목의 회사와 그 회사의 제품을 수출하는 자 가. 준마 푸 토(Junma Phu Tho Company Limited) 나. 키우티 준마(Cong Ty Tnhh Mot Thanh Vien Kieu Thi Junma) 10.55 4. 옌 바이(Yen Bai Wood Industry Company Limited)와 그 회사의 제품을 수출하는 자 9.25 5. 롱쟈(Rongjia Woods Vietnam Company Limited)와 그 회사의 제품을 수출하는자 9.18 6. 그 밖의 공급자 10.54 ※ 비고: 제6호에 따른 ""그 밖의 공급자""와 명시된 공급자 사이에 「관세법 시행령」 제23조제1항에 따른 특수관계가 있는 경우 ""그 밖의 공급자""의 덤핑방지관세율은 그 와 특수관계가 있는 명시된 공급자의 덤핑방지관세율을 적용한다."
239013,20220101,중국산 인쇄제판용 평면 모양 사진플레이트에 대한 덤핑방지관세 부과에 관한 규칙,중국산인쇄제판용평면모양사진플레이트,기획재정부령,제882호,2021-12-31,2022-01-01,타법개정,4,"제2조(부과대상 물품) 덤핑방지관세가 부과되는 물품은 중국산 인쇄제판용 평면 모양 사진플레이트(「관세법 시행령」 제98조제1항에 따른 관세ㆍ통계통합품목분류표 번호 제3701.30.2000호에 해당하는 것을 말한다) 중 다음 각 호의 요건을 모두 갖춘 것으로 한다. 다만, 포토폴리머 바이올렛판(Photopolymer Violet Plate), 재생판 및 더블레이어판(Double-layer Plate)은 부과대상 물품에서 제외한다. <개정 2021. 12. 31.> 1. 알루미늄판의 표면을 전기ㆍ화학적으로 연마하여 산화막을 형성한 후 표면에 감광재를 도포한 감광성 인쇄용 판일 것 2. 각 변의 길이가 255밀리미터(㎜)를 초과할 것","다만, 포토폴리머 바이올렛판(Photopolymer Violet Plate), 재생판 및 더블레이어판(Double-layer Plate)은 부과대상 물품에서 제외한다. <개정 2021. 12. 31.> 1. 알루미늄판의 표면을 전기ㆍ화학적으로 연마하여 산화막을 형성한 후 표면에 감광재를 도포한 감광성 인쇄용 판일 것 2. 각 변의 길이가 255밀리미터(㎜)를 초과할 것",3701.30.2000,제3조(부과대상 공급자) 덤핑방지관세가 부과되는 공급자는 제2조에 따른 부과대상 물품의 공급자로 한다.,5,,,"<기획재정부령 제852호, 2021. 5. 3.> 제1조(시행일) 이 규칙은 공포한 날부터 시행한다. 제2조(유효기간) 이 규칙은 공포한 날부터 5년간 효력을 가진다. 제3조(재심사기간 중 덤핑방지조치가 적용된 물품의 적용례) 이 규칙은 2020년 9월 7일 이후 수입신고된 물품부터 적용한다. <기획재정부령 제882호, 2021. 12. 31.> (관세ㆍ통계통합품목분류표 개정에 따른 덤핑방지관세 부과대상 정비를 위한 4개 법령의 일부개정에 관한 기획재정부령) 이 규칙은 2022년 1월 1일부터 시행한다.",[별표 ] 덤핑방지관세율(제4조 관련),,,,"■ 중국산 인쇄제판용 평면 모양 사진플레이트에 대한 덤핑방지관세 부과에 관한 규칙 [별표] 덤핑방지관세율(제4조 관련) 공급국 공급자 덤핑방지 관세율(%) 중국 1. 코닥그래픽[Kodak (China) Graphic Communications Co., Ltd.]과 그 기업의 제품을 수출하는 자 10.32 2. 보시카(Shanghai Bocica Printing Equipment Co., Ltd.)와 그 기업의 제품을 수출하는 자 3. 화광그래픽(Lucky Huaguang Graphics Co., Ltd.)과 그 기 업의 제품을 수출하는 자 4. 화광바오리(Suzhou Huaguang Baoli Printing Plate Material Co., Ltd.)와 그 기업의 제품을 수출하는 자 5. 종인(Zhongyin Printing Equipment Co., Ltd.)과 그 기업의 제품을 수출하는 자 6. 그 밖의 공급자 8.78 비고: 제1호부터 제5호까지의 공급자와 제6호의 “그 밖의 공급자” 사이에 「관 세법 시행령」 제23조제1항에 따른 특수관계가 있는 경우에는 해당하는 “그 밖의 공급자” 에 대해 그와 특수관계가 있는 제1호부터 제5호까지의 해 당 공급자에 대한 덤핑방지관세율을 적용한다."
239055,20220101,일본ㆍ중국 및 핀란드산 도공(Coated) 인쇄용지에 대한 덤핑방지관세 부과에 관한 규칙,일본·중국및핀란드산도공(Coated)인쇄용지,기획재정부령,제882호,2021-12-31,2022-01-01,타법개정,4,"제2조(부과대상 물품) 덤핑방지관세가 부과되는 물품은 일본ㆍ중국 및 핀란드산 도공(Coated) 인쇄용지(「관세법 시행령」 제98조제1항에 따른 관세ㆍ통계통합품목분류표 번호 제4810.13.1000호, 제4810.14.0000호, 제4810.19.1000호, 제4810.19.9000호, 제4810.22.0000호, 제4810.29.0000호에 해당하는 것을 말한다) 중 1제곱미터당 중량이 55그램 초과 110그램 이하인 제품으로 한다. <개정 2021. 12. 31.>",,4810.13.1000;4810.14.0000;4810.19.1000;4810.19.9000;4810.22.0000;4810.29.0000,제3조(부과대상 공급자) 덤핑방지관세가 부과되는 공급자는 제2조에 따른 부과대상 물품의 공급자로 한다.,,2023-07-21,,"<기획재정부령 제684호, 2018. 7. 20.> 제1조(시행일) 이 규칙은 2018년 7월 22일부터 시행한다. 제2조(유효기간) 이 규칙은 2023년 7월 21일까지 효력을 가진다. 제3조(잠정조치가 적용된 물품에 대한 적용례) 이 규칙은 2018년 1월 22일 이후 수입신고된 물품부터 적용한다. <기획재정부령 제882호, 2021. 12. 31.> (관세ㆍ통계통합품목분류표 개정에 따른 덤핑방지관세 부과대상 정비를 위한 4개 법령의 일부개정에 관한 기획재정부령) 이 규칙은 2022년 1월 1일부터 시행한다.",[별표 ] 덤핑방지관세율(제4조 관련),,,,"■ 일본ᆞ중국 및 핀란드산 도공(Coated) 인쇄용지에 대한 덤핑방지관세 부과에 관한 규칙 [별표] 덤핑방지관세율(제4조 관련) 공급국 공급자 ( 수출자 , 생산자 ) 덤핑방지 관세율 (%) 일본 1. 미쓰비시 (Mitsubishi Paper Mills Ltd.) 와 그 기업의 제품을 수출하는 자 16.23 2. 니폰 (Nippon Paper Industries Co., Ltd.) 과 그 기업의 제품을 수출하는 자 16.23 3. 그 밖의 공급자 16.23 중국 1. 첸밍 (Shouguang Meilun Co., Ltd., Nanchang Chenming Paper Co., Ltd.) 과 그 기업의 제품을 수출하는 자 5.90 2. 유피엠 차이나 [UPM(China) Co., Ltd.] 와 그 기업의 제품을 수출하는 자 16.23 3. 골드이스트 [Gold East Paper(Jiangsu) Co., Ltd.] 와 그 기업의 제품을 수출하는 자 16.23 4. 그 밖의 공급자 12.23 핀란드 1. 유피엠 (UPM Paper ENA OY) 과 그 기업의 제품을 수출하는 자 12.94 2. 스토라엔소 (Stora Enso Publication Papers OY Ltd.) 와 그 기업의 제품을 수출하는 자 12.94 3. 그 밖의 공급자 12.94 주) ""그 밖의 공급자""와 명시된 공급자 사이에 「관세법 시행령」 제23조제1항에 따른 특수관계가 있는 경우 ""그 밖의 공급자""의 덤핑방지관세율은 그와 특수 관계가 있는 명시된 공급자의 덤핑방지관세율을 적용한다."
239451,20220106,중국산 폴리에스테르 장섬유 완전연신사(FDY)에 대한 덤핑방지관세 부과에 관한 규칙,중국산폴리에스테르장섬유완전연신사(FDY),기획재정부령,제888호,2022-01-06,2022-01-06,제정,3,"제2조(부과대상 물품) 덤핑방지관세가 부과되는 물품은 「관세법 시행령」 제98조 제1항 에 따른 관세ㆍ통계통합품목분류표의 품목번호 제5402.47.9000호에 해당하는 중국산 폴리에스테르 장섬유 완전연신사(Polyester Filament Fully Drawn Yarn, FDY)로 한다. || 제3조(부과대상 물품의 공급자 및 덤핑방지관세율) 제2조 에 따른 부과대상 물품의 공급자와 그 공급자별 덤핑방지관세율은 별표 와 같다.",,5402.47.9000,,5,,,"<기획재정부령 제888호, 2022. 1. 6.> 제1조(시행일) 이 규칙은 공포한 날부터 시행한다. 제2조(유효기간) 이 규칙은 공포한 날부터 5년간 효력을 가진다. 제3조(덤핑방지관세 부과에 관한 적용례) 이 규칙은 이 규칙 시행 이후 수입신고된 물품부터 적용한다.",[별표 ] 부과대상 물품의 공급자별 덤핑방지관세율(제3조 관련),,,,"■ 중국산 폴리에스테르 장섬유 완전연신사(FDY)에 대한 덤핑방지관세 부과에 관한 규칙 [별표] 부과대상 물품의 공급자별 덤핑방지관세율(제3조 관련) 공급국 공급자 덤핑방지 관세율(%) 중국 1. 저장헝이(Zhejiang Hengyi Petrochemicals Co., Ltd.)와 그 관계사인 다음 각 목의 기업 또는 해당 기업의 제품을 수출하는 자 가. 저장헝이폴리머(Zhejiang Hengyi Polymer Co., Ltd.) 나. 저장헝이하이테크(Zhejiang Hengyi High-tech Material Co., Ltd.) 다. 사오싱헝밍(Shaoxing Keqiao Hengming Chemical Fiber Co., Ltd.) 라. 지아싱이펑(Jiaxing Yipeng Chemical Fiber Co., Ltd.) 마. 항저우이징(Hangzhou Yijing Chemical Fiber Co., Ltd.) 바. 저장샹투(Zhejiang Shuangtu New Material Co., Ltd.) 사. 저장헝이세일즈(Zhejiang Hengyi Petrochemical Sales Co., Ltd.) 3.95 2. 신펑밍후저우종시(Xinfengming Group Huzhou Zhongshi Technology Co., Ltd.)과 그 관계사인 다음 각 목의 기업 또는 해당 기업의 제품을 수출하는 자 가. 통샹종신(Tongxiang Zhongxin Chemical Fiber Co., Ltd.) 나. 통샹종웨이(Tongxiang Zhongwei Chemical Fiber Co., Ltd.) 다. 통샹종첸(Tongxiang Zhongchen Chemical Fiber Co., Ltd.) 라. 통샹종치(Tongxiang Zhongchi Chemical Fiber Co., Ltd.) 마. 신펑밍 무역(Zhejiang Xinfengming Import and Export Co., Ltd.) 바. 통샹종이(Tongxiang Zhongyi Chemical Fiber Co., Ltd.) 5.79 3. 저장티앤셩(Zhejiang Tiansheng Chemical Fiber Co., Ltd.)과 그 기업의 제품을 수출하는 자 6.11 4. 장수궈왕(Jiangsu Guowang High-Technique Fiber Co., Ltd.)과 그 관계사인 다음 각 목의 기업 또는 해당 기업의 10.91 제품을 수출하는 자 가. 장수강홍(Jiangsu Ganghong Fiber Co., Ltd.) 나. 장수셩홍테크(Jiangsu Shenghong Technology Trading Co., Ltd.) 다. 수저우셩홍섬유(Suzhou Shenghong Fiber Co., Ltd.) 라. 장수종루테크(Jiangsu Zhonglu Technology Development Co., Ltd.) 5. 장수헝리(Jiangsu Hengli Chemical Fibre Co., Ltd.)와 그 관계사인 다음 각 목의 기업 또는 해당 기업의 제품을 수 출하는 자 가. 장수더리(Jiangsu Deli Chemical Fibre Co., Ltd.) 나. 장수헝커(Jiangsu Hengke Advanced Materials Co., Ltd.) 5.00 6. 그 밖의 공급자 7.75 비고: 위 표에도 불구하고 제1호부터 제5호까지의 어느 하나에 해당하는 공급자와 「관세법 시행령」 제23조제1항에 따른 특수관계가 있는 제6호의 공급자에 대해서는 그와 특수관계가 있는 제1호부터 제5호까지의 어느 하나에 해당하 는 공급자에 대한 덤핑방지관세율을 적용한다."
241733,20220408,중국산 플로트판유리에 대한 덤핑방지관세 부과에 관한 규칙,중국산플로트판유리,기획재정부령,제913호,2022-04-08,2022-04-08,제정,3,"제2조(부과대상 물품) 덤핑방지관세가 부과되는 물품은 플로트(float) 공법으로 생산된 중국산 플로트판유리( 「관세법 시행령」 제98조 제1항 에 따른 관세ㆍ통계통합품목분류표의 품목번호 제7005.21.4000호, 제7005.21.5000호, 제7005.21.6000호, 제7005.21.7010호, 제7005.21.7020호, 제7005.21.7030호, 제7005.29.4010호, 제7005.29.4090호, 제7005.29.5010호, 제7005.29.5090호, 제7005.29.6010호, 제7005.29.6090호, 제7005.29.7010호, 제7005.29.7090호, 제7005.29.8010호, 제7005.29.8090호, 제7005.29.9010호 및 제7005.29.9090호에 해당하는 것을 말한다) 중 다음 각 호의 어느 하나에 해당하는 것으로 한다. 다만, 코팅유리(coated glass), 무늬유리(patterned glass), 망입(網入)유리(wired glass), 복층유리(insulating glass), 강화유리(tempered glass), 접합유리(laminated glass), 에칭유리(etched glass) 및 저철분유리(low iron glass) 등 판유리의 효용을 개선하기 위해 가공한 유리는 제외한다. 1. 맑은 유리(clear float glass): 두께가 4밀리미터를 초과하고 13밀리미터 미만인 것 2. 색유리 중 그린유리(green glass): 두께가 4밀리미터를 초과하고 13밀리미터 미만인 것 || 제3조(부과대상 물품의 공급자 및 덤핑방지관세율) 제2조 에 따른 부과대상 물품의 공급자와 그 공급자별 덤핑방지관세율은 별표 와 같다.","다만, 코팅유리(coated glass), 무늬유리(patterned glass), 망입(網入)유리(wired glass), 복층유리(insulating glass), 강화유리(tempered glass), 접합유리(laminated glass), 에칭유리(etched glass) 및 저철분유리(low iron glass) 등 판유리의 효용을 개선하기 위해 가공한 유리는 제외한다. 1. 맑은 유리(clear float glass): 두께가 4밀리미터를 초과하고 13밀리미터 미만인 것 2. 색유리 중 그린유리(green glass): 두께가 4밀리미터를 초과하고 13밀리미터 미만인 것",7005.21.4000;7005.21.5000;7005.21.6000;7005.21.7010;7005.21.7020;7005.21.7030;7005.29.4010;7005.29.4090;7005.29.5010;7005.29.5090;7005.29.6010;7005.29.6090;7005.29.7010;7005.29.7090;7005.29.8010;7005.29.8090;7005.29.9010;7005.29.9090,,5,,,"<기획재정부령 제913호, 2022. 4. 8.> 제1조(시행일) 이 규칙은 공포한 날부터 시행한다. 제2조(유효기간) 이 규칙은 공포한 날부터 5년간 효력을 가진다. 제3조(재심사기간 중 덤핑방지조치가 적용된 물품에 관한 적용례) 이 규칙은 2021년 8월 31일 이후 수입신고된 물품부터 적용한다.",[별표 ] 부과대상 물품의 공급자별 덤핑방지관세율(제3조 관련),,,,"■ 중국산 플로트판유리에 대한 덤핑방지관세 부과에 관한 규칙 [별표] 부과대상 물품의 공급자별 덤핑방지관세율(제3조 관련) 공급국 공급자 덤핑방지 관세율(%) 중국 1. 차이나글라스그룹(China Glass Holdings Ltd.)과 그 관계 사인 다음 각 목의 기업 및 그 기업의 제품을 수출하는 자 가. 종보테크(Zhongbo Technology Co., Ltd.) 나. 북경 친창(Beijing Qinchang Glass Co., Ltd) 다. 장쑤 수후아다(Jiangsu SHD New Materials Co., Ltd.) 라. 항저우 신재료테크[CNG(Hangzhou) New Materials Technology Co., Ltd.] 마. 난징 유안홍(Nanjing Yuanhong Special Glass Co., Ltd.) 바. 센양 코팅유리(Xianyang CNG Coated Glass Limited) 사. 웨이하이 코팅글라스(Weihai CNG Coated Glass Co., Ltd.) 아. 웨이하이 블루스타(Weihai Blue Star Technology and Industrial Park Company Limited) 자. 웨이하이 태양광(Weihai China Glass Solar Co., Ltd) 차. 웨이하이 뉴테크 글라스(Weihai CNG New Technology Glass Ltd.) 카. 웨이하이 CNG 수출입(Weihai CNG Import and Export Co., Ltd.) 타. 스찬신재료(Suqian CNG New Materials Co., Ltd.) 파. 우하이 하이보 상사(Wuhai Haibo Trading Co., Ltd) 하. 우하이 스페셜글라스(Wuhai CNG Special Glass Co., Ltd.) 거. 우하이 블루스타 운송(Wuhai Blue Star Transportation Co., Ltd) 너. 한중 블루스타(Hanzhong Blue Star Silicon Sand Co., Ltd.) 더. 산시 CNC뉴테크(Shaanxi CNG New Technology Limited) 러. 동타이 글라스(Dongtai China Glass Special Glass Co., Ltd.) 머. 홍콩 국제차이나글라스[China Glass(CNG) 36.01 International Co. Limited] 버. 린이 CNC글라스(Linyi CNG Glass Co., Ltd.) 2. 진징그룹(Jinjing Group Co., Ltd.)과 그 관계사인 다음 각 목의 기업 및 그 기업의 제품을 수출하는 자 가. 산동 진징(Shandong Jinjing Science & Technology Stock Co., Ltd.) 나. 쯔보 종기(Zibo Zhongqi Building Materials Co., Ltd.) 다. 쯔보 진칭(Zibo Jinxing Glass Co., Ltd.) 라. 텅저우 진징(Tengzhou Jinjing Glass Co., Ltd.) 마. 텅저우 푸민(Tengzhou Fumin Glass Co., Ltd.) 바. 랑팡 진비아오(Langfang Jinbiao Glass Co., Ltd.) 사. 산동 진징상사(Shandong Jinjing Trade Co., Ltd.) 아. 칭다오 진징(Qingdao Jinjing Co., Ltd.) 자. 닝샤 진징(Ningxia Jinjing Science and Technology Co., Ltd.) 차. 북경 진징(Beijing Jinjing Wisdom Co., Ltd.) 카. 린이 야홍(Linyi Yahong Economic And Trade Co., Ltd.) 타. 산동 하이티엔(Shandong Haitian Biochemical Co., Ltd.) 파. 북경 진징 그린빌딩(Beijing Jinjing Green Building Technology Co., Ltd.) 하. 북경 킹테크[Kingtech Cloud Computing （Beijing） Software CO.，Ltd.] 3. 칭다오판유리(Qingdao Float Glass Co., Ltd.)와 그 기업 의 제품을 수출하는 자 4. 칭다오 진징(Qingdao Jinjing Stock Co., Ltd.)과 그 기업 의 제품을 수출하는 자 5. 야오후아(Qinhuangdao Yaohua Glass Co., Ltd.)와 그 기 업의 제품을 수출하는 자 6. 티지창지앙(TG Changjiang Glass Co., Ltd.)과 그 기업 의 제품을 수출하는 자 7. 지앙수파룬(Jiangsu Farun Group Co., Ltd.)과 그 기업의 제품을 수출하는 자 8. 그 밖의 공급자"
244019,20220726,미국 및 프랑스산 부틸글리콜에테르에 대한 덤핑방지관세 부과에 관한 규칙,미국및프랑스산부틸글리콜에테르,기획재정부령,제925호,2022-07-26,2022-07-26,제정,3,제2조(부과대상 물품) 덤핑방지관세가 부과되는 물품은 미국 및 프랑스산 부틸글리콜에테르( 「관세법 시행령」 제98조 제1항 에 따른 관세ㆍ통계통합품목분류표의 품목번호 제2909.43.0000호에 해당하는 것을 말한다)로 한다. || 제3조(부과대상 물품의 공급자 및 덤핑방지관세율) 제2조 에 따른 부과대상 물품의 공급자와 그 공급자별 덤핑방지관세율은 별표 와 같다.,,2909.43.0000,,5,,,"<기획재정부령 제925호, 2022. 7. 26.> 제1조(시행일) 이 규칙은 공포한 날부터 시행한다. 제2조(유효기간) 이 규칙은 공포한 날부터 5년간 효력을 가진다. 제3조(재심사기간 중 덤핑방지조치가 적용된 물품에 관한 적용례) 이 규칙은 2021년 12월 6일 이후 수입신고된 물품부터 적용한다.",[별표 ] 부과대상 물품의 공급자별 덤핑방지관세율(제3조 관련),,,,■ 미국 및 프랑스산 부틸글리콜에테르에 대한 덤핑방지관세 부과에 관한 규칙 [별표] 부과대상 물품의 공급자별 덤핑방지관세율(제3조 관련) 공급국 공급자 덤핑방지 관세율(%) 미국 다우 케미컬(Dow Chemical Company)과 그 기업의 제품을 수출 하는 자 25.00 이스트만 케미컬(Eastman Chemical Company)과 그 기업의 제품 을 수출하는 자 그 밖의 공급자 프랑스 이네오스(INEOS)와 그 기업의 제품을 수출하는 자 20.10 그 밖의 공급자
244531,20220905,사우디아라비아산 부틸글리콜에테르에 대한 덤핑방지관세 부과에 관한 규칙,사우디아라비아산부틸글리콜에테르,기획재정부령,제932호,2022-09-05,2022-09-05,제정,3,제2조(부과대상 물품) 덤핑방지관세가 부과되는 물품은 사우디아라비아산 부틸글리콜에테르(「관세법 시행령」 제98조제1항에 따른 관세ㆍ통계통합품목분류표의 품목번호 제2909.43.0000호에 해당하는 것을 말한다)로 한다. || 제3조(부과대상 물품의 공급자 및 덤핑방지관세율) 제2조에 따른 부과대상 물품의 공급자와 그 공급자별 덤핑방지관세율은 별표와 같다.,,2909.43.0000,,3,,,"<기획재정부령 제932호, 2022. 9. 5.> 제1조(시행일) 이 규칙은 공포한 날부터 시행한다. 제2조(유효기간) 이 규칙은 공포한 날부터 3년간 효력을 가진다. 제3조(덤핑방지관세 부과에 관한 적용례) 이 규칙은 이 규칙 시행 이후 수입신고된 물품부터 적용한다.",[별표 ] 부과대상 물품의 공급자별 덤핑방지관세율(제3조 관련),,,,■ 사우디아라비아산 부틸글리콜에테르에 대한 덤핑방지관세 부과에 관한 규칙 [별표] 부과대상 물품의 공급자별 덤핑방지관세율(제3조 관련) 공급국 공급자 덤핑방지 관세율(%) 사우디 아라비아 1. 사다라(Sadara Chemical Company)와 그 관계사인 다음 각 목 의 기업 및 그 기업의 제품을 수출하는 자 가. 다우사우디(Dow Saudi Arabia Product Marketing B.V.) 나. 다우싱가포르[Dow Chemical Pacific (Singapore) Private Limited] 다. 한국다우케미칼(주)(Dow Chemical Korea Limited) 43.58 2. 그 밖의 공급자
245053,20221025,중국산 더블레이어 인쇄제판용 평면 모양 사진플레이트에 대한 덤핑방지관세 부과에 관한 규칙,중국산더블레이어인쇄제판용평면모양사진플레이트,기획재정부령,제940호,2022-10-25,2022-10-25,제정,3,"제2조(부과대상 물품) 덤핑방지관세가 부과되는 물품은 중국산 더블레이어(double-layer) 인쇄제판용 평면 모양 사진플레이트( 「관세법 시행령」 제98조 제1항 에 따른 관세ㆍ통계통합품목분류표의 품목번호 제3701.30.2000호에 해당하는 것을 말한다) 중 다음 각 호의 요건을 모두 갖춘 것으로 한다. 다만, 포토폴리머 바이올렛판(Photopolymer Violet Plate) 및 재생판은 부과대상 물품에서 제외한다. 1. 알루미늄판의 표면을 전기ㆍ화학적으로 연마하여 산화막을 형성한 후 표면에 감광재를 2회 도포한 감광성 인쇄용 판일 것 2. 각 변의 길이가 255밀리미터(㎜)를 초과하고, 감광면이 2개층일 것 || 제3조(부과대상 물품의 공급자 및 덤핑방지관세율) 제2조 에 따른 부과대상 물품의 공급자와 그 공급자별 덤핑방지관세율은 별표 와 같다.","다만, 포토폴리머 바이올렛판(Photopolymer Violet Plate) 및 재생판은 부과대상 물품에서 제외한다. 1. 알루미늄판의 표면을 전기ㆍ화학적으로 연마하여 산화막을 형성한 후 표면에 감광재를 2회 도포한 감광성 인쇄용 판일 것 2. 각 변의 길이가 255밀리미터(㎜)를 초과하고, 감광면이 2개층일 것",3701.30.2000,,5,,,"<기획재정부령 제940호, 2022. 10. 25.> 제1조(시행일) 이 규칙은 공포한 날부터 시행한다. 제2조(유효기간) 이 규칙은 공포한 날부터 5년간 효력을 가진다. 제3조(덤핑방지관세 부과에 관한 적용례) 이 규칙은 이 규칙 시행 이후 수입신고된 물품부터 적용한다.",[별표 ] 부과대상 물품의 공급자별 덤핑방지관세율(제3조 관련),,,,"■ 중국산 더블레이어 인쇄제판용 평면 모양 사진플레이트에 대한 덤핑방지관세 부과에 관한 규칙 [별표] 부과대상 물품의 공급자별 덤핑방지관세율(제3조 관련) 공급국 공급자 덤핑방지 관세율(%) 중국 1. 러차이(Jiangsu Lecai Printing Material Co., Ltd.) 및 그 기업의 제품을 수출하는 자 4.10 2. 코닥[Kodak (China) Graphic Communications Company Limited]과 그 관계사인 다음 각 목의 기업 및 그 기업의 제품을 수출하는 자 가. 코닥 인베스트먼트[Kodak (China) Investment Co., Ltd.] 나. 코닥 코리아(Kodak Korea Ltd.) 다. 이스트만 코닥(Eastman Kodak Company) 라. 화광(Lucky Huaguang Graphics Co., Ltd.) 마. 화광 난양(Lucky Huaguang Nanyang Trading Co., Ltd.) 바. 화광 바오리(Suzhou Huaguang Baoli Printing Plate Material Co., Ltd.) 사. 종인(Zhongyin Printing Equipment Co., Ltd.) 아. 아그파 화광[Agfa Huaguang (Shanghai) Printing Equipment Co., Ltd.] 자. 화푸(Henan Huafu Packaging Technology Co., Ltd.) 차. 코닥 일렉트로닉[Kodak Electronic Products (Shanghai) Company Limited] 3.60 3. 화펑(Chongqing Huafeng Dijet Printing Material Co., Ltd.)과 그 관계사인 화펑PM(Chongqing Huafeng Printing Material Co., Ltd.) 및 그 기업의 제품을 수출하는 자 7.61 4. 그 밖의 공급자 4.87 비고: 제4호에 해당하는 공급자가 제1호부터 제3호까지의 어느 하나에 해당하는 공급자와 「관세법 시행령」 제23조제1항에 따른 특수관계가 있는 경우에 는 제4호의 덤핑방지관세율에도 불구하고 그와 특수관계가 있는 제1호부터 제3호까지의 어느 하나에 해당하는 공급자에 대한 덤핑방지관세율을 적용 한다."
248381,20230227,중국ㆍ태국 및 인도네시아산 폴리아미드 필름에 대한 덤핑방지관세 부과에 관한 규칙,중국·태국및인도네시아산폴리아미드필름,기획재정부령,제960호,2023-02-27,2023-02-27,제정,3,"제2조(부과대상 물품) 덤핑방지관세가 부과되는 물품은 중국ㆍ태국 및 인도네시아산 연신 가공된 폴리아미드 필름(Biaxially Oriented Polyamide Film, BOPA Film)( 「관세법 시행령」 제98조 제1항 에 따른 관세ㆍ통계통합품목분류표의 품목번호 제3920.92.0000호에 해당하는 것을 말한다) 중 두께가 25마이크로미터(㎛) 이하인 것으로 한다. 다만, 금속 등이 증착(蒸着)된 제품이나 다른 필름 등과 합지(合紙)된 제품은 부과대상 물품에서 제외한다. || 제3조(부과대상 물품의 공급자 및 덤핑방지관세율) 제2조 에 따른 부과대상 물품의 공급자와 그 공급자별 덤핑방지관세율은 별표 와 같다.","다만, 금속 등이 증착(蒸着)된 제품이나 다른 필름 등과 합지(合紙)된 제품은 부과대상 물품에서 제외한다.",3920.92.0000,,5,,,"<기획재정부령 제960호, 2023. 2. 27.> 제1조(시행일) 이 규칙은 공포한 날부터 시행한다. 제2조(유효기간) 이 규칙은 공포한 날부터 5년간 효력을 가진다. 제3조(잠정조치가 적용된 물품에 관한 적용례) 이 규칙은 2022년 9월 14일 이후 수입신고된 물품부터 적용한다.",[별표 ] 부과대상 물품의 공급자와 그 공급자별 덤핑방지관세율(제3조 관련),,,,"■ 중국ᆞ태국 및 인도네시아산 폴리아미드 필름에 대한 덤핑방지관세 부과에 관한 규칙 [별표] 부과대상 물품의 공급자와 그 공급자별 덤핑방지관세율(제3조 관련) 공급국 공급자 덤핑방지 관세율(%) 중국 1. 더저우동홍(Dezhou Donghong Film Making Science & Technology Co., Ltd.)과 그 관계사인 다음 각 목의 기업 및 그 기업의 제품을 수출 하는 자 가. 창저우패킹(Canzhou Donghong Packing Material Co., Ltd.) 나. 창저우필름(Canzhou Donghong Film Making Science & Technology Co., Ltd.) 다. 충칭밍주(Chongqing Mingzhu Plastic Co., Ltd.) 라. 창저우플라스틱(Cangzhou Mingzhu Plastic Co., Ltd.) 마. 동홍신소재(Dezhou Donghong New Material Co., Ltd.) 4.94 2. 효성자싱[Hyosung Chemical Fiber (Jiaxing) Co., Ltd.]과 그 관계사 인 효성화학주식회사 및 그 기업의 제품을 수출하는 자 4.90 3. 그 밖의 공급자 4.94 태국 4. 에이제이피(A. J. Plast Public Co., Ltd.)와 그 기업의 제품을 수출하 는 자 24.61 5. 그 밖의 공급자 24.61 인도 네시아 6. 코롱이나(PT. KOLON INA)와 그 기업의 제품을 수출하는 자 28.60 7. 그 밖의 공급자 28.60 비고: 제3호의 공급자가 제1호 또는 제2호의 공급자와 「관세법 시행령」 제23조제1항에 따른 특수관계 가 있는 경우에는 제3호의 덤핑방지관세율에도 불구하고 그와 특수관계가 있는 제1호 또는 제2 호의 공급자에 대한 덤핑방지관세율을 적용한다."
248439,20230302,중국ㆍ베트남산 이음매 없는 동관에 대한 덤핑방지관세 부과에 관한 규칙,중국·베트남산이음매없는동관,기획재정부령,제964호,2023-03-02,2023-03-02,제정,3,"제2조(부과대상 물품) 덤핑방지관세가 부과되는 물품은 중국ㆍ베트남산 이음매 없는 동관(「관세법 시행령」 제98조제1항에 따른 관세ㆍ통계통합품목분류표의 품목번호 제7411.10.0000호에 해당하는 것을 말한다) 중 다음 각 호의 요건을 모두 갖춘 것으로 한다. 1. 바깥지름이 3.80밀리미터(mm) 이상 28.58밀리미터(mm) 이하인 것 2. 두께가 0.20밀리미터(mm) 이상 2.00밀리미터(mm) 이하인 것[관 내부가 홈 가공된 제품은 저면(bottom wall) 두께를 기준으로 한다] 3. 길이가 50미터(m) 이상인 것 || 제3조(부과대상 물품의 공급자 및 덤핑방지관세율) ① 제2조에 따른 부과대상 물품의 공급자와 그 공급자별 덤핑방지관세율은 별표 1과 같다. ② 제1항에도 불구하고 기획재정부장관이 「관세법」 제54조제1항에 따른 가격수정에 관한 약속을 수락한 별표 2 각 호의 공급자는 부과대상 공급자에서 제외한다. 다만, 해당 가격수정에 관한 약속을 이행하지 않은 경우에는 별표 1에 따른 덤핑방지관세를 부과한다.","② 제1항에도 불구하고 기획재정부장관이 「관세법」 제54조제1항에 따른 가격수정에 관한 약속을 수락한 별표 2 각 호의 공급자는 부과대상 공급자에서 제외한다. 다만, 해당 가격수정에 관한 약속을 이행하지 않은 경우에는 별표 1에 따른 덤핑방지관세를 부과한다.",7411.10.0000,,5,,,"<기획재정부령 제964호, 2023. 3. 2.> 제1조(시행일) 이 규칙은 공포한 날부터 시행한다. 제2조(유효기간) 이 규칙은 공포한 날부터 5년간 효력을 가진다. 제3조(덤핑방지관세 부과에 관한 적용례) 이 규칙은 이 규칙 시행 이후 수입신고된 물품부터 적용한다.",[별표 1] 부과대상 물품의 공급자와 그 공급자별 덤핑방지관세율(제3조제1항 관련) | [별표 2] 부과대상 공급자에서 제외되는 공급자(제3조제2항 본문 관련),Y,"■ 중국ㆍ 베트남산 이음매 없는 동관에 대한 덤핑방지관세 부과에 관한 규칙 [별표 2] 부과대상 공급자에서 제외되는 공급자(제3조제2항 본문 관련) 공급국 공급자 중국 1. 금룡신샹[Golden Dragon Precise Copper Tube (Xinxiang) Co., Ltd.]과 그 관계사인 다음 각 목의 기업 가. 금룡그룹(Golden Dragon Precise Copper Tube Group Inc.) 나. 상하이롱양(Shanghai Longyang Precise Compound Copper Tube Co., Ltd.) 다. 장수캉후안(Jiangsu Canghuan Copper Products Co., Ltd.) 리. 광동롱펑(Guangdong Longfeng Precise Copper Tube Co., Ltd.) 마. 롱커우롱펑(Longkou Longpeng Precise Copper Tube Co., Ltd.) 바. 충칭롱유(Chongqing Longyu Precision Copper Tube Co., Ltd.) 사. 허난롱휘(Henan Longhui Copper Industry Co., Ltd.) 2. 닝보진티엔(Ningbo Jintian Copper Tube Co., Ltd.)과 그 관계사인 장수싱롱 (Jiangsu Xingrong Copper Co., Ltd.) 또는 해당 기업의 제품을 수출하는 다 음 각 목의 자 가. 닝보진티엔그룹[Ningbo Jintian Copper (Group) Co. Ltd.] 나. 닝보진티엔수출입(NINGBO JINTIAN IMPORT & EXPORT CO., LTD.) 다. 광동진티엔(GUANGDONG JINTIAN COPPER CO., LTD.) 3. 상하이하이량(Shanghai Hailiang Copper Co., Ltd.)과 그 관계사인 다음 각 목 의 기업 가. 하이량올탑[Hailiang Alltop Tube (Guangdong) Ltd.] 나. 저장하이량(Zhejiang Hailiang Co., Ltd.) 베트남 4. 진티엔베트남[Jintian Copper Industrial (Vietnam) Company Limited]과 그 기업의 제품을 수출하는 홍콩메이타임(Hongkong Maytime International Industry Limited) 5. 하이량베트남[Hailiang (Vietnam) Copper Manufacturing Co., Ltd.]과 그 기업의 제품을 수출하는 홍콩하이량(Hong Kong Hailiang Metal Trading Limited)",,"■ 중국ㆍ 베트남산 이음매 없는 동관에 대한 덤핑방지관세 부과에 관한 규칙 [별표 1] 부과대상 물품의 공급자와 그 공급자별 덤핑방지관세율(제3조제1항 관련) 공급국 공급자 덤핑방지 관세율 (%) 중국 1. 금룡신샹[Golden Dragon Precise Copper Tube (Xinxiang) Co., Ltd.]과 그 관계사인 다음 각 목의 기업 또는 해당 기업의 제품을 수출하는 자 가. 금룡그룹(Golden Dragon Precise Copper Tube Group Inc.) 나. 상하이롱양(Shanghai Longyang Precise Compound Copper Tube Co., Ltd.) 다. 장수캉후안(Jiangsu Canghuan Copper Products Co., Ltd.) 라. 광동롱펑(Guangdong Longfeng Precise Copper Tube Co., Ltd.) 마. 롱커우롱펑(Longkou Longpeng Precise Copper Tube Co., Ltd.) 바. 충칭롱유(Chongqing Longyu Precision Copper Tube Co., Ltd.) 사. 허난롱휘(Henan Longhui Copper Industry Co., Ltd.) 18.12 2. 닝보진티엔(Ningbo Jintian Copper Tube Co., Ltd.)과 그 관계사 인 장수싱롱(Jiangsu Xingrong Copper Co., Ltd.) 또는 해당 기업 의 제품을 수출하는 자 18.12 3. 상하이하이량(Shanghai Hailiang Copper Co., Ltd.)과 그 관계사 인 다음 각 목의 기업 또는 해당 기업의 제품을 수출하는 자 가. 광동하이량(Guangdong Hailiang Copper Industry Co., Ltd.) 나. 하이량안휘[Hailiang (Anhui) Copper Co., Ltd.] 다. 하이량올탑[Hailiang Alltop Tube (Guangdong) Ltd.] 라. 저장하이량(Zhejiang Hailiang Co., Ltd.) 마. 충칭하이량(Chongqing Hailiang Copper Industry Co., Ltd.) 16.52 4. 그 밖의 공급자 18.12 베트남 5. 진티엔베트남[Jintian Copper Industrial (Vietnam) Company Limited]과 그 기업의 제품을 수출하는 자 9.98 6. 하이량베트남[Hailiang (Vietnam) Copper Manufacturing Co., Ltd.]과 그 기업의 제품을 수출하는 자 14.78 7. 그 밖의 공급자 11.63 비고: 제4호 또는 제7호의 공급자가 제1호ㆍ 제2호ㆍ 제3호ㆍ 제5호 또는 제6호의 공급자와 「관세법 시행령」 제23조제1항에 따른 특수관계가 있는 경우에는 제4호 또는 제7호의 덤핑방지관세율에도 불구하고 그와 특수관계가 있는 제1 호ㆍ 제2호ㆍ 제3호ㆍ 제5호 또는 제6호의 공급자에 대한 덤핑방지관세율을 적 용한다."
250607,20230428,중국 및 호주산 수산화알루미늄에 대한 덤핑방지관세 부과에 관한 규칙,중국및호주산수산화알루미늄,기획재정부령,제990호,2023-04-28,2023-04-28,제정,3,"제2조(부과대상 물품) 덤핑방지관세가 부과되는 물품은 중국 및 호주산 수산화알루미늄(「관세법 시행령」 제98조제1항에 따른 관세ㆍ통계통합품목분류표의 품목번호 제2818.30.9000호에 해당하는 것을 말한다) 으로 화학식 Al(OH)3를 가지는 백색 분말 상태의 알루미늄 수화물(水化物) 중 평균 입도(Dp50)가 55㎛ 이상인 것으로 한다. 다만, 별표 1에 해당하는 물품은 제외한다. || 제3조(부과대상 물품의 공급자 및 덤핑방지관세율) 제2조에 따른 부과대상 물품의 공급자와 그 공급자별 덤핑방지관세율은 별표 2와 같다.","다만, 별표 1에 해당하는 물품은 제외한다.",2818.30.9000,,5,,,"<기획재정부령 제990호, 2023. 4. 28.> 제1조(시행일) 이 규칙은 공포한 날부터 시행한다. 제2조(유효기간) 이 규칙은 공포한 날부터 5년간 효력을 가진다. 제3조(덤핑방지관세 부과에 관한 적용례) 이 규칙은 이 규칙 시행 이후 수입신고된 물품부터 적용한다.",[별표 1] 덤핑방지관세 부과대상에서 제외되는 물품(제2조 단서 관련) | [별표 2] 부과대상 물품의 공급자별 덤핑방지관세율(제3조 관련),Y,"■ 중국 및 호주산 수산화알루미늄에 대한 덤핑방지관세 부과에 관한 규칙 [별표 1] 덤핑방지관세 부과대상에서 제외되는 물품(제2조 단서 관련) 공급국 공급자 제품 모델 백색도 (YS/T 469-2004) 중국 찰코산동신소재(CHALCO Shandong Advanced Material Co., Ltd.) 또는 찰코중주신소재(CHALCO Zhongzhou Advanced Material Co., Ltd.) HC110A 90 이상 HC110KK H-WF-60-SP H-WF-75 H-WF-75-SP H-WF-90 H-WF-90-SP H-WF-100 H-WF-50C-SP",,"■ 중국 및 호주산 수산화알루미늄에 대한 덤핑방지관세 부과에 관한 규칙 [별표 2] 부과대상 물품의 공급자별 덤핑방지관세율(제3조 관련) 공급국 공급자 덤핑방지 관세율(%) 중국 1. 찰코산동(CHALCO Shandong Co., Ltd.)과 그 관계사인 다음 각 목의 기업 및 그 기업의 제품을 수출하는 자 가. 찰코중주(CHALCO Zhongzhou Aluminum Co., Ltd.) 나. 찰코물자(CHALCO Materials Co., Ltd.) 다. 찰코청도경금속(CHALCO Qingdao Light Metals Co., Ltd.) 라. 찰코청도무역(CHALCO Qingdao International Trading Co., Ltd.) 마. 찰코산동신소재(CHALCO Shandong Advanced Material Co., Ltd.) 바. 찰코중주신소재(CHALCO Zhongzhou Advanced Material Co., Ltd.) 13.99 2. 룽커우동하이(Longkou Donghai Alumina Co., Ltd.)와 그 관계사인 얀타이진타이(Yantai Jintai International Trade Co., Ltd.) 및 그 기업의 제품을 수출하는 자 22.39 3. 그 밖의 공급자 13.99 호주 4. 알코아(Alcoa Of Australia Limited) 및 그 기업의 제품을 수 출하는 자 37.96 5. 그 밖의 공급자 37.96 비고: 제3호의 공급자가 제2호의 공급자와 「관세법 시행령」 제23조제1항에 따른 특수관계가 있는 경우에는 제3호의 덤핑방지관세율에도 불구하고 그와 특수관 계가 있는 제2호의 공급자에 대한 덤핑방지관세율을 적용한다."
250717,20230508,중국 및 인도산 폴리에틸렌 테레프탈레이트(PET) 필름에 대한 덤핑방지관세 부과에 관한 규칙,중국및인도산폴리에틸렌테레프탈레이트(PET)필름,기획재정부령,제992호,2023-05-08,2023-05-08,제정,3,"제2조(부과대상 물품) 덤핑방지관세가 부과되는 물품은 중국 및 인도산 폴리에틸렌 테레프탈레이트(Polyethylene Terephthalate, PET) 필름(「관세법 시행령」 제98조제1항에 따른 관세ㆍ통계통합품목분류표의 품목번호 제3920.62.0000호 또는 제3920.69.0000호에 해당하는 것을 말한다)으로 한다. 다만, 별표 1에 해당하는 물품은 제외한다. || 제3조(부과대상 물품의 공급자 및 덤핑방지관세율) 제2조에 따른 부과대상 물품의 공급자와 그 공급자별 덤핑방지관세율은 별표 2와 같다.","다만, 별표 1에 해당하는 물품은 제외한다.",3920.62.0000;3920.69.0000,,5,,,"<기획재정부령 제992호, 2023. 5. 8.> 제1조(시행일) 이 규칙은 공포한 날부터 시행한다. 제2조(유효기간) 이 규칙은 공포한 날부터 5년간 효력을 가진다. 제3조(재심사기간 중 덤핑방지조치가 적용된 물품에 관한 적용례) 이 규칙은 2022년 9월 11일 이후 수입신고된 물품부터 적용한다.",[별표 1] 덤핑방지관세 부과대상에서 제외되는 물품(제2조 단서 관련) | [별표 2] 부과대상 물품의 공급자별 덤핑방지관세율(제3조 관련),Y,"■ 중국 및 인도산 폴리에틸렌 테레프탈레이트(PET) 필름에 대한 덤핑방지관세 부과에 관한 규칙 [별표 1] 덤핑방지관세 부과대상에서 제외되는 물품(제2조 단서 관련) 1. 두께가 9마이크로미터(㎛) 미만으로서 증착되지 않은 폴리에틸렌 테레프탈레이트 필름 2. 비냉매용 모터 절연용(絶緣用)으로 사용되는 두께 125마이크로미터 이상인 흰색 의 폴리에틸렌 테레프탈레이트 필름으로서 다음 각 목의 요건을 모두 갖춘 것 가. 규격 미국 보험협회 안전시험소(Underwriters Laboratory Inc.)에서 지정한 시험방식 에 따라 측정한 전기적 및 기계적 내열성(Relative Thermal Index, RTI)이 각 각 섭씨 105도 이상이고 흐림도(Haze)가 70퍼센트 이상일 것 나. 모델명 Garfilm EM6(인도 Garware Polyester Limited 제품), J-470(인도 Jindal Polyfilms Limited 제품) 3. 냉매용 모터 절연용으로 사용되는 두께 125마이크로미터 이상인 흰색의 폴리에틸 렌 테레프탈레이트 필름으로서 다음 각 목의 요건을 모두 갖춘 것 가. 규격 미국 보험협회 안전시험소에서 지정한 시험방식에 따라 측정한 전기적 및 기계 적 내열성이 각각 섭씨 140도, 125도 이상이고 소중합체(小重合體, Oligomer) 추출비율이 0.65퍼센트 이하이며 흐림도가 75퍼센트 이상일 것 나. 모델명 Garfilm EM6-L.O.(인도 Garware Polyester Limited 제품) 4. 홀로그램 폴리에틸렌 테레프탈레이트 필름 5. 안료를 다른 원재료에 배합하여 생산한 유채색(有彩色)의 폴리에틸렌 테레프탈레 이트 필름으로서 두께가 300마이크로미터 이상인 것 6. 태양광 모듈용 격자무늬 투명 백시트(Back Sheet)",,"■ 중국 및 인도산 폴리에틸렌 테레프탈레이트(PET) 필름에 대한 덤핑방지관세 부과에 관한 규칙 [별표 2] 부과대상 물품의 공급자별 덤핑방지관세율(제3조 관련) 공급국 공급자 덤핑방지 관세율 (%) 중국 1. 천진완화(Tianjin Wanhua Co., Ltd.)와 그 회사의 제품을 수출하는 자 3.84 2. 캉훼이(Kanghui New Material Technology Co., Ltd.), 캉 훼이무역(Kanghui International Trade(Jiangsu) Co., Ltd.)과 그 회사의 제품을 수출하는 자 2.20 3. 푸웨이(Fuwei Films Shandong Co., Ltd.)와 그 회사의 제품 을 수출하는 자 36.98 4. 산토우(Shantou Soe First Polyester Films Co., Ltd.)와 그 회사의 제품을 수출하는 자 36.98 5. 이화도레이(Yihua Toray Polyester Film Co., Ltd.)와 그 회사 의 제품을 수출하는 자 36.98 6. 장수중다(Jiangsu Zhongda New Materials International Co., Ltd.)와 그 회사의 제품을 수출하는 자 36.98 7. 저장우밍(Zhejiang Wuming Trading Co., Ltd.)과 그 회사 의 제품을 수출하는 자 36.98 8. 티에스에프(TSF Co., Ltd.)와 그 회사의 제품을 수출하는 자 36.98 9. 상하이(Shanghai Hansen Global Supply Co., Ltd.)와 그 회사 의 제품을 수출하는 자 36.98 10. 그 밖의 공급자 36.98 인도 11. 가웨어(Garware Polyester Limited)와 그 회사의 제품을 수출하는 자 34.90 12. 진달(Jindal Poly Films Limited)과 그 회사의 제품을 수출 하는 자 34.90 13. 그 밖의 공급자 34.90 비고: 제10호의 공급자가 제1호 또는 제2호의 공급자와 「관세법 시행령」 제23조 제1항에 따른 특수관계가 있는 경우에는 제10호의 덤핑방지관세율에도 불구 하고 그와 특수관계가 있는 제1호 또는 제2호의 공급자에 대한 덤핑방지관세 율을 적용한다."
252977,20230721,베트남 및 인도산 페로실리코망간에 대한 덤핑방지관세 부과에 관한 규칙,베트남및인도산페로실리코망간,기획재정부령,제1007호,2023-07-21,2023-07-21,제정,3,제2조(부과대상 물품) 덤핑방지관세가 부과되는 물품은 베트남 및 인도산 페로실리코망간( 「관세법 시행령」 제98조 제1항 에 따른 관세ㆍ통계통합품목분류표의 품목번호 제7202.30.0000호에 해당하는 것을 말한다)으로 한다. || 제3조(부과대상 물품의 공급자 및 덤핑방지관세율) 제2조 에 따른 부과대상 물품의 공급자와 그 공급자별 덤핑방지관세율은 별표 와 같다.,,7202.30.0000,,5,,,"<기획재정부령 제1007호, 2023. 7. 21.> 제1조(시행일) 이 규칙은 공포한 날부터 시행한다. 제2조(유효기간) 이 규칙은 공포한 날부터 5년간 효력을 가진다. 제3조(재심사기간 중 덤핑방지조치가 적용된 물품에 관한 적용례) 이 규칙은 2022년 11월 29일 이후 수입신고된 물품부터 적용한다.",[별표 ] 부과대상 물품의 공급자별 덤핑방지관세율(제3조 관련),,,,■ 베트남 및 인도산 페로실리코망간에 대한 덤핑방지관세 부과에 관한 규칙 [별표] 부과대상 물품의 공급자별 덤핑방지관세율(제3조 관련) 공급국 공급자 덤핑방지 관세율 (%) 베트남 1. 엔알엠(Hai Duong New Resources Metallurgy Shareholdings Com pany)과 그 기업의 제품을 수출하는 자 2.30 2. 그 밖의 공급자 2.30 인도 3. 안자니(Anjaney Ferro Alloys Limited)와 그 기업의 제품을 수출하 는 자 11.04 4. 마이탄(Maithan Alloys Limited)과 그 기업의 제품을 수출하는 자 11.04 5. 인드실 에너지(Indsil Energy and Electrochemicals Private Limite d)와 그 기업의 제품을 수출하는 자 11.04 6. 인드실 하이드로(Indsil Hydro Power and Manganese Limited)와 그 기업의 제품을 수출하는 자 11.04 7. 몰텍스(Mortex Group)와 그 기업의 제품을 수출하는 자 11.04 8. 그 밖의 공급자 11.04
259379,20240124,중국 및 호주산 수산화알루미늄에 대한 덤핑방지관세 부과에 관한 규칙,중국및호주산수산화알루미늄,기획재정부령,제1037호,2024-01-24,2024-01-24,일부개정,3,"제2조(부과대상 물품) 덤핑방지관세가 부과되는 물품은 중국 및 호주산 수산화알루미늄( 「관세법 시행령」 제98조 제1항 에 따른 관세ㆍ통계통합품목분류표의 품목번호 제2818.30.9000호에 해당하는 것을 말한다) 으로 화학식 Al(OH)3를 가지는 백색 분말 상태의 알루미늄 수화물(水化物) 중 평균 입도(Dp50)가 55㎛ 이상인 것으로 한다. 다만, 별표 1 에 해당하는 물품은 제외한다. || 제3조(부과대상 물품의 공급자 및 덤핑방지관세율) 제2조 에 따른 부과대상 물품의 공급자와 그 공급자별 덤핑방지관세율은 별표 2 와 같다.","다만, 별표 1 에 해당하는 물품은 제외한다.",2818.30.9000,,5,,,"<기획재정부령 제990호, 2023. 4. 28.> 제1조(시행일) 이 규칙은 공포한 날부터 시행한다. 제2조(유효기간) 이 규칙은 공포한 날부터 5년간 효력을 가진다. 제3조(덤핑방지관세 부과에 관한 적용례) 이 규칙은 이 규칙 시행 이후 수입신고된 물품부터 적용한다. <기획재정부령 제1037호, 2024. 1. 24.> 이 규칙은 공포한 날부터 시행한다.",[별표 1] 덤핑방지관세 부과대상에서 제외되는 물품(제2조 단서 관련) | [별표 2] 부과대상 물품의 공급자별 덤핑방지관세율(제3조 관련),Y,"■ 중국 및 호주산 수산화알루미늄에 대한 덤핑방지관세 부과에 관한 규칙 [별표 1] 덤핑방지관세 부과대상에서 제외되는 물품(제2조 단서 관련) 공급국 공급자 제품 모델 백색도 (YS/T 469-2 004) 중국 찰코산동신소재(CHALCO Shandong Advanced Material Co., Ltd.) 또는 찰코중주신소재(CHALCO Zhongzhou Advanced Material Co., Ltd.) HC110A 90 이상 HC110KK H-WF-60-SP H-WF-75 H-WF-75-SP H-WF-90 H-WF-90-SP H-WF-100 H-WF-50C-SP",,"■ 중국 및 호주산 수산화알루미늄에 대한 덤핑방지관세 부과에 관한 규칙 [별표 2] <개정 2024. 1. 24.> 부과대상 물품의 공급자별 덤핑방지관세율(제3조 관련) 공급국 공급자 규격 덤핑방지 관세율(%) 중국 1. 찰코산동(CHALCO Shandong Co., Ltd.) 과 그 관계사인 다음 각 목의 기업 및 그 기업의 제품을 수출하는 자 가. 찰코중주(CHALCO Zhongzhou Aluminum Co., Ltd.) 나. 찰코물자(CHALCO Materials Co., Ltd.) 다. 찰코청도경금속(CHALCO Qingdao Ligh t Metals Co., Ltd.) 라. 찰코청도무역(CHALCO Qingdao Inter national Trading Co., Ltd.) 마. 찰코산동신소재(CHALCO Shandong Advanced Material Co., Ltd.) 바. 찰코중주신소재(CHALCO Zhongzhou Advanced Material Co., Ltd.) 1. 인조대리석 제조용 0 2. 기타 13.99 2. 룽커우동하이(Longkou Donghai Alumina Co., Ltd.)와 그 관계사인 얀타이진타이 (Yantai Jintai International Trade Co., Ltd.) 및 그 기업의 제품을 수출하는 자 1. 인조대리석 제조용 0 2. 기타 22.39 3. 그 밖의 공급자 1. 인조대리석 제조용 0 2. 기타 13.99 호주 4. 알코아(Alcoa Of Australia Limited) 및 그 기업의 제품을 수출하는 자 1. 인조대리석 제조용 0 2. 기타 37.96 5. 그 밖의 공급자 1. 인조대리석 제조용 0 2. 기타 37.96 비고: 제3호의 공급자가 제2호의 공급자와 「관세법 시행령」 제23조제1항에 따른 특 수관계가 있는 경우에는 제3호의 공급자에 대한 덤핑방지관세율에도 불구하고 그와 특수관계가 있는 제2호의 공급자에 대한 덤핑방지관세율을 적용한다."
261255,20240318,일본ㆍ중국 및 핀란드산 도공(Coated) 인쇄용지에 대한 덤핑방지관세 부과에 관한 규칙,일본·중국및핀란드산도공(Coated)인쇄용지,기획재정부령,제1040호,2024-03-18,2024-03-18,제정,3,"제2조(부과대상 물품) 덤핑방지관세가 부과되는 물품은 일본ㆍ중국 및 핀란드산 도공(Coated) 인쇄용지( 「관세법 시행령」 제98조 제1항 에 따른 관세ㆍ통계통합품목분류표의 품목번호 제4810.13.1000호, 제4810.14.0000호, 제4810.19.1000호, 제4810.19.9000호, 제4810.22.0000호, 제4810.29.0000호에 해당하는 것을 말한다) 중 1제곱미터당 중량이 55그램 초과 110그램 이하인 제품으로 한다. || 제3조(부과대상 물품의 공급자 및 덤핑방지관세율) 제2조 에 따른 부과대상 물품의 공급자와 그 공급자별 덤핑방지관세율은 별표 와 같다.",,4810.13.1000;4810.14.0000;4810.19.1000;4810.19.9000;4810.22.0000;4810.29.0000,,5,,,"<기획재정부령 제1040호, 2024. 3. 18.> 제1조(시행일) 이 규칙은 공포한 날부터 시행한다. 제2조(유효기간) 이 규칙은 공포한 날부터 5년간 효력을 가진다. 제3조(재심사기간 중 덤핑방지조치가 적용된 물품에 관한 적용례) 이 규칙은 2023년 7월 22일 이후 수입신고된 물품부터 적용한다.",[별표 ] 부과대상 물품의 공급자별 덤핑방지관세율(제3조 관련),,,,"■ 일본ㆍ 중국 및 핀란드산 도공(Coated) 인쇄용지에 대한 덤핑방지관세 부과에 관한 규칙 [별표] 부과대상 물품의 공급자별 덤핑방지관세율(제3조 관련) 공급국 공급자 덤핑방지 관세율(%) 일본 1. 미쓰비시(Mitsubishi Paper Mills Ltd.)와 그 기업의 제 품을 수출하는 자 16.23 2. 니폰(Nippon Paper Industries Co., Ltd.)과 그 기업의 제품을 수출하는 자 16.23 3. 그 밖의 공급자 16.23 중국 4. 첸밍(Shouguang Meilun Co., Ltd., Nanchang Chenming Paper Co., Ltd.)과 그 기업의 제품을 수출하는 자 16.23 5. 유피엠 차이나[UPM(China) Co., Ltd.]와 그 기업의 제 품을 수출하는 자 16.23 6. 골드이스트[Gold East Paper(Jiangsu) Co., Ltd.]와 그 기업의 제품을 수출하는 자 16.23 7. 그 밖의 공급자 16.23 핀란드 8. 유피엠(UPM Communication Paper OY)과 그 기업의 제품을 수출하는 자 8.22 9. 스토라엔소(Stora Enso Publication Papers OY)와 그 기업의 제품을 수출하는 자 12.94 10. 그 밖의 공급자 12.94 비고: 제10호의 공급자가 제8호의 공급자와 「관세법 시행령」 제23조제1항에 따른 특수관계가 있는 경우에는 제10호의 공급자에 대한 덤핑방지관세율에도 불 구하고 그와 특수관계가 있는 제8호의 공급자에 대한 덤핑방지관세율을 적용 한다."
262217,20240430,이집트산 백색 시멘트에 대한 덤핑방지관세 부과에 관한 규칙,이집트산백색시멘트,기획재정부령,제1065호,2024-04-30,2024-04-30,제정,3,제2조(부과대상 물품) 덤핑방지관세가 부과되는 물품은 이집트산 백색 시멘트( 「관세법 시행령」 제98조 제1항 에 따른 관세ㆍ통계통합품목분류표의 품목번호 제2523.21.0000호에 해당하는 것을 말한다)로 한다. || 제3조(부과대상 물품의 공급자 및 덤핑방지관세율) 제2조 에 따른 부과대상 물품의 공급자와 그 공급자별 덤핑방지관세율은 별표 와 같다.,,2523.21.0000,,5,,,"<기획재정부령 제1065호, 2024. 4. 30.> 제1조(시행일) 이 규칙은 공포한 날부터 시행한다. 제2조(유효기간) 이 규칙은 공포한 날부터 5년간 효력을 가진다. 제3조(잠정조치가 적용된 물품에 관한 적용례) 이 규칙은 2023년 11월 15일 이후 수입신고된 물품부터 적용한다.",[별표 ] 부과대상 물품의 공급자와 그 공급자별 덤핑방지관세율(제3조 관련),,,,■ 이집트산 백색 시멘트에 대한 덤핑방지관세 부과에 관한 규칙 [별표] 부과대상 물품의 공급자와 그 공급자별 덤핑방지관세율(제3조 관련) 공급국 공급자 덤핑방지 관세율(%) 이집트 1. 로얄시멘트(Royal El Minya Cement Co.)와 그 관계사 및 그 기업의 제품을 수출하는 자 60.83 2. 알바트로스 시멘트 트레이딩(Albatros International Ceme nt Trading Ltd.)과 그 관계사 및 그 기업의 제품을 수출하 는 자 60.83 3. 그 밖의 공급자 60.83
263781,20240702,중국산 침엽수 합판에 대한 덤핑방지관세 부과에 관한 규칙,중국산침엽수합판,기획재정부령,제1074호,2024-07-02,2024-07-02,제정,3,제2조(부과대상 물품) 덤핑방지관세가 부과되는 물품은 중국산 합판[세 개 이상의 단판(單板)을 층층이 쌓아 접착한 것으로서 「관세법 시행령」 제98조 제1항 에 따른 관세ㆍ통계통합품목분류표의 품목번호 제4412.39.9000호 또는 제4412.99.1000호에 해당하는 것을 말한다]으로서 다음 각 호의 요건을 모두 갖춘 것으로 한다. 1. 전체 두께가 6밀리미터(㎜) 이상일 것 2. 양쪽 겉면의 단판이 침엽수 목재일 것 3. 단판의 섬유 방향이 다른 단판의 섬유 방향과 교차할 것 || 제3조(부과대상 물품의 공급자 및 덤핑방지관세율) 제2조 에 따른 부과대상 물품의 공급자와 그 공급자별 덤핑방지관세율은 별표 와 같다.,,4412.39.9000;4412.99.1000,,5,,,"<기획재정부령 제1074호, 2024. 7. 2.> 제1조(시행일) 이 규칙은 공포한 날부터 시행한다. 제2조(유효기간) 이 규칙은 공포한 날부터 5년간 효력을 가진다. 제3조(재심사기간 중 덤핑방지조치가 적용된 물품에 관한 적용례) 이 규칙은 2023년 11월 6일 이후 수입신고된 물품부터 적용한다.",[별표 ] 부과대상 물품의 공급자별 덤핑방지관세율(제3조 관련),,,,"■ 중국산 침엽수 합판에 대한 덤핑방지관세 부과에 관한 규칙 [별표] 부과대상 물품의 공급자별 덤핑방지관세율(제3조 관련) 공급국 공급자 덤핑방지 관세율(%) 중국 1. 꿰이강 동하이(Guigang Donghai Wood Co., Ltd.)와 그 회사의 제품을 수출하는 자 7.15 2. 다음 각 목의 회사와 그 회사의 제품을 수출하는 자 가. 진허(Guigang Jinhe Wood Co., Ltd.) 나. 자허(Guigang Gangnan District Jiahe Lumber Co., Ltd.) 7.15 3. 바이파(Zhangzhou Baifar Wood Industrial Co., Ltd.) 와 그 회사의 제품을 수출하는 자 7.15 4. 다음 각 목의 회사와 그 회사의 제품을 수출하는 자 가. 창해(Guangxi Guigang City Changhai Lumber Co., Ltd.) 나. 성저(Guangxi Guigang City Shengzhe Lumber Co., Ltd.) 7.15 5. 롱위(Qingdao Longyu Timber Co., Ltd.)와 그 회사 의 제품을 수출하는 자 7.15 6. 그 밖의 공급자 7.15 비고: 제6호의 공급자가 제1호부터 제5호까지의 공급자와 「관세법 시행령」 제23 조제1항에 따른 특수관계가 있는 경우에는 제6호의 공급자에 대한 덤핑방 지관세율에도 불구하고 그와 특수관계가 있는 제1호부터 제5호까지의 공급 자에 대한 덤핑방지관세율을 적용한다."
263783,20240702,중국산 합판에 대한 덤핑방지관세 부과에 관한 규칙,중국산합판,기획재정부령,제1073호,2024-07-02,2024-07-02,제정,3,"제2조(부과대상 물품) 덤핑방지관세가 부과되는 물품은 중국산 합판( 「관세법 시행령」 제98조 제1항 에 따른 관세ㆍ통계통합품목분류표의 품목번호 제4412.31호, 제4412.33호 또는 제4412.34호에 해당하는 것을 말한다) 중 두께가 6밀리미터(㎜) 이상인 것으로 한다. || 제3조(부과대상 물품의 공급자 및 덤핑방지관세율) 제2조 에 따른 부과대상 물품의 공급자와 그 공급자별 덤핑방지관세율은 별표 와 같다.",,4412.31;4412.33;4412.34,,5,,,"<기획재정부령 제1073호, 2024. 7. 2.> 제1조(시행일) 이 규칙은 공포한 날부터 시행한다. 제2조(유효기간) 이 규칙은 공포한 날부터 5년간 효력을 가진다. 제3조(재심사기간 중 덤핑방지조치가 적용된 물품에 관한 적용례) 이 규칙은 2023년 11월 6일 이후 수입신고된 물품부터 적용한다.",[별표 ] 부과대상 물품의 공급자별 덤핑방지관세율(제3조 관련),,,,"■ 중국산 합판에 대한 덤핑방지관세 부과에 관한 규칙 [별표] 부과대상 물품의 공급자별 덤핑방지관세율(제3조 관련) 공급국 공급자 덤핑방지 관세율(%) 중국 1. 꿰이강 동하이(Guigang Donghai Wood Co., Ltd.) 및 그 회사의 제품을 수출하는 자 5.14 2. 난닝 진룬(Nanning Jinlun Woods Co., Ltd.) 및 그 회사 의 제품을 수출하는 자 3.30 3. 산동신강(ShanDong Xingang Group Co., Ltd.) 및 그 회 사의 제품을 수출하는 자 27.21 4. 다음 각 목의 회사 및 그 회사의 제품을 수출하는 자 가. 창해(Guangxi Guigang City Changhai Limber Co., Ltd.) 나. 성저(Guangxi Guigang City Shengzhe Lumber Co., Ltd.) 27.21 5. 뤼천(Nanning Hengxian Lvchen Wood Products Co., Ltd.) 및 그 회사의 제품을 수출하는 자 27.21 6. 리안윤강 얀타이(Lian Yungang Yuantai International Trade Co., Ltd.) 및 그 회사의 제품을 수출하는 자 27.21 7. 다음 각 목의 회사 및 그 회사의 제품을 수출하는 자 가. 꿰이강 웨이추앙(Guigang Weichuang Wood Co., Ltd.) 나. 꿰이강 지에셍(Guigang Jiesheng Wood Co., Ltd.) 다. 광시 링샨 웨이추앙(Guangxi Lingshan Weichuang Wood Co., Ltd.) 27.21 8. 그 밖의 공급자 18.85 비고: 제8호의 공급자가 제1호부터 제7호까지의 공급자와 「관세법 시행령」 제23조 제1항에 따른 특수관계가 있는 경우에는 제8호의 공급자에 대한 덤핑방지 관세율에도 불구하고 그와 특수관계가 있는 제1호부터 제7호까지의 공급자 에 대한 덤핑방지관세율을 적용한다."
263789,20240702,말레이시아산 합판에 대한 덤핑방지관세 부과에 관한 규칙,말레이시아산합판,기획재정부령,제1075호,2024-07-02,2024-07-02,제정,3,"제2조(부과대상 물품) 덤핑방지관세가 부과되는 물품은 말레이시아산 합판( 「관세법 시행령」 제98조 제1항 에 따른 관세ㆍ통계통합품목분류표의 품목번호 제4412.31호, 제4412.33호 또는 제4412.34호에 해당하는 것을 말한다) 중 두께가 6밀리미터(㎜) 이상인 것으로 한다. || 제3조(부과대상 물품의 공급자 및 덤핑방지관세율) 제2조 에 따른 부과대상 물품의 공급자와 그 공급자별 덤핑방지관세율은 별표 와 같다.",,4412.31;4412.33;4412.34,,5,,,"<기획재정부령 제1075호, 2024. 7. 2.> 제1조(시행일) 이 규칙은 공포한 날부터 시행한다. 제2조(유효기간) 이 규칙은 공포한 날부터 5년간 효력을 가진다. 제3조(재심사기간 중 덤핑방지조치가 적용된 물품에 관한 적용례) 이 규칙은 2023년 11월 6일 이후 수입신고된 물품부터 적용한다.",[별표 ] 부과대상 물품의 공급자별 덤핑방지관세율(제3조 관련),,,,■ 말레이시아산 합판에 대한 덤핑방지관세 부과에 관한 규칙 [별표] 부과대상 물품의 공급자별 덤핑방지관세율(제3조 관련) 공급국 공급자 덤핑방지 관세율(%) 말레 이시아 1. 다음 각 목의 회사 및 그 회사의 제품을 수출하는 자 가. 신양(Shin Yang Plywood SDN BHD) 나. 포레스컴(Forescom Plywood SDN BHD) 다. 신양빈툴루(Shin Yang Plywood Bintulu SDN BHD) 라. 제드티(Zedtee Plywood SDN BHD) 7.82 2. 수부르 티아사(Subur Tiasa Plywood SDN BHD) 및 그 회사의 제품을 수출하는 자 38.10 3. 자야 티아사(Jaya Tiasa Timber Products SDN BHD) 및 그 회사의 제품을 수출하는 자 38.10 4. 화센(Hwa Sen Veneer and Plywood Industries SDN BHD) 및 그 회사의 제품을 수출하는 자 4.73 5. 시노라(Sinora SDN BHD) 및 그 회사의 제품을 수출 하는 자 38.10 6. 그 밖의 공급자 10.67 비고: 제6호의 공급자가 제1호부터 제5호까지의 공급자와 「관세법 시행령」 제23조제1항에 따른 특수관계가 있는 경우에는 제6호의 공급자에 대한 덤 핑방지관세율에도 불구하고 그와 특수관계가 있는 제1호부터 제5호까지의 공급자에 대한 덤핑방지관세율을 적용한다.
263817,20240702,베트남산 합판에 대한 덤핑방지관세 부과에 관한 규칙,베트남산합판,기획재정부령,제1076호,2024-07-02,2024-07-02,제정,3,"제2조(부과대상 물품) 덤핑방지관세가 부과되는 물품은 베트남산 합판( 「관세법 시행령」 제98조 제1항 에 따른 관세ㆍ통계통합품목분류표의 품목번호 제4412.31호, 제4412.33호, 제4412.34호, 제4412.39호, 제4412.91호, 제4412.92호 또는 제4412.99호에 해당하는 것을 말한다) 중 두께가 6밀리미터(㎜) 이상인 것으로 한다. || 제3조(부과대상 물품의 공급자 및 덤핑방지관세율) 제2조 에 따른 부과대상 물품의 공급자와 그 공급자별 덤핑방지관세율은 별표 와 같다.",,4412.31;4412.33;4412.34;4412.39;4412.91;4412.92;4412.99,,5,,,"<기획재정부령 제1076호, 2024. 7. 2.> 제1조(시행일) 이 규칙은 공포한 날부터 시행한다. 제2조(유효기간) 이 규칙은 공포한 날부터 5년간 효력을 가진다. 제3조(재심사기간 중 덤핑방지조치가 적용된 물품에 관한 적용례) 이 규칙은 2023년 11월 6일 이후 수입신고된 물품부터 적용한다.",[별표 ] 부과대상 물품의 공급자별 덤핑방지관세율(제3조 관련),,,,■ 베트남산 합판에 대한 덤핑방지관세 부과에 관한 규칙 [별표] 부과대상 물품의 공급자별 덤핑방지관세율(제3조 관련) 공급국 공급자 덤핑방지 관세율(%) 베트남 1. 사비(SAVI CO. LTD)와 그 회사의 제품을 수출하 는 자 23.74 2. 탄훙(Thanh Hung Import-Export Company Limited) 과 그 회사의 제품을 수출하는 자 9.80 3. 준마 푸토(Junma Phu Tho Company Limited) 및 그 회사의 제품을 수출하는 자 31.28 4. 키우티 준마(Cong Ty Tnhh Mot Thanh Vien Kieu Thi Junma) 및 그 회사의 제품을 수출하는 자 31.28 5. 옌바이(Yen Bai Wood Industry Company Limited) 와 그 회사의 제품을 수출하는 자 9.78 6. 롱쟈(Rongjia Woods Vietnam Company Limited) 와 그 회사의 제품을 수출하는자 31.28 7. 다음 각 목의 회사와 그 회사의 제품을 수출하는 자 가. 티티티케이(TTTK Co. Ltd) 나. 티티티케이 타이응우옌(TTTK Thai Nguyen Co. Ltd) 다. 티티티케이 트레이딩(TTTK Trading Co. Ltd) 11.46 8. 그 밖의 공급자 13.94 비고: 제8호의 공급자가 제1호부터 제7호까지의 공급자와 「관세법 시행령」 제23 조제1항에 따른 특수관계가 있는 경우에는 제8호의 공급자에 대한 덤핑방 지관세율에도 불구하고 그와 특수관계가 있는 제1호부터 제7호까지의 공급 자에 대한 덤핑방지관세율을 적용한다.
266901,20241130,중국산 폴리(에틸렌 테레프탈레이트)에 대한 덤핑방지관세 부과에 관한 규칙,중국산폴리(에틸렌테레프탈레이트),기획재정부령,제1090호,2024-11-29,2024-11-30,제정,3,제2조(부과대상 물품) 덤핑방지관세가 부과되는 물품은 중국산 폴리(에틸렌 테레프탈레이트)( 「관세법 시행령」 제98조 제1항 에 따른 관세ㆍ통계통합품목분류표의 품목번호 제3907.61.0000호에 해당하는 것을 말한다) 중 폴리(에틸렌 테레프탈레이트) 수지로 한다. || 제3조(부과대상 물품의 공급자 및 덤핑방지관세율) 제2조 에 따른 부과대상 물품의 공급자와 그 공급자별 덤핑방지관세율은 별표 와 같다.,,3907.61.0000,,5,,,"<기획재정부령 제1090호, 2024. 11. 29.> 제1조(시행일) 이 규칙은 2024년 11월 30일부터 시행한다. 제2조(유효기간) 이 규칙은 공포한 날부터 5년간 효력을 가진다. 제3조(잠정조치가 적용된 물품에 관한 적용례) 이 규칙은 2024년 7월 30일 이후 수입신고된 물품부터 적용한다.",[별표 ] 부과대상 물품의 공급자와 그 공급자별 덤핑방지관세율(제3조 관련),,,,"■ 중국산 폴리(에틸렌 테레프탈레이트)에 대한 덤핑방지관세 부과에 관한 규칙 [별표] 부과대상 물품의 공급자와 그 공급자별 덤핑방지관세율(제3조 관련) 공급국 공급자 덤핑방지관 세율(%) 중국 1. 다음 각 목의 회사와 그 관계사 및 그 회사의 제품을 수출하는 자 가. 하이난 이셩(Hainan Yisheng Petrochemical Co., Ltd.) 나. 이셩 다후와(Yisheng Dahua Petrochemical Co., Ltd.) 다. 하이난 이셩 무역(Hainan Yisheng Trading Co., Ltd.) 라. 하이난 헝룽 무역(Hainan Hengrong Trading Co., Ltd.) 7.00 2. 다음 각 목의 회사와 그 관계사 및 그 회사의 제품을 수출하는 자 가. 씨알씨(China Resources Chemical Innovative Materials Co., Ltd.) 나. 주하이 씨알씨(Zhuhai China Resources Chemical Innovative Materials Co., Ltd.) 다. 씨알씨 뉴 머티리얼(China Resources Chemicals New Materials Co., Ltd) 7.98 3. 그 밖의 공급자 7.98 비고: 제3호의 공급자가 제1호의 공급자와 「관세법 시행령」 제23조제1항에 따 른 특수관계가 있는 경우에는 제3호의 공급자에 대한 덤핑방지관세율에도 불 구하고 그와 특수관계가 있는 제1호의 공급자에 대한 덤핑방지관세율을 적용 한다."
270953,20250425,중국ㆍ인도네시아 및 태국산 폴리프로필렌 연신필름에 대한 덤핑방지관세 부과에 관한 규칙,중국·인도네시아및태국산폴리프로필렌연신필름,기획재정부령,제1125호,2025-04-25,2025-04-25,제정,3,"제2조(부과대상 물품) 덤핑방지관세가 부과되는 물품은 중국ㆍ인도네시아 및 태국산 폴리프로필렌 연신필름( 「관세법 시행령」 제98조 제1항 에 따른 관세ㆍ통계통합품목분류표의 품목번호 제3920.20.0000호 또는 제3921.90.2000호에 해당하는 것을 말한다) 중 두께가 10마이크로미터(㎛) 이상인 것으로 한다. 다만, 별표 1 에 규정된 물품은 제외한다. || 제3조(부과대상 물품의 공급자 및 덤핑방지관세율) 제2조 에 따른 부과대상 물품의 공급자와 그 공급자별 덤핑방지관세율은 별표 2 와 같다.","다만, 별표 1 에 규정된 물품은 제외한다.",3920.20.0000;3921.90.2000,,,,,"<기획재정부령 제1125호, 2025. 4. 25.> 이 규칙은 공포한 날부터 시행한다.",[별표 1] 덤핑방지관세 부과대상에서 제외되는 물품(제2조 단서 관련) | [별표 2] 부과대상 물품의 공급자별 덤핑방지관세율(제3조 관련),Y,"■ 중국ㆍ 인도네시아 및 태국산 폴리프로필렌 연신필름에 대한 덤핑방지관세 부과에 관한 규칙 [별표 1] 덤핑방지관세 부과대상에서 제외되는 물품(제2조 단서 관련) 공급국 공급자 모델명 두께(㎛) 인도네 시아 인도폴리(PT Indopoly Swakarsa Industry Tbk.) DHR 18 SHO 23, 25 SHR 18, 20, 25 SHRV 25 DHSH 18 아르가(PT Argha Karya Prima Industry Tbk.) PSP 20 PXAS 23 PXA 20, 23, 33 트리아스(PT Trias Sentosa Tbk.) HSS 18, 19.5 THSS 18 THSSO 18 THSWO 18 HSB 17.6",,"■ 중국ㆍ 인도네시아 및 태국산 폴리프로필렌 연신필름에 대한 덤핑방지관세 부과에 관한 규칙 [별표 2] 부과대상 물품의 공급자별 덤핑방지관세율(제3조 관련) 공급국 공급자 덤핑방지 관세율(%) 중국 1. 다음 각 목의 회사 및 그 회사의 제품을 수출하는 자 가. 슈캉(Jiangsu Shukang Packing Material Co., Ltd.) 나. 헝창(Jiangsu Hengchuang Packing Material Co., Ltd.) 다. 상량테크(Jiangsu Shuangliang Technology Co., Ltd.) 라. 상량그룹(Jiangsu Shuangliang Group Co., Ltd.) 마. 홍다 트레이딩(Jiangyin Hongda Trading Co., Ltd.) 바. 상량브랜치(Jiangsu Shuangliang Group Co., Ltd. Sales Branch) 3.30 2. 다음 각 목의 회사 및 그 회사의 제품을 수출하는 자 가. 데크로패키지(Guangdong Decro Package Films Co., Ltd.) 나. 데크로필름(Guangdong Decro Film New Materials Co., Ltd.) 다. 데크로홍콩[Decro New Material(H.K.) Co., Ltd.] 라. 데크로이운(Guangdong Shunde Decro Yiyun Technology Ltd. Liability Company) 2.50 3. 궈펑(Anhui Guofeng New Materials Co., Ltd.) 및 그 회사의 제품을 수출하는 자 5.19 4. 종산(Zhongshan New Asia Adhesive Products Co., Ltd.) 및 그 회사의 제품을 수출하는 자 25.04 5. 다음 각 목의 회사 및 그 회사의 제품을 수출하는 자 가. 킨리드(Zhejiang Kinlead Innovative Materials Co., Ltd.) 나. 킨윈(Kinwin Plastic Industrial Co., Ltd.) 다. 울트라패스트(Ultra Fast Development Limited) 25.04 6. 다음 각 목의 회사 및 그 회사의 제품을 수출하는 자 가. 수저우쿤린(Suzhou Kunlene Film Industries Co., Ltd.) 나. 운난쿤린(Yunnan Kunlene Film Industries Co., Ltd.) 25.04 7. 그 밖의 공급자 7.40 비고: 제7호ㆍ 제12호 또는 제15호의 공급자가 제1호부터 제6호까지의 공급자, 제8호 부터 제11호까지의 공급자 또는 제13호ㆍ 제14호의 공급자와 「관세법 시행 령」 제23조제1항에 따른 특수관계가 있는 경우에는 제7호ㆍ 제12호 또는 제15 호의 공급자에 대한 덤핑방지관세율에도 불구하고 그와 특수관계에 있는 공급 자의 덤핑방지관세율을 적용한다. 인도 네시아 8. 인도폴리(PT Indopoly Swakarsa Industry Tbk.) 및 그 회사 의 제품을 수출하는 자 3.19 9. 아르가(PT Argha Karya Prima Industry Tbk.) 및 그 회사의 제품을 수출하는 자 3.82 10. 트리아스(PT Trias Sentosa Tbk.) 및 그 회사의 제품을 수 출하는 자 4.03 11. 롯데패키징(PT Lotte Packaging) 및 그 회사의 제품을 수출 하는 자 0.00 12. 그 밖의 공급자 5.98 태국 13. 에이제이피(A.J. Plast Public Co., Ltd.) 및 그 회사의 제품 을 수출하는 자 3.49 14. 타이필름(Thai Film Industries Public Co. Ltd.) 및 그 회사 의 제품을 수출하는 자 10.55 15. 그 밖의 공급자 10.55"
271185,20250516,중국ㆍ인도네시아 및 대만산 스테인리스강 평판압연에 대한 덤핑방지관세 부과에 관한 규칙,중국·인도네시아및대만산스테인리스강평판압연,기획재정부령,제1126호,2025-05-16,2025-05-16,제정,4,"제2조(부과대상 물품) 덤핑방지관세가 부과되는 물품은 중국ㆍ인도네시아 및 대만산 스테인리스강 평판압연(「관세법 시행령」 제98조제1항에 따른 관세ㆍ통계통합품목분류표의 품목번호 제7219.12.1010호, 제7219.12.1090호, 제7219.12.9000호, 제7219.13.1010호, 제7219.13.1090호, 제7219.13.9000호, 제7219.14.1010호, 제7219.14.1090호, 제7219.14.9000호, 제7219.22.1010호, 제7219.22.1090호, 제7219.22.9000호, 제7219.23.1010호, 제7219.23.1090호, 제7219.23.9000호, 제7219.24.1010호, 제7219.24.1090호, 제7219.24.9000호, 제7219.31.1010호, 제7219.31.1090호, 제7219.31.9000호, 제7219.32.1010호, 제7219.32.1090호, 제7219.32.9000호, 제7219.33.1010호, 제7219.33.1090호, 제7219.33.9000호, 제7219.34.1010호, 제7219.34.1090호, 제7219.34.9000호, 제7219.35.1010호, 제7219.35.1090호, 제7219.35.9000호, 제7219.90.1010호, 제7219.90.1090호, 제7219.90.9000호, 제7220.11.1010호, 제7220.11.1090호, 제7220.11.9000호, 제7220.12.1010호, 제7220.12.1090호, 제7220.12.9000호, 제7220.20.1010호, 제7220.20.1090호, 제7220.20.9000호, 제7220.90.1010호, 제7220.90.1090호 또는 제7220.90.9000호에 해당하는 것을 말한다) 중 두께가 8밀리미터(㎜) 이하인 것으로 한다. 다만, 별표 1에 규정된 물품은 제외한다.","다만, 별표 1에 규정된 물품은 제외한다.",7219.12.1010;7219.12.1090;7219.12.9000;7219.13.1010;7219.13.1090;7219.13.9000;7219.14.1010;7219.14.1090;7219.14.9000;7219.22.1010;7219.22.1090;7219.22.9000;7219.23.1010;7219.23.1090;7219.23.9000;7219.24.1010;7219.24.1090;7219.24.9000;7219.31.1010;7219.31.1090;7219.31.9000;7219.32.1010;7219.32.1090;7219.32.9000;7219.33.1010;7219.33.1090;7219.33.9000;7219.34.1010;7219.34.1090;7219.34.9000;7219.35.1010;7219.35.1090;7219.35.9000;7219.90.1010;7219.90.1090;7219.90.9000;7220.11.1010;7220.11.1090;7220.11.9000;7220.12.1010;7220.12.1090;7220.12.9000;7220.20.1010;7220.20.1090;7220.20.9000;7220.90.1010;7220.90.1090;7220.90.9000,"제3조(부과대상 공급자) ① 덤핑방지관세가 부과되는 공급자는 제2조 본문에 따른 부과대상 물품의 공급자로 한다. ② 제1항에도 불구하고 기획재정부장관이 「관세법」 제54조제1항에 따른 가격수정에 관한 약속을 수락한 별표 2에 규정된 공급자는 제1항에 따른 부과대상 공급자에서 제외한다. 다만, 해당 가격수정에 관한 약속을 이행하지 않은 경우에는 덤핑방지관세를 부과한다.",,,,"<기획재정부령 제1126호, 2025. 5. 16.> 이 규칙은 공포한 날부터 시행한다.",[별표 1] 덤핑방지관세 부과대상에서 제외되는 물품(제2조 단서 관련) | [별표 2] 부과대상 공급자에서 제외되는 공급자(제3조제2항 본문 관련) | [별표 3] 부과대상 물품의 공급자별 덤핑방지관세율(제4조 관련),Y,"■ 중국ㆍ 인도네시아 및 대만산 스테인리스강 평판압연에 대한 덤핑방지관세 부과에 관한 규칙 [별표 1] 덤핑방지관세 부과대상에서 제외되는 물품(제2조 단서 관련) 1. 미국재료시험협회(ASTM: American Society for Testing Materials) 규격상 S312 54, S31803, S32050, S32205, S32750 및 N08367에 해당하는 강종(鋼種)의 제품 2. 니켈계(니켈이 함유된 것을 말하며, 니켈과 다른 원소가 함께 함유된 것을 포함 한다)이고 니켈 함유량이 전체 중량의 6% 미만이며 망간 함유량이 전체 중량의 3% 이상인 200계 제품(「관세법 시행령」제98조제1항에 따른 관세ㆍ 통계통합품목 분류표의 품목번호 제7219.12.1010호, 제7219.13.1010호, 제7219.14.1010호, 제7219.22. 1010호, 제7219.23.1010호, 제7219.24.1010호, 제7219.31.1010호, 제7219.32.1010호, 제721 9.33.1010호, 제7219.34.1010호, 제7219.35.1010호, 제7219.90.1010호, 제7220.11.1010호, 제 7220.12.1010호, 제7220.20.1010호 또는 제7220.90.1010호에 해당하는 것을 말한다) 3. 폭이 2,000밀리미터 이상인 열간압연 제품 4. 미국재료시험협회 규격상 316 또는 316L에 해당하는 강종으로서 두께가 3.0밀리 미터 이상 4.0밀리미터 이하이고 폭이 1,524밀리미터 이상인 열간압연 제품 5. 중국국가표준(GB: GuoBiao)상 2Cr13, 3Cr13, 4Cr13, 6Cr13에 해당하는 강종으로 서 두께가 3밀리미터 이하이고 폭이 400밀리미터 이하이며 경도가 250HV 이상 35 0HV 이하인 제품 6. 다음 각 목의 요건을 모두 갖춘 제품 가. 규소 함유량이 전체 중량의 0.3% 이상 0.6% 이하일 것 나. 망간 함유량이 전체 중량의 0.9% 이상 1.3% 이하일 것 다. 니켈 함유량이 전체 중량의 10.0% 이상 11.5% 이하일 것 라. 크롬 함유량이 전체 중량의 18.0% 이상 19.5% 이하일 것 마. 황 함유량이 전체 중량의 0.005% 이하일 것 바. 구리 함유량이 전체 중량의 0.01% 이하일 것 사. 인 함유량이 전체 중량의 0.013% 이하일 것 아. 탄소 함유량이 전체 중량의 0.015% 이하일 것 자. 질소 함유량이 전체 중량의 0.025% 이하일 것 차. 몰리브덴 함유량이 전체 중량의 0.3% 이하일 것 카. 두께가 0.34밀리미터 이상 0.36밀리미터 이하일 것 7. 0.05밀리미터 두께의 니트릴 부타디엔 고무(Nitrile Butadiene Rubber)가 양면에 코팅된 스테인리스강 냉간압연제품으로서 다음 각 목의 요건을 모두 갖춘 제품 가. 니켈 함유량이 전체 중량의 6% 이상 8% 이하일 것 나. 크롬 함유량이 전체 중량의 16% 이상 18% 이하일 것 다. 황 함유량이 전체 중량의 0.03% 이하일 것 라 인 함유량이 전체 중량의 0.045% 이하일 것 마. 질소 함유량이 전체 중량의 0.1% 이하일 것 바. 탄소 함유량이 전체 중량의 0.15% 이하일 것 사. 규소 함유량이 전체 중량의 1% 이하일 것 아. 망간 함유량이 전체 중량의 2% 이하일 것 자. 두께(니트릴 부타디엔 고무 코팅을 제외한 부분의 두께를 말한다)가 0.2밀리미 터일 것 || ■ 중국ㆍ 인도네시아 및 대만산 스테인리스강 평판압연에 대한 덤핑방지관세 부과에 관한 규칙 [별표 2] 부과대상 공급자에서 제외되는 공급자(제3조제2항 본문 관련) 공급국 공급자 중국 1. 산시타이강(Shanxi Taigang Stainless Steel Co., Ltd.)과 다음 각 목의 관계사 가. 티스코홍콩[TISCO Stainless Steel (H.K.) Limited] 나. 티스코트레이딩[TISCO Trading (H.K.) LTD.] 다. 타이강보세(Shanxi Taigang Bonded & Comprehensive Service Co., LTD.) 2. 리스코(ANGANG LIANZHONG STAINLESS STEEL CORPORA TION) 인도네시아 3. 인니청산(PT. INDONESIA TSINGSHAN STAINLESS STEEL)과 다음 각 목의 관계사 가. 광칭(PT. INDONESIA GUANG CHING NICKEL AND STAIN LESS STEEL INDUSTRY) 나. 루이푸(PT. INDONESIA RUIPU NICKEL AND CHROME AL LOY) 다. 이터널청산(ETERNAL TSINGSHAN GROUP LIMITED) 라. 골든하버(GOLDEN HARBOUR INTERNATIONAL PTE. LTD.) 대만 4. 유스코(Yieh United Steel Corporation)와 다음 각 목의 관계사 가. 이예마우(Yieh Mau Corp.) 나. 탕엉(Tang Eng Iron Works Co., Ltd.) 다. 와이씨엘(Yieh Corporation Limited) 5. 왈신(Walsin Lihwa Corporation)",,"■ 중국ㆍ 인도네시아 및 대만산 스테인리스강 평판압연에 대한 덤핑방지관세 부과에 관한 규칙 [별표 3] 부과대상 물품의 공급자별 덤핑방지관세율(제4조 관련) 공급국 공급자 덤핑방지 관세율(%) 중국 1. 산시타이강(Shanxi Taigang Stainless Steel Co., Ltd.) 과 그 관계사인 다음 각 목의 기업의 제품을 수출하는 자 가. 톈진타이강(Tianjin Taigang & TPCO Stainless Steel Co., Ltd.) 나. 산시정밀(Shanxi Taigang Stainless Steel Precision Strip Co., Ltd.) 23.69 2. 리스코(ANGANG LIANZHONG STAINLESS STEEL CORPORATION)와 그 기업의 제품을 수출하는 자 25.82 3. 그 밖의 공급자 24.83 인도네시아 4. 인니청산(PT. INDONESIA TSINGSHAN STAINLESS STEEL)과 그 관계사인 다음 각 목의 기업의 제품을 수 출하는 자 가. 광칭(PT. INDONESIA GUANG CHING NICKEL AND STAINLESS STEEL INDUSTRY) 나. 루이푸(PT. INDONESIA RUIPU NICKEL AND C HROME ALLOY) 25.82 5. 그 밖의 공급자 25.82 대만 6. 유스코(Yieh United Steel Corporation)와 그 관계사인 다음 각 목의 기업의 제품을 수출하는 자 가. 이예마우(Yieh Mau Corp.) 나. 탕엉(Tang Eng Iron Works Co., Ltd.) 9.47 7. 왈신(Walsin Lihwa Corporation)과 그 기업의 제품을 수출하는 자 7.17 8. 그 밖의 공급자 9.07 비고: 제3호ㆍ 제5호 또는 제8호의 공급자가 제1호ㆍ 제2호ㆍ 제4호ㆍ 제6호 또 는 제7호의 공급자와 「관세법 시행령」 제23조제1항에 따른 특수관계가 있는 경우에는 제3호ㆍ 제5호 또는 제8호의 공급자에 대한 덤핑방지관세율 에도 불구하고 그와 특수관계에 있는 공급자의 덤핑방지관세율을 적용한다."
272835,20250711,베트남산 스테인리스강 냉간압연에 대한 덤핑방지관세 부과에 관한 규칙,베트남산스테인리스강냉간압연,기획재정부령,제1129호,2025-07-11,2025-07-11,제정,3,"제2조(부과대상 물품) 덤핑방지관세가 부과되는 물품은 베트남산 스테인리스강 냉간압연( 「관세법 시행령」 제98조 제1항 에 따른 관세ㆍ통계통합품목분류표의 품목번호 제7219.31.1010호, 제7219.31.1090호, 제7219.31.9000호, 제7219.32.1010호, 제7219.32.1090호, 제7219.32.9000호, 제7219.33.1010호, 제7219.33.1090호, 제7219.33.9000호, 제7219.34.1010호, 제7219.34.1090호, 제7219.34.9000호, 제7219.35.1010호, 제7219.35.1090호, 제7219.35.9000호, 제7219.90.1010호, 제7219.90.1090호, 제7219.90.9000호, 제7220.20.1010호, 제7220.20.1090호, 제7220.20.9000호, 제7220.90.1010호, 제7220.90.1090호 또는 제7220.90.9000호에 해당하는 것을 말한다)으로 한다.",,7219.31.1010;7219.31.1090;7219.31.9000;7219.32.1010;7219.32.1090;7219.32.9000;7219.33.1010;7219.33.1090;7219.33.9000;7219.34.1010;7219.34.1090;7219.34.9000;7219.35.1010;7219.35.1090;7219.35.9000;7219.90.1010;7219.90.1090;7219.90.9000;7220.20.1010;7220.20.1090;7220.20.9000;7220.90.1010;7220.90.1090;7220.90.9000,제3조(부과대상 공급자 및 덤핑방지관세율) 제2조 에 따른 부과대상 물품의 공급자와 그 공급자별 덤핑방지관세율은 별표 와 같다.,,,,"<기획재정부령 제1129호, 2025. 7. 11.> 이 규칙은 공포한 날부터 시행한다.",[별표 ] 부과대상 물품의 공급자와 그 공급자별 덤핑방지관세율(제3조 관련),,,,"■ 베트남산 스테인리스강 냉간압연에 대한 덤핑방지관세 부과에 관한 규칙 [별표] 부과대상 물품의 공급자와 그 공급자별 덤핑방지관세율(제3조 관련) 공급국 공급자 덤핑방지 관세율(%) 베트남 1. 용진 메탈 테크놀로지 베트남[Yongjin Metal Technolog y (Vietnam) Co., Ltd.]과 그 회사의 제품을 수출하는 자 18.81 2. 다음 각 목의 회사와 그 회사의 제품을 수출하는 자 가. 티브이엘 (TVL Joint Stock Company) 나. 티브이엘 스틸 프로덕션 앤드 컨스트럭션(TVL Steel Pr oduction And Construction Joint Stock Company) 11.37 3. 그 밖의 공급자 11.37 비고: 제3호의 공급자가 제1호 또는 제2호의 공급자와 「관세법 시행령」 제23 조제1항에 따른 특수관계가 있는 경우에는 제3호의 공급자에 대한 덤핑방 지관세율에도 불구하고 그와 특수관계에 있는 공급자의 덤핑방지관세율을 적용한다."
273137,20250801,중국 및 대만산 석유수지에 대한 덤핑방지관세 부과에 관한 규칙,중국및대만산석유수지,기획재정부령,제1139호,2025-08-01,2025-08-01,제정,3,"제2조(부과대상 물품) 덤핑방지관세가 부과되는 물품은 중국 및 대만산 석유수지( 「관세법 시행령」 제98조 제1항 에 따른 관세ㆍ통계통합품목분류표의 품목번호 제3911.10.1000호에 해당하는 것을 말한다)로 한다. 다만, 연화점(軟化點)이 섭씨 130도 이상인 C9 계열의 석유수지는 제외한다.","다만, 연화점(軟化點)이 섭씨 130도 이상인 C9 계열의 석유수지는 제외한다.",3911.10.1000,제3조(부과대상 공급자 및 덤핑방지관세율) 제2조 에 따른 부과대상 물품의 공급자와 그 공급자별 덤핑방지관세율은 별표 와 같다.,,,,"<기획재정부령 제1139호, 2025. 8. 1.> 이 규칙은 공포한 날부터 시행한다.",[별표 ] 부과대상 물품의 공급자와 그 공급자별 덤핑방지관세율(제3조 관련),,,,"■ 중국 및 대만산 석유수지에 대한 덤핑방지관세 부과에 관한 규칙 [별표] 부과대상 물품의 공급자와 그 공급자별 덤핑방지관세율(제3조 관련) 공급국 공급자 덤핑방지 관세율(%) 중국 1. 다음 각 목의 회사와 그 관계사 및 그 회사의 제품을 수출하 는 자 가. 헝허(Henghe Materials & Science Technology Co., Ltd.) 나. 용화(Ningbo Yonghua Resin Co., Ltd.) 다. 헝허 난징[Henghe (Nanjing) Materials Technology Co., Ltd.] 3.07 2. 다음 각 목의 회사와 그 관계사 및 그 회사의 제품을 수출하 는 자 가. 텐진루화(Tianjin Luhua Hongjin New Material Technology Co., Ltd.) 나. 우한루화(Wuhan Luhua Hongjin New Material Co., Ltd.) 다. 쯔보루화(Zibo Luhua Hongjin New Material Group Co., Ltd.) 라. 푸젠루화(Fujian Fuhua Luhua New Material Co., Ltd.) 마. 상해루화(Shanghai Luhua Chemical Technology Co., Ltd.) 바. 청도루화(Qingdao Yanggu Luhua New Materials Co., Ltd.) 3.50 3. 진하이(Ningbo Jinhai Chenguang Chemical Corporation)와 그 관계사 및 그 회사의 제품을 수출하는 자 2.26 4. 그 밖의 공급자 3.50 대만 5. 다음 각 목의 회사와 그 관계사 및 그 회사의 제품을 수출하 는 자 가. 아로켐(Arochem Corporation) 나. 웬량(Yuen Liang Industrial & Co., Ltd.) 7.07 6. 추엔화(Chuen Huah Chemical Co., Ltd.)와 그 관계사 및 그 회사의 제품을 수출하는 자 18.52 7. 그 밖의 공급자 7.07 비고: 제4호 또는 제7호의 공급자가 제1호ㆍ 제2호ㆍ 제3호ㆍ 제5호 또는 제6호의 공급자와 「관세법 시행령」 제23조제1항에 따른 특수관계가 있는 경우에는 제4호 또는 제7 호의 공급자에 대한 덤핑방지관세율에도 불구하고 그와 특수관계에 있는 공급자의 덤핑방지관세율을 적용한다."
273633,20250905,중국산 스테인리스강 후판에 대한 덤핑방지관세 부과에 관한 규칙,중국산스테인리스강후판,기획재정부령,제1140호,2025-09-05,2025-09-05,제정,3,"제2조(부과대상 물품) 덤핑방지관세가 부과되는 물품은 중국산 스테인리스강 후판(厚板)( 「관세법 시행령」 제98조 제1항 에 따른 관세ㆍ통계통합품목분류표의 품목번호 제7219.21.1010호, 제7219.21.1090호, 제7219.21.9000호, 제7219.22.1010호, 제7219.22.1090호 또는 제7219.22.9000호에 해당하는 것을 말한다)으로 한다. 다만, 다음 각 호의 어느 하나에 해당하는 물품은 제외한다. 1. 스테인리스 슬래브를 열간(熱間) 상태에서 압연한 후 생산한 코일 형태의 제품 2. 스테인리스 슬래브를 열간 상태에서 압연한 후 생산한 흑판(black plate) 형태의 제품 3. 두께가 8밀리미터 이하이고 폭이 2천밀리미터 미만인 제품 4. 미국재료시험협회(ASTM : American Society for Testing Materials) 규격 904L 강종(鋼種)의 제품 || 제3조(부과대상 물품의 공급자 및 덤핑방지관세율) 제2조 에 따른 부과대상 물품의 공급자와 그 공급자별 덤핑방지관세율은 별표 와 같다.","다만, 다음 각 호의 어느 하나에 해당하는 물품은 제외한다. 1. 스테인리스 슬래브를 열간(熱間) 상태에서 압연한 후 생산한 코일 형태의 제품 2. 스테인리스 슬래브를 열간 상태에서 압연한 후 생산한 흑판(black plate) 형태의 제품 3. 두께가 8밀리미터 이하이고 폭이 2천밀리미터 미만인 제품 4. 미국재료시험협회(ASTM : American Society for Testing Materials) 규격 904L 강종(鋼種)의 제품",7219.21.1010;7219.21.1090;7219.21.9000;7219.22.1010;7219.22.1090;7219.22.9000,,,,,"<기획재정부령 제1140호, 2025. 9. 5.> 이 규칙은 공포한 날부터 시행한다.",[별표 ] 부과대상 물품의 공급자별 덤핑방지관세율(제3조 관련),,,,"■ 중국산 스테인리스강 후판에 대한 덤핑방지관세 부과에 관한 규칙 [별표] 부과대상 물품의 공급자별 덤핑방지관세율(제3조 관련) 공급국 공급자 덤핑방지 관세율(%) 중국 1. 다음 각 목의 회사와 그 관계사 및 그 회사의 제품을 수출하는 자 가. 스촹(Schuang International Development Ltd.) 나. STX 재팬(STX Japan Corporation) 다. 베스트 윈(Best Win International Co., Ltd.) 라. 장쑤(Jiangsu Daekyung Stainless Steel Co., Ltd.) 21.62 2. 그 밖의 공급자"
279931,20251124,중국산 탄소강 및 그 밖의 합금강 열간압연 후판에 대한 덤핑방지관세 부과에 관한 규칙,중국산탄소강및그밖의합금강열간압연후판,기획재정부령,제1145호,2025-11-24,2025-11-24,제정,4,"제2조(부과대상 물품) 덤핑방지관세가 부과되는 물품은 중국산 탄소강 및 그 밖의 합금강 열간압연 후판(厚板)(「관세법 시행령」 제98조제1항에 따른 관세ㆍ통계통합품목분류표의 품목번호 제7208.51.1000호, 제7208.51.9000호, 제7208.52.1000호, 제7208.52.9000호, 제7225.40.9010호, 제7225.40.9091호 또는 제7225.40.9099호에 해당하는 것을 말한다) 중 다음 각 호의 요건을 모두 갖춘 것으로 한다. 다만, 별표 1에 규정된 물품은 제외한다. 1. 두께가 4.75밀리미터(㎜) 이상일 것 2. 폭이 600밀리미터 이상일 것 3. 코일(coil) 모양이 아닐 것 4. 냉간압연(冷間壓延)을 하지 않은 것일 것","다만, 별표 1에 규정된 물품은 제외한다. 1. 두께가 4.75밀리미터(㎜) 이상일 것 2. 폭이 600밀리미터 이상일 것 3. 코일(coil) 모양이 아닐 것 4. 냉간압연(冷間壓延)을 하지 않은 것일 것",7208.51.1000;7208.51.9000;7208.52.1000;7208.52.9000;7225.40.9010;7225.40.9091;7225.40.9099,"제3조(부과대상 공급자) ① 덤핑방지관세가 부과되는 공급자는 제2조에 따른 부과대상 물품의 공급자로 한다. ② 제1항에도 불구하고 기획재정부장관이 「관세법」 제54조제1항에 따른 가격수정에 관한 약속을 수락한 별표 2에 규정된 공급자는 제1항에 따른 부과대상 공급자에서 제외한다. 다만, 해당 가격수정에 관한 약속을 이행하지 않은 경우에는 덤핑방지관세를 부과한다.",,,,"<기획재정부령 제1145호, 2025. 11. 24.> 이 규칙은 공포한 날부터 시행한다.",[별표 1] 덤핑방지관세 부과대상에서 제외되는 물품(제2조 각 호 외의 부분 단서 관련) | [별표 2] 부과대상 공급자에서 제외되는 공급자(제3조제2항 본문 관련) | [별표 3] 부과대상 물품의 공급자별 덤핑방지관세율(제4조 관련),Y,"■ 중국산 탄소강 및 그 밖의 합금강 열간압연 후판에 대한 덤핑방지관세 부과에 관 한 규칙 [별표 1] 덤핑방지관세 부과대상에서 제외되는 물품(제2조 각 호 외의 부분 단서 관련) 1. 「관세법 시행령」 제98조제1항에 따른 관세ㆍ 통계통합품목분류표의 품목번호 제 7208.51.1000호 또는 제7208.51.9000호에 해당하는 것 중 다음 각 목의 제품 가. 미국기계기술자협회(American Society of Mechanical Engineers, 이하 ""AS ME""라 한다) 규격 SA516-70(두께 134밀리미터 이상) 나. ASME 규격 SA299-Grade B(두께 50밀리미터 이상) 다. ASME 규격 SA302-Grade B 라. ASME 규격 SA302-Grade C || ■ 중국산 탄소강 및 그 밖의 합금강 열간압연 후판에 대한 덤핑방지관세 부과에 관한 규칙 [별표 2] 부과대상 공급자에서 제외되는 공급자(제3조제2항 본문 관련) 공급국 공급자 중국 1. 다음 각 목의 회사 가. 바오 스틸(Baoshan Iron & Steel Co., Ltd.) 나. 우한 스틸(Wuhan Iron & Steel Co., Ltd.) 다. 메이산 스틸(Shanghai Meishan Iron & Steel Co., Ltd.), 라. 바오스틸 짠쟝(Baosteel Zhanjiang Iron & Steel Co., Ltd.) 마. 산동 르자오(Shandong Iron And Steel Group Rizhao Co., Ltd.) 바. 가목부터 마목까지의 기업의 제품을 수출하는 호와 무역(Howa Trading Co., Ltd.) 2. 장수 사강(Jiangsu Shagang Steel Co., Ltd.)과 그 기업의 제품을 수출하는 다음 각 목의 관계사 가. 장수 사강 국제(Jiangsu Shagang International Trade Co., Ltd.) 나. 사강 싱가포르[Shagang International (Singapore) Pte. Ltd.] 다. 콴탁 국제[Kwan Tak International (Singapore) Pte. Ltd.] 3. 샹탄 스틸(Hunan Valin Xiangtan Iron And Steel Co., Ltd.)과 그 기업의 제품을 수출하는 샹탄 싱가포르[Xisc (Singapore) Pte. Ltd.] 4. 안강 스틸(Angang Steel Co., Ltd)과 그 기업의 제품을 수출하는 안강 홍콩(Angang Group Hong Kong Co., Ltd) 5. 쟝인 싱청(Jiangyin Xingcheng Special Steel Works Co., Ltd.) 6. 난징 스틸(Nanjing Iron and Steel Co., Ltd.)과 그 기업의 제품을 수출하는 다음 각 목의 관계사 가. 싱가포르 진텅 국제(Singapore Jinteng International Pte. Ltd.) 나. 난징 국제(Nanjing Iron and Steel Group International Trade Co., Ltd.) 7. 징예 강판[Jingye (Yingkou) Medium Plate Co., Ltd.]과 그 기업의 제품을 수출하는 다음 각 목의 관계사 가. 징예 싱가포르[Jingye International (Singapore) Company Pte. Ltd.] 나. 징예 홍콩[Jingye International (HK) Co., Ltd] 다. 탑 홍콩[Top (HK) Commodities International Limited] 라. 유에스알 국제(USR International Limited) 마. 케이에스씨 홍콩(KSC Hongkong Limited) 바. 큐믹 스틸(Cumic Steel Limited) 8. 중푸 한단[Zhongpu (Handan) Iron And Steel Co., Ltd.]과 그 기업 의 제품을 수출하는 다음 각 목의 관계사 가. 허베이 푸양(Hebei Puyang New Material Industry Co., Ltd.) 나. 하이난 푸양(Hainan Puyang Supply Chain Management Co., Ltd.) 9. 허강 우양(HBIS Wuyang Iron and Steel Co., Ltd.)과 그 기업의 제품을 수출하는 유에스알 국제(USR International Limited)",,"■ 중국산 탄소강 및 그 밖의 합금강 열간압연 후판에 대한 덤핑방지관세 부과에 관한 규칙 [별표 3] 부과대상 물품의 공급자별 덤핑방지관세율(제4조 관련) 공급국 공급자 규격 덤핑방지 관세율 (%) 중국 1. 바오 스틸(Baoshan Iron & Steel Co., Ltd.)과 그 관계사 및 그 기업 의 제품을 수출하는 자 1. 비고 1에 해당하는 물품 2. 기타 0 27.91 2. 장수 사강(Jiangsu Shagang Steel Co., Ltd.)과 그 관계사 및 그 기업 의 제품을 수출하는 자 1. 비고 1에 해당하는 물품 2. 기타 0 29.62 3. 샹탄 스틸(Hunan Valin Xiangtan Iron And Steel Co., Ltd.)과 그 관 계사 및 그 기업의 제품을 수출하 는 자 1. 비고 1에 해당하는 물품 2. 기타 0 32.32 4. 사이노 인터내셔널(Sino Commodities International Pte. Ltd.)과 그 기업 의 제품을 수출하는 자 1. 비고 1에 해당하는 물품 2. 기타 0 34.10 5. 샤먼 아이티지(Xiamen ITG AI Cloud Solutions Co., Ltd.)와 그 기업의 제품을 수출하는 자 6. 그 밖의 공급자 비고 1. 「관세법 시행령」 제98조제1항에 따른 관세ㆍ 통계통합품목분류표의 품목번호 제7225.40.9010호에 해당하는 것 중 다음 각 목의 제품으로서 「건설기계관 리법」 제2조제1항제1호에 따른 건설기계 또는 「소방장비관리법 시행령」 별표 1 제1호가목에 따른 소방자동차에 사용되는 용도로 「관세법」 제83조 제1항 본문에 따라 신청하였거나 같은 항 단서에 따라 승인받은 것 가. 내마모강 후판: 중국국가표준 GB/T 24186의 NM400, NM500 강종(鋼種) 으로 아래의 요건을 모두 충족하는 것 1) 두께가 120밀리미터 이하일 것 2) 폭이 2,600밀리미터 이하일 것 3) 표면경도가 브리넬 경도(HBW) 370 이상 550 이하일 것 4) 인장강도가 980메가파스칼(MPa) 이상일 것 나. 고장력강 후판: 유럽연합기준(EN) 10025-6 S890Q 규격 또는 10025-6 S960QL 규격으로 아래의 요건을 모두 충족하는 것 1) 탄소(C) 함유량이 전체 중량의 0.38퍼센트 이하일 것 2) 규소(Si) 함유량이 전체 중량의 0.80퍼센트 이하일 것 3) 망간(Mn) 함유량이 전체 중량의 2.10퍼센트 이하일 것 4) 인(P) 함유량이 전체 중량의 0.025퍼센트 이하일 것 5) 황(S) 함유량이 전체 중량의 0.015퍼센트 이하일 것 6) 크롬(Cr) 함유량이 전체 중량의 1.50퍼센트 이하일 것 7) 충격 테스트(Impact Test) 섭씨 마이너스 20도 기준 평균값이 34줄(J) 이상이거나 섭씨 마이너스 40도 기준 평균값이 27줄 이상일 것 8) 연신율(Elongation)이 9퍼센트 이상일 것 9) 인장강도가 980메가파스칼(MPa) 이상일 것 2. 제6호의 공급자가 제1호부터 제5호까지의 공급자와 「관세법 시행령」 제23조 제1항에 따른 특수관계가 있는 경우에는 제6호의 공급자에 대한 덤핑방지관세율 에도 불구하고 그와 특수관계가 있는 공급자에 대한 덤핑방지관세율을 적용한다."
280249,20251205,태국산 파티클보드에 대한 덤핑방지관세 부과에 관한 규칙,태국산파티클보드,기획재정부령,제1147호,2025-12-05,2025-12-05,제정,3,"제2조(부과대상 물품) 덤핑방지관세가 부과되는 물품은 태국산 파티클보드(particle board)( 「관세법 시행령」 제98조 제1항 에 따른 관세ㆍ통계통합품목분류표의 품목번호 제4410.11.1000호에 해당하는 것을 말한다)로 한다. 다만, 표면을 피복한 파티클보드는 제외한다. || 제3조(부과대상 물품의 공급자 및 덤핑방지관세율) 제2조 에 따른 부과대상 물품의 공급자와 그 공급자별 덤핑방지관세율은 별표 와 같다.","다만, 표면을 피복한 파티클보드는 제외한다.",4410.11.1000,,,,,"<기획재정부령 제1147호, 2025. 12. 5.> 이 규칙은 공포한 날부터 시행한다.",[별표 ] 부과대상 물품의 공급자와 그 공급자별 덤핑방지관세율(제3조 관련),,,,"■ 태국산 파티클보드에 대한 덤핑방지관세 부과에 관한 규칙 [별표] 부과대상 물품의 공급자와 그 공급자별 덤핑방지관세율(제3조 관련) 공급국 공급자 덤핑방지 관세율(%) 태국 1. 메트로 파티클(Metro Particle Co., Ltd.)과 그 기업의 제 품을 수출하는 자 13.03 2. 메트로 인더스트리얼 파크(Metro Industrial Park Co., Ltd.)와 그 기업의 제품을 수출하는 자 13.03 3. 그린 리버 패널 트랑(Green River Panels Trang Thailand Co., Ltd.)과 그 관계사 및 그 기업의 제품을 수출하는 자 13.67 4. 바나차이 그룹(Vanachai Group)과 그 관계사 및 그 기업의 제품을 수출하는 자 15.18 5. 그 밖의 공급자 14.28 비고: 제5호의 공급자가 제1호부터 제4호까지의 공급자와 「관세법 시행령」 제23 조제1항에 따른 특수관계가 있는 경우에는 제5호의 공급자에 대한 덤핑방지 관세율에도 불구하고 그와 특수관계에 있는 공급자의 덤핑방지관세율을 적 용한다."
280335,20251217,중국산 아이티온산나트륨(차아황산소다)에 대한 덤핑방지관세 부과에 관한 규칙,중국산아이티온산나트륨(차아황산소다),기획재정부령,제1149호,2025-12-17,2025-12-17,제정,3,제2조(부과대상 물품) 덤핑방지관세가 부과되는 물품은 「관세법 시행령」 제98조 제1항 에 따른 관세ㆍ통계통합품목분류표의 품목번호 제2831.10.1000호에 해당하는 중국산 아이티온산나트륨(차아황산소다)로 한다. || 제3조(부과대상 물품의 공급자 및 덤핑방지관세율) 제2조 에 따른 부과대상 물품의 공급자와 그 공급자별 덤핑방지관세율은 별표 와 같다.,,2831.10.1000,,,,,"<기획재정부령 제1149호, 2025. 12. 17.> 이 규칙은 공포한 날부터 시행한다.",[별표 ] 부과대상 물품의 공급자와 그 공급자별 덤핑방지관세율(제3조 관련),,,,"■ 중국산 아이티온산나트륨(차아황산소다)에 대한 덤핑방지관세 부과에 관한 규칙 [별표] 부과대상 물품의 공급자와 그 공급자별 덤핑방지관세율(제3조 관련) 공급국 공급자 덤핑방지 관세율(%) 중국 1. 다음 각 목의 기업과 그 관계사 및 그 기업의 제품을 수 출하는 자 가. 진허(Jinhe Sodium Hydrosulfite Factory Co., Ltd.) 나. 진하이(Yantai Jinhai Chemicals Co., Ltd.) 12.87 2. 마오밍(Guangdi Maoming Chemical Co., Ltd.)과 그 관계사 및 그 기업의 제품을 수출하는 자 33.97 3. 그 밖의 공급자 33.97 비고: 제3호의 공급자가 제1호 또는 제2호의 공급자와 「관세법 시행령」 제23조 제1항에 따른 특수관계가 있는 경우에는 제3호의 공급자에 대한 덤핑방지 관세율에도 불구하고 그와 특수관계에 있는 공급자의 덤핑방지관세율을 적용한다."
282685,20260102,중국ㆍ베트남산 이음매 없는 동관에 대한 덤핑방지관세 부과에 관한 규칙,중국·베트남산이음매없는동관,재정경제부령,제1호,2026-01-02,2026-01-02,타법개정,3,"제2조(부과대상 물품) 덤핑방지관세가 부과되는 물품은 중국ㆍ베트남산 이음매 없는 동관( 「관세법 시행령」 제98조 제1항 에 따른 관세ㆍ통계통합품목분류표의 품목번호 제7411.10.0000호에 해당하는 것을 말한다) 중 다음 각 호의 요건을 모두 갖춘 것으로 한다. 1. 바깥지름이 3.80밀리미터(mm) 이상 28.58밀리미터(mm) 이하인 것 2. 두께가 0.20밀리미터(mm) 이상 2.00밀리미터(mm) 이하인 것[관 내부가 홈 가공된 제품은 저면(bottom wall) 두께를 기준으로 한다] 3. 길이가 50미터(m) 이상인 것 || 제3조(부과대상 물품의 공급자 및 덤핑방지관세율) ① 제2조 에 따른 부과대상 물품의 공급자와 그 공급자별 덤핑방지관세율은 별표 1 과 같다. ② 제1항에도 불구하고 재정경제부장관이 「관세법」 제54조 제1항 에 따른 가격수정에 관한 약속을 수락한 별표 2 각 호의 공급자는 부과대상 공급자에서 제외한다. 다만, 해당 가격수정에 관한 약속을 이행하지 않은 경우에는 별표 1 에 따른 덤핑방지관세를 부과한다. <개정 2026. 1. 2.>","② 제1항에도 불구하고 재정경제부장관이 「관세법」 제54조 제1항 에 따른 가격수정에 관한 약속을 수락한 별표 2 각 호의 공급자는 부과대상 공급자에서 제외한다. 다만, 해당 가격수정에 관한 약속을 이행하지 않은 경우에는 별표 1 에 따른 덤핑방지관세를 부과한다. <개정 2026. 1. 2.>",7411.10.0000,,5,,,"<기획재정부령 제964호, 2023. 3. 2.> 제1조(시행일) 이 규칙은 공포한 날부터 시행한다. 제2조(유효기간) 이 규칙은 공포한 날부터 5년간 효력을 가진다. 제3조(덤핑방지관세 부과에 관한 적용례) 이 규칙은 이 규칙 시행 이후 수입신고된 물품부터 적용한다. <재정경제부령 제1호, 2026. 1. 2.> (재정경제부 직제 시행규칙) 제1조(시행일) 이 규칙은 2026년 1월 2일부터 시행한다. 제2조 및 제3조 생략 제4조(다른 법령의 개정) ①부터 ㊼까지 생략 ㊽ 중국ㆍ베트남산 이음매 없는 동관에 대한 덤핑방지관세 부과에 관한 규칙 일부를 다음과 같이 개정한다. 제3조제2항 본문 중 “기획재정부장관”을 “재정경제부장관”으로 한다. ㊾부터 <56>까지 생략",[별표 1] 부과대상 물품의 공급자와 그 공급자별 덤핑방지관세율(제3조제1항 관련) | [별표 2] 부과대상 공급자에서 제외되는 공급자(제3조제2항 본문 관련),Y,"■ 중국ㆍ 베트남산 이음매 없는 동관에 대한 덤핑방지관세 부과에 관한 규칙 [별표 2] 부과대상 공급자에서 제외되는 공급자(제3조제2항 본문 관련) 공급국 공급자 중국 1. 금룡신샹[Golden Dragon Precise Copper Tube (Xinxiang) Co., Ltd.]과 그 관계사인 다음 각 목의 기업 가. 금룡그룹(Golden Dragon Precise Copper Tube Group Inc.) 나. 상하이롱양(Shanghai Longyang Precise Compound Copper Tube Co., Ltd.) 다. 장수캉후안(Jiangsu Canghuan Copper Products Co., Ltd.) 리. 광동롱펑(Guangdong Longfeng Precise Copper Tube Co., Ltd.) 마. 롱커우롱펑(Longkou Longpeng Precise Copper Tube Co., Ltd.) 바. 충칭롱유(Chongqing Longyu Precision Copper Tube Co., Ltd.) 사. 허난롱휘(Henan Longhui Copper Industry Co., Ltd.) 2. 닝보진티엔(Ningbo Jintian Copper Tube Co., Ltd.)과 그 관계사인 장수싱롱 (Jiangsu Xingrong Copper Co., Ltd.) 또는 해당 기업의 제품을 수출하는 다 음 각 목의 자 가. 닝보진티엔그룹[Ningbo Jintian Copper (Group) Co. Ltd.] 나. 닝보진티엔수출입(NINGBO JINTIAN IMPORT & EXPORT CO., LTD.) 다. 광동진티엔(GUANGDONG JINTIAN COPPER CO., LTD.) 3. 상하이하이량(Shanghai Hailiang Copper Co., Ltd.)과 그 관계사인 다음 각 목 의 기업 가. 하이량올탑[Hailiang Alltop Tube (Guangdong) Ltd.] 나. 저장하이량(Zhejiang Hailiang Co., Ltd.) 베트남 4. 진티엔베트남[Jintian Copper Industrial (Vietnam) Company Limited]과 그 기업의 제품을 수출하는 홍콩메이타임(Hongkong Maytime International Industry Limited) 5. 하이량베트남[Hailiang (Vietnam) Copper Manufacturing Co., Ltd.]과 그 기업의 제품을 수출하는 홍콩하이량(Hong Kong Hailiang Metal Trading Limited)",,"■ 중국ㆍ 베트남산 이음매 없는 동관에 대한 덤핑방지관세 부과에 관한 규칙 [별표 1] 부과대상 물품의 공급자와 그 공급자별 덤핑방지관세율(제3조제1항 관련) 공급국 공급자 덤핑방지 관세율 (%) 중국 1. 금룡신샹[Golden Dragon Precise Copper Tube (Xinxiang) Co., Ltd.]과 그 관계사인 다음 각 목의 기업 또는 해당 기업의 제품을 수출하는 자 가. 금룡그룹(Golden Dragon Precise Copper Tube Group Inc.) 나. 상하이롱양(Shanghai Longyang Precise Compound Copper Tube Co., Ltd.) 다. 장수캉후안(Jiangsu Canghuan Copper Products Co., Ltd.) 라. 광동롱펑(Guangdong Longfeng Precise Copper Tube Co., Ltd.) 마. 롱커우롱펑(Longkou Longpeng Precise Copper Tube Co., Ltd.) 바. 충칭롱유(Chongqing Longyu Precision Copper Tube Co., Ltd.) 사. 허난롱휘(Henan Longhui Copper Industry Co., Ltd.) 18.12 2. 닝보진티엔(Ningbo Jintian Copper Tube Co., Ltd.)과 그 관계사 인 장수싱롱(Jiangsu Xingrong Copper Co., Ltd.) 또는 해당 기업 의 제품을 수출하는 자 18.12 3. 상하이하이량(Shanghai Hailiang Copper Co., Ltd.)과 그 관계사 인 다음 각 목의 기업 또는 해당 기업의 제품을 수출하는 자 가. 광동하이량(Guangdong Hailiang Copper Industry Co., Ltd.) 나. 하이량안휘[Hailiang (Anhui) Copper Co., Ltd.] 다. 하이량올탑[Hailiang Alltop Tube (Guangdong) Ltd.] 라. 저장하이량(Zhejiang Hailiang Co., Ltd.) 마. 충칭하이량(Chongqing Hailiang Copper Industry Co., Ltd.) 16.52 4. 그 밖의 공급자 18.12 베트남 5. 진티엔베트남[Jintian Copper Industrial (Vietnam) Company Limited]과 그 기업의 제품을 수출하는 자 9.98 6. 하이량베트남[Hailiang (Vietnam) Copper Manufacturing Co., Ltd.]과 그 기업의 제품을 수출하는 자 14.78 7. 그 밖의 공급자 11.63 비고: 제4호 또는 제7호의 공급자가 제1호ㆍ 제2호ㆍ 제3호ㆍ 제5호 또는 제6호의 공급자와 「관세법 시행령」 제23조제1항에 따른 특수관계가 있는 경우에는 제4호 또는 제7호의 덤핑방지관세율에도 불구하고 그와 특수관계가 있는 제1 호ㆍ 제2호ㆍ 제3호ㆍ 제5호 또는 제6호의 공급자에 대한 덤핑방지관세율을 적 용한다."
282687,20260102,중국산 에이치(H) 형강에 대한 덤핑방지관세의 부과에 관한 규칙,중국산에이치(H)형강,재정경제부령,제1호,2026-01-02,2026-01-02,타법개정,4,"제2조(부과대상 물품) 덤핑방지관세가 부과되는 물품은 중국산 에이치(H) 형강[「관세법 시행령」 제98조제1항에 따른 관세ㆍ통계통합품목분류표 번호 제7216.33.3000호, 제7216.33.4000호, 제7216.33.5000호, 제7228.70.1010호, 제7228.70.1090호에 해당하는 것을 말한다] 중 다음 각 호의 요건을 모두 갖춘 것으로 한다. 1. 상하 및 좌우 대칭 형태일 것 2. 「산업표준화법」 제12조에 따른 한국산업표준에 따라 측정한 높이가 80밀리미터 이상일 것",,7216.33.3000;7216.33.4000;7216.33.5000;7228.70.1010;7228.70.1090,"제3조(부과대상 공급자) ① 덤핑방지관세가 부과되는 공급자는 제2조에 따른 부과대상 물품의 공급자로 한다. ② 제1항에도 불구하고 재정경제부장관이 「관세법」 제54조제1항에 따른 가격수정에 관한 약속을 수락한 별표 1 각 호의 공급자는 부과대상 공급자에서 제외한다. 다만, 해당 가격수정에 관한 약속을 이행하지 않은 경우에는 덤핑방지관세를 부과한다. <개정 2026. 1. 2.>",5,,,"<기획재정부령 제851호, 2021. 3. 30.> 제1조(시행일) 이 규칙은 공포한 날부터 시행한다. 제2조(유효기간) 이 규칙은 공포한 날부터 5년간 효력을 가진다. 제3조(재심사기간 중 덤핑방지조치가 적용된 물품의 적용례) 이 규칙은 2020년 7월 30일 이후 수입신고된 물품부터 적용한다. <재정경제부령 제1호, 2026. 1. 2.> (재정경제부 직제 시행규칙) 제1조(시행일) 이 규칙은 2026년 1월 2일부터 시행한다. 제2조 및 제3조 생략 제4조(다른 법령의 개정) ①부터 ㊽까지 생략 ㊾ 중국산 에이치(H) 형강에 대한 덤핑방지관세의 부과에 관한 규칙 일부를 다음과 같이 개정한다. 제3조제2항 본문 중 “기획재정부장관”을 “재정경제부장관”으로 한다. ㊿부터 <56>까지 생략",[별표 1] 부과대상 공급자에서 제외되는 공급자(제3조제2항 본문 관련) | [별표 2] 덤핑방지관세율(제4조 관련),Y,"■ 중국산 에이치(H) 형강에 대한 덤핑방지관세의 부과에 관한 규칙 [별표 1] 부과대상 공급자에서 제외되는 공급자(제3조제2항 본문 관련) 공급자 1. 라이우스틸(Shandong Iron and Steel Company Ltd. Laiwu Company)과 그 기 업의 제품을 수출하는 다음 각 목의 기업 가. Shandong Laiwu Steel International Corp. 나. Eldon Development Limited 다. Shandong Steel International Co., Ltd. 2. 르자오스틸(Rizhao Medium Section Mill Co., Ltd.)과 그 기업의 제품을 수출하 는 다음 각 목의 기업 가. Rizhao Steel Holding Group Co., Ltd. 나. Bright Ruby Resources Pte. Limited 다. Baohua Steel International Pte. Limited 3. 안타이스틸(Shanxi Antai H-beam Co., Ltd.)과 그 기업의 제품을 수출하는 다 음 각 목의 기업 가. Jiexiu Yian Industry Co., Ltd. 나. Shanxi Antai International Trading Co., Ltd. 다. Everstate Trading(Hong Kong) Limited",,"■ 중국산 에이치(H) 형강에 대한 덤핑방지관세의 부과에 관한 규칙 [별표 2] 덤핑방지관세율(제4조 관련) 공급자 덤핑방지 관세율(%) 1. 마안산스틸(Maanshan Iron & Steel Co., Ltd.)과 그 기업의 제품 을 수출하는 자 32.72 2. 진시스틸(Hebei Jinxi Iron and Steel Group Co., Ltd. 및 Hebei Jinxi Section Steel Co., Ltd.)과 그 기업의 제품을 수출하는 자 3. 바오토우스틸(Inner Mongolia Baotou Steel Union Co., Ltd.)과 그 기업의 제품을 수출하는 자 4. 티엔싱스틸(Tangshan Fengrun Tianxing Iron And Steel Co., Ltd.) 과 그 기업의 제품을 수출하는 자 5. 홍룬스틸(Tangshan Hongrun Steel Co., Ltd.)과 그 기업의 제품 을 수출하는 자 6. 그 밖의 공급자 28.23 비고: 제1호부터 제5호까지의 공급자와 제6호의 “그 밖의 공급자” 사이에 「관세 법 시행령」 제23조제1항에 따른 특수관계가 있는 경우에는 해당하는 “그 밖의 공급자” 에 대해 그와 특수관계가 있는 제1호부터제5호까지의 해당 공 급자에 대한 덤핑방지관세율을 적용한다."
282689,20260102,중국산 탄소강 및 그 밖의 합금강 열간압연 후판에 대한 덤핑방지관세 부과에 관한 규칙,중국산탄소강및그밖의합금강열간압연후판,재정경제부령,제1호,2026-01-02,2026-01-02,타법개정,4,"제2조(부과대상 물품) 덤핑방지관세가 부과되는 물품은 중국산 탄소강 및 그 밖의 합금강 열간압연 후판(厚板)( 「관세법 시행령」 제98조 제1항 에 따른 관세ㆍ통계통합품목분류표의 품목번호 제7208.51.1000호, 제7208.51.9000호, 제7208.52.1000호, 제7208.52.9000호, 제7225.40.9010호, 제7225.40.9091호 또는 제7225.40.9099호에 해당하는 것을 말한다) 중 다음 각 호의 요건을 모두 갖춘 것으로 한다. 다만, 별표 1 에 규정된 물품은 제외한다. 1. 두께가 4.75밀리미터(㎜) 이상일 것 2. 폭이 600밀리미터 이상일 것 3. 코일(coil) 모양이 아닐 것 4. 냉간압연(冷間壓延)을 하지 않은 것일 것","다만, 별표 1 에 규정된 물품은 제외한다. 1. 두께가 4.75밀리미터(㎜) 이상일 것 2. 폭이 600밀리미터 이상일 것 3. 코일(coil) 모양이 아닐 것 4. 냉간압연(冷間壓延)을 하지 않은 것일 것",7208.51.1000;7208.51.9000;7208.52.1000;7208.52.9000;7225.40.9010;7225.40.9091;7225.40.9099,"제3조(부과대상 공급자) ① 덤핑방지관세가 부과되는 공급자는 제2조 에 따른 부과대상 물품의 공급자로 한다. ② 제1항에도 불구하고 재정경제부장관이 「관세법」 제54조 제1항 에 따른 가격수정에 관한 약속을 수락한 별표 2 에 규정된 공급자는 제1항에 따른 부과대상 공급자에서 제외한다. 다만, 해당 가격수정에 관한 약속을 이행하지 않은 경우에는 덤핑방지관세를 부과한다. <개정 2026. 1. 2.>",,,,"<기획재정부령 제1145호, 2025. 11. 24.> 이 규칙은 공포한 날부터 시행한다. <재정경제부령 제1호, 2026. 1. 2.> (재정경제부 직제 시행규칙) 제1조(시행일) 이 규칙은 2026년 1월 2일부터 시행한다. 제2조 및 제3조 생략 제4조(다른 법령의 개정) ①부터 ㊾까지 생략 ㊿ 중국산 탄소강 및 그 밖의 합금강 열간압연 후판에 대한 덤핑방지관세 부과에 관한 규칙 일부를 다음과 같이 개정한다. 제3조제2항 본문 중 “기획재정부장관”을 “재정경제부장관”으로 한다. <51>부터 <56>까지 생략",[별표 1] 덤핑방지관세 부과대상에서 제외되는 물품(제2조 각 호 외의 부분 단서 관련) | [별표 2] 부과대상 공급자에서 제외되는 공급자(제3조제2항 본문 관련) | [별표 3] 부과대상 물품의 공급자별 덤핑방지관세율(제4조 관련),Y,"■ 중국산 탄소강 및 그 밖의 합금강 열간압연 후판에 대한 덤핑방지관세 부과에 관 한 규칙 [별표 1] 덤핑방지관세 부과대상에서 제외되는 물품(제2조 각 호 외의 부분 단서 관련) 1. 「관세법 시행령」 제98조제1항에 따른 관세ㆍ 통계통합품목분류표의 품목번호 제 7208.51.1000호 또는 제7208.51.9000호에 해당하는 것 중 다음 각 목의 제품 가. 미국기계기술자협회(American Society of Mechanical Engineers, 이하 ""AS ME""라 한다) 규격 SA516-70(두께 134밀리미터 이상) 나. ASME 규격 SA299-Grade B(두께 50밀리미터 이상) 다. ASME 규격 SA302-Grade B 라. ASME 규격 SA302-Grade C || ■ 중국산 탄소강 및 그 밖의 합금강 열간압연 후판에 대한 덤핑방지관세 부과에 관한 규칙 [별표 2] 부과대상 공급자에서 제외되는 공급자(제3조제2항 본문 관련) 공급국 공급자 중국 1. 다음 각 목의 회사 가. 바오 스틸(Baoshan Iron & Steel Co., Ltd.) 나. 우한 스틸(Wuhan Iron & Steel Co., Ltd.) 다. 메이산 스틸(Shanghai Meishan Iron & Steel Co., Ltd.), 라. 바오스틸 짠쟝(Baosteel Zhanjiang Iron & Steel Co., Ltd.) 마. 산동 르자오(Shandong Iron And Steel Group Rizhao Co., Ltd.) 바. 가목부터 마목까지의 기업의 제품을 수출하는 호와 무역(Howa Trading Co., Ltd.) 2. 장수 사강(Jiangsu Shagang Steel Co., Ltd.)과 그 기업의 제품을 수출하는 다음 각 목의 관계사 가. 장수 사강 국제(Jiangsu Shagang International Trade Co., Ltd.) 나. 사강 싱가포르[Shagang International (Singapore) Pte. Ltd.] 다. 콴탁 국제[Kwan Tak International (Singapore) Pte. Ltd.] 3. 샹탄 스틸(Hunan Valin Xiangtan Iron And Steel Co., Ltd.)과 그 기업의 제품을 수출하는 샹탄 싱가포르[Xisc (Singapore) Pte. Ltd.] 4. 안강 스틸(Angang Steel Co., Ltd)과 그 기업의 제품을 수출하는 안강 홍콩(Angang Group Hong Kong Co., Ltd) 5. 쟝인 싱청(Jiangyin Xingcheng Special Steel Works Co., Ltd.) 6. 난징 스틸(Nanjing Iron and Steel Co., Ltd.)과 그 기업의 제품을 수출하는 다음 각 목의 관계사 가. 싱가포르 진텅 국제(Singapore Jinteng International Pte. Ltd.) 나. 난징 국제(Nanjing Iron and Steel Group International Trade Co., Ltd.) 7. 징예 강판[Jingye (Yingkou) Medium Plate Co., Ltd.]과 그 기업의 제품을 수출하는 다음 각 목의 관계사 가. 징예 싱가포르[Jingye International (Singapore) Company Pte. Ltd.] 나. 징예 홍콩[Jingye International (HK) Co., Ltd] 다. 탑 홍콩[Top (HK) Commodities International Limited] 라. 유에스알 국제(USR International Limited) 마. 케이에스씨 홍콩(KSC Hongkong Limited) 바. 큐믹 스틸(Cumic Steel Limited) 8. 중푸 한단[Zhongpu (Handan) Iron And Steel Co., Ltd.]과 그 기업 의 제품을 수출하는 다음 각 목의 관계사 가. 허베이 푸양(Hebei Puyang New Material Industry Co., Ltd.) 나. 하이난 푸양(Hainan Puyang Supply Chain Management Co., Ltd.) 9. 허강 우양(HBIS Wuyang Iron and Steel Co., Ltd.)과 그 기업의 제품을 수출하는 유에스알 국제(USR International Limited)",,"■ 중국산 탄소강 및 그 밖의 합금강 열간압연 후판에 대한 덤핑방지관세 부과에 관한 규칙 [별표 3] 부과대상 물품의 공급자별 덤핑방지관세율(제4조 관련) 공급국 공급자 규격 덤핑방지 관세율 (%) 중국 1. 바오 스틸(Baoshan Iron & Steel Co., Ltd.)과 그 관계사 및 그 기업 의 제품을 수출하는 자 1. 비고 1에 해당하는 물품 2. 기타 0 27.91 2. 장수 사강(Jiangsu Shagang Steel Co., Ltd.)과 그 관계사 및 그 기업 의 제품을 수출하는 자 1. 비고 1에 해당하는 물품 2. 기타 0 29.62 3. 샹탄 스틸(Hunan Valin Xiangtan Iron And Steel Co., Ltd.)과 그 관 계사 및 그 기업의 제품을 수출하 는 자 1. 비고 1에 해당하는 물품 2. 기타 0 32.32 4. 사이노 인터내셔널(Sino Commodities International Pte. Ltd.)과 그 기업 의 제품을 수출하는 자 1. 비고 1에 해당하는 물품 2. 기타 0 34.10 5. 샤먼 아이티지(Xiamen ITG AI Cloud Solutions Co., Ltd.)와 그 기업의 제품을 수출하는 자 6. 그 밖의 공급자 비고 1. 「관세법 시행령」 제98조제1항에 따른 관세ㆍ 통계통합품목분류표의 품목번호 제7225.40.9010호에 해당하는 것 중 다음 각 목의 제품으로서 「건설기계관 리법」 제2조제1항제1호에 따른 건설기계 또는 「소방장비관리법 시행령」 별표 1 제1호가목에 따른 소방자동차에 사용되는 용도로 「관세법」 제83조 제1항 본문에 따라 신청하였거나 같은 항 단서에 따라 승인받은 것 가. 내마모강 후판: 중국국가표준 GB/T 24186의 NM400, NM500 강종(鋼種) 으로 아래의 요건을 모두 충족하는 것 1) 두께가 120밀리미터 이하일 것 2) 폭이 2,600밀리미터 이하일 것 3) 표면경도가 브리넬 경도(HBW) 370 이상 550 이하일 것 4) 인장강도가 980메가파스칼(MPa) 이상일 것 나. 고장력강 후판: 유럽연합기준(EN) 10025-6 S890Q 규격 또는 10025-6 S960QL 규격으로 아래의 요건을 모두 충족하는 것 1) 탄소(C) 함유량이 전체 중량의 0.38퍼센트 이하일 것 2) 규소(Si) 함유량이 전체 중량의 0.80퍼센트 이하일 것 3) 망간(Mn) 함유량이 전체 중량의 2.10퍼센트 이하일 것 4) 인(P) 함유량이 전체 중량의 0.025퍼센트 이하일 것 5) 황(S) 함유량이 전체 중량의 0.015퍼센트 이하일 것 6) 크롬(Cr) 함유량이 전체 중량의 1.50퍼센트 이하일 것 7) 충격 테스트(Impact Test) 섭씨 마이너스 20도 기준 평균값이 34줄(J) 이상이거나 섭씨 마이너스 40도 기준 평균값이 27줄 이상일 것 8) 연신율(Elongation)이 9퍼센트 이상일 것 9) 인장강도가 980메가파스칼(MPa) 이상일 것 2. 제6호의 공급자가 제1호부터 제5호까지의 공급자와 「관세법 시행령」 제23조 제1항에 따른 특수관계가 있는 경우에는 제6호의 공급자에 대한 덤핑방지관세율 에도 불구하고 그와 특수관계가 있는 공급자에 대한 덤핑방지관세율을 적용한다."
282691,20260102,중국ㆍ인도네시아 및 대만산 스테인리스강 평판압연에 대한 덤핑방지관세 부과에 관한 규칙,중국·인도네시아및대만산스테인리스강평판압연,재정경제부령,제1호,2026-01-02,2026-01-02,타법개정,4,"제2조(부과대상 물품) 덤핑방지관세가 부과되는 물품은 중국ㆍ인도네시아 및 대만산 스테인리스강 평판압연( 「관세법 시행령」 제98조 제1항 에 따른 관세ㆍ통계통합품목분류표의 품목번호 제7219.12.1010호, 제7219.12.1090호, 제7219.12.9000호, 제7219.13.1010호, 제7219.13.1090호, 제7219.13.9000호, 제7219.14.1010호, 제7219.14.1090호, 제7219.14.9000호, 제7219.22.1010호, 제7219.22.1090호, 제7219.22.9000호, 제7219.23.1010호, 제7219.23.1090호, 제7219.23.9000호, 제7219.24.1010호, 제7219.24.1090호, 제7219.24.9000호, 제7219.31.1010호, 제7219.31.1090호, 제7219.31.9000호, 제7219.32.1010호, 제7219.32.1090호, 제7219.32.9000호, 제7219.33.1010호, 제7219.33.1090호, 제7219.33.9000호, 제7219.34.1010호, 제7219.34.1090호, 제7219.34.9000호, 제7219.35.1010호, 제7219.35.1090호, 제7219.35.9000호, 제7219.90.1010호, 제7219.90.1090호, 제7219.90.9000호, 제7220.11.1010호, 제7220.11.1090호, 제7220.11.9000호, 제7220.12.1010호, 제7220.12.1090호, 제7220.12.9000호, 제7220.20.1010호, 제7220.20.1090호, 제7220.20.9000호, 제7220.90.1010호, 제7220.90.1090호 또는 제7220.90.9000호에 해당하는 것을 말한다) 중 두께가 8밀리미터(㎜) 이하인 것으로 한다. 다만, 별표 1 에 규정된 물품은 제외한다.","다만, 별표 1 에 규정된 물품은 제외한다.",7219.12.1010;7219.12.1090;7219.12.9000;7219.13.1010;7219.13.1090;7219.13.9000;7219.14.1010;7219.14.1090;7219.14.9000;7219.22.1010;7219.22.1090;7219.22.9000;7219.23.1010;7219.23.1090;7219.23.9000;7219.24.1010;7219.24.1090;7219.24.9000;7219.31.1010;7219.31.1090;7219.31.9000;7219.32.1010;7219.32.1090;7219.32.9000;7219.33.1010;7219.33.1090;7219.33.9000;7219.34.1010;7219.34.1090;7219.34.9000;7219.35.1010;7219.35.1090;7219.35.9000;7219.90.1010;7219.90.1090;7219.90.9000;7220.11.1010;7220.11.1090;7220.11.9000;7220.12.1010;7220.12.1090;7220.12.9000;7220.20.1010;7220.20.1090;7220.20.9000;7220.90.1010;7220.90.1090;7220.90.9000,"제3조(부과대상 공급자) ① 덤핑방지관세가 부과되는 공급자는 제2조 본문에 따른 부과대상 물품의 공급자로 한다. ② 제1항에도 불구하고 재정경제부장관이 「관세법」 제54조 제1항 에 따른 가격수정에 관한 약속을 수락한 별표 2 에 규정된 공급자는 제1항에 따른 부과대상 공급자에서 제외한다. 다만, 해당 가격수정에 관한 약속을 이행하지 않은 경우에는 덤핑방지관세를 부과한다. <개정 2026. 1. 2.>",,,,"<기획재정부령 제1126호, 2025. 5. 16.> 이 규칙은 공포한 날부터 시행한다. <재정경제부령 제1호, 2026. 1. 2.> (재정경제부 직제 시행규칙) 제1조(시행일) 이 규칙은 2026년 1월 2일부터 시행한다. 제2조 및 제3조 생략 제4조(다른 법령의 개정) ①부터 ㊿까지 생략 <51> 중국ㆍ인도네시아 및 대만산 스테인리스강 평판압연에 대한 덤핑방지관세 부과에 관한 규칙 일부를 다음과 같이 개정한다. 제3조제2항 본문 중 “기획재정부장관”을 “재정경제부장관”으로 한다. <52>부터 <56>까지 생략",[별표 1] 덤핑방지관세 부과대상에서 제외되는 물품(제2조 단서 관련) | [별표 2] 부과대상 공급자에서 제외되는 공급자(제3조제2항 본문 관련) | [별표 3] 부과대상 물품의 공급자별 덤핑방지관세율(제4조 관련),Y,"■ 중국ㆍ 인도네시아 및 대만산 스테인리스강 평판압연에 대한 덤핑방지관세 부과에 관한 규칙 [별표 1] 덤핑방지관세 부과대상에서 제외되는 물품(제2조 단서 관련) 1. 미국재료시험협회(ASTM: American Society for Testing Materials) 규격상 S312 54, S31803, S32050, S32205, S32750 및 N08367에 해당하는 강종(鋼種)의 제품 2. 니켈계(니켈이 함유된 것을 말하며, 니켈과 다른 원소가 함께 함유된 것을 포함 한다)이고 니켈 함유량이 전체 중량의 6% 미만이며 망간 함유량이 전체 중량의 3% 이상인 200계 제품(「관세법 시행령」제98조제1항에 따른 관세ㆍ 통계통합품목 분류표의 품목번호 제7219.12.1010호, 제7219.13.1010호, 제7219.14.1010호, 제7219.22. 1010호, 제7219.23.1010호, 제7219.24.1010호, 제7219.31.1010호, 제7219.32.1010호, 제721 9.33.1010호, 제7219.34.1010호, 제7219.35.1010호, 제7219.90.1010호, 제7220.11.1010호, 제 7220.12.1010호, 제7220.20.1010호 또는 제7220.90.1010호에 해당하는 것을 말한다) 3. 폭이 2,000밀리미터 이상인 열간압연 제품 4. 미국재료시험협회 규격상 316 또는 316L에 해당하는 강종으로서 두께가 3.0밀리 미터 이상 4.0밀리미터 이하이고 폭이 1,524밀리미터 이상인 열간압연 제품 5. 중국국가표준(GB: GuoBiao)상 2Cr13, 3Cr13, 4Cr13, 6Cr13에 해당하는 강종으로 서 두께가 3밀리미터 이하이고 폭이 400밀리미터 이하이며 경도가 250HV 이상 35 0HV 이하인 제품 6. 다음 각 목의 요건을 모두 갖춘 제품 가. 규소 함유량이 전체 중량의 0.3% 이상 0.6% 이하일 것 나. 망간 함유량이 전체 중량의 0.9% 이상 1.3% 이하일 것 다. 니켈 함유량이 전체 중량의 10.0% 이상 11.5% 이하일 것 라. 크롬 함유량이 전체 중량의 18.0% 이상 19.5% 이하일 것 마. 황 함유량이 전체 중량의 0.005% 이하일 것 바. 구리 함유량이 전체 중량의 0.01% 이하일 것 사. 인 함유량이 전체 중량의 0.013% 이하일 것 아. 탄소 함유량이 전체 중량의 0.015% 이하일 것 자. 질소 함유량이 전체 중량의 0.025% 이하일 것 차. 몰리브덴 함유량이 전체 중량의 0.3% 이하일 것 카. 두께가 0.34밀리미터 이상 0.36밀리미터 이하일 것 7. 0.05밀리미터 두께의 니트릴 부타디엔 고무(Nitrile Butadiene Rubber)가 양면에 코팅된 스테인리스강 냉간압연제품으로서 다음 각 목의 요건을 모두 갖춘 제품 가. 니켈 함유량이 전체 중량의 6% 이상 8% 이하일 것 나. 크롬 함유량이 전체 중량의 16% 이상 18% 이하일 것 다. 황 함유량이 전체 중량의 0.03% 이하일 것 라 인 함유량이 전체 중량의 0.045% 이하일 것 마. 질소 함유량이 전체 중량의 0.1% 이하일 것 바. 탄소 함유량이 전체 중량의 0.15% 이하일 것 사. 규소 함유량이 전체 중량의 1% 이하일 것 아. 망간 함유량이 전체 중량의 2% 이하일 것 자. 두께(니트릴 부타디엔 고무 코팅을 제외한 부분의 두께를 말한다)가 0.2밀리미 터일 것 || ■ 중국ㆍ 인도네시아 및 대만산 스테인리스강 평판압연에 대한 덤핑방지관세 부과에 관한 규칙 [별표 2] 부과대상 공급자에서 제외되는 공급자(제3조제2항 본문 관련) 공급국 공급자 중국 1. 산시타이강(Shanxi Taigang Stainless Steel Co., Ltd.)과 다음 각 목의 관계사 가. 티스코홍콩[TISCO Stainless Steel (H.K.) Limited] 나. 티스코트레이딩[TISCO Trading (H.K.) LTD.] 다. 타이강보세(Shanxi Taigang Bonded & Comprehensive Service Co., LTD.) 2. 리스코(ANGANG LIANZHONG STAINLESS STEEL CORPORA TION) 인도네시아 3. 인니청산(PT. INDONESIA TSINGSHAN STAINLESS STEEL)과 다음 각 목의 관계사 가. 광칭(PT. INDONESIA GUANG CHING NICKEL AND STAIN LESS STEEL INDUSTRY) 나. 루이푸(PT. INDONESIA RUIPU NICKEL AND CHROME AL LOY) 다. 이터널청산(ETERNAL TSINGSHAN GROUP LIMITED) 라. 골든하버(GOLDEN HARBOUR INTERNATIONAL PTE. LTD.) 대만 4. 유스코(Yieh United Steel Corporation)와 다음 각 목의 관계사 가. 이예마우(Yieh Mau Corp.) 나. 탕엉(Tang Eng Iron Works Co., Ltd.) 다. 와이씨엘(Yieh Corporation Limited) 5. 왈신(Walsin Lihwa Corporation)",,"■ 중국ㆍ 인도네시아 및 대만산 스테인리스강 평판압연에 대한 덤핑방지관세 부과에 관한 규칙 [별표 3] 부과대상 물품의 공급자별 덤핑방지관세율(제4조 관련) 공급국 공급자 덤핑방지 관세율(%) 중국 1. 산시타이강(Shanxi Taigang Stainless Steel Co., Ltd.) 과 그 관계사인 다음 각 목의 기업의 제품을 수출하는 자 가. 톈진타이강(Tianjin Taigang & TPCO Stainless Steel Co., Ltd.) 나. 산시정밀(Shanxi Taigang Stainless Steel Precision Strip Co., Ltd.) 23.69 2. 리스코(ANGANG LIANZHONG STAINLESS STEEL CORPORATION)와 그 기업의 제품을 수출하는 자 25.82 3. 그 밖의 공급자 24.83 인도네시아 4. 인니청산(PT. INDONESIA TSINGSHAN STAINLESS STEEL)과 그 관계사인 다음 각 목의 기업의 제품을 수 출하는 자 가. 광칭(PT. INDONESIA GUANG CHING NICKEL AND STAINLESS STEEL INDUSTRY) 나. 루이푸(PT. INDONESIA RUIPU NICKEL AND C HROME ALLOY) 25.82 5. 그 밖의 공급자 25.82 대만 6. 유스코(Yieh United Steel Corporation)와 그 관계사인 다음 각 목의 기업의 제품을 수출하는 자 가. 이예마우(Yieh Mau Corp.) 나. 탕엉(Tang Eng Iron Works Co., Ltd.) 9.47 7. 왈신(Walsin Lihwa Corporation)과 그 기업의 제품을 수출하는 자 7.17 8. 그 밖의 공급자 9.07 비고: 제3호ㆍ 제5호 또는 제8호의 공급자가 제1호ㆍ 제2호ㆍ 제4호ㆍ 제6호 또 는 제7호의 공급자와 「관세법 시행령」 제23조제1항에 따른 특수관계가 있는 경우에는 제3호ㆍ 제5호 또는 제8호의 공급자에 대한 덤핑방지관세율 에도 불구하고 그와 특수관계에 있는 공급자의 덤핑방지관세율을 적용한다."
283817,20260227,중국 및 인도산 폴리에틸렌 테레프탈레이트(PET) 필름에 대한 덤핑방지관세 부과에 관한 규칙,중국및인도산폴리에틸렌테레프탈레이트(PET)필름,재정경제부령,제3호,2026-02-27,2026-02-27,일부개정,3,"제2조(부과대상 물품) 덤핑방지관세가 부과되는 물품은 중국 및 인도산 폴리에틸렌 테레프탈레이트(Polyethylene Terephthalate, PET) 필름( 「관세법 시행령」 제98조 제1항 에 따른 관세ㆍ통계통합품목분류표의 품목번호 제3920.62.0000호 또는 제3920.69.0000호에 해당하는 것을 말한다)으로 한다. 다만, 별표 1 에 해당하는 물품은 제외한다. || 제3조(부과대상 물품의 공급자 및 덤핑방지관세율) 제2조 에 따른 부과대상 물품의 공급자와 그 공급자별 덤핑방지관세율은 별표 2 와 같다.","다만, 별표 1 에 해당하는 물품은 제외한다.",3920.62.0000;3920.69.0000,,5,,,"<기획재정부령 제992호, 2023. 5. 8.> 제1조(시행일) 이 규칙은 공포한 날부터 시행한다. 제2조(유효기간) 이 규칙은 공포한 날부터 5년간 효력을 가진다. 제3조(재심사기간 중 덤핑방지조치가 적용된 물품에 관한 적용례) 이 규칙은 2022년 9월 11일 이후 수입신고된 물품부터 적용한다. <재정경제부령 제3호, 2026. 2. 27.> 이 규칙은 공포한 날부터 시행한다.",[별표 1] 덤핑방지관세 부과대상에서 제외되는 물품(제2조 단서 관련) | [별표 2] 부과대상 물품의 공급자별 덤핑방지관세율(제3조 관련),Y,"■ 중국 및 인도산 폴리에틸렌 테레프탈레이트(PET) 필름에 대한 덤핑방지관세 부과에 관한 규칙 [별표 1] 덤핑방지관세 부과대상에서 제외되는 물품(제2조 단서 관련) 1. 두께가 9마이크로미터(㎛) 미만으로서 증착되지 않은 폴리에틸렌 테레프탈레이트 필름 2. 비냉매용 모터 절연용(絶緣用)으로 사용되는 두께 125마이크로미터 이상인 흰색 의 폴리에틸렌 테레프탈레이트 필름으로서 다음 각 목의 요건을 모두 갖춘 것 가. 규격 미국 보험협회 안전시험소(Underwriters Laboratory Inc.)에서 지정한 시험방식 에 따라 측정한 전기적 및 기계적 내열성(Relative Thermal Index, RTI)이 각 각 섭씨 105도 이상이고 흐림도(Haze)가 70퍼센트 이상일 것 나. 모델명 Garfilm EM6(인도 Garware Polyester Limited 제품), J-470(인도 Jindal Polyfilms Limited 제품) 3. 냉매용 모터 절연용으로 사용되는 두께 125마이크로미터 이상인 흰색의 폴리에틸 렌 테레프탈레이트 필름으로서 다음 각 목의 요건을 모두 갖춘 것 가. 규격 미국 보험협회 안전시험소에서 지정한 시험방식에 따라 측정한 전기적 및 기계 적 내열성이 각각 섭씨 140도, 125도 이상이고 소중합체(小重合體, Oligomer) 추출비율이 0.65퍼센트 이하이며 흐림도가 75퍼센트 이상일 것 나. 모델명 Garfilm EM6-L.O.(인도 Garware Polyester Limited 제품) 4. 홀로그램 폴리에틸렌 테레프탈레이트 필름 5. 안료를 다른 원재료에 배합하여 생산한 유채색(有彩色)의 폴리에틸렌 테레프탈레 이트 필름으로서 두께가 300마이크로미터 이상인 것 6. 태양광 모듈용 격자무늬 투명 백시트(Back Sheet)",,"■ 중국 및 인도산 폴리에틸렌 테레프탈레이트(PET) 필름에 대한 덤핑방지관세 부과에 관한 규칙 [별표 2] <개정 2026. 2. 27.> 부과대상 물품의 공급자별 덤핑방지관세율(제3조 관련) 공급국 공급자 덤핑방지 관세율 (%) 중국 1. 천진완화(Tianjin Wanhua Co., Ltd.)와 그 회사의 제품을 수출 하는 자 36.98 2. 다음 각 목의 회사와 그 관계사 및 그 회사의 제품을 수출하는 자 가. 캉훼이(Kanghui New Material Technology Co., Ltd.) 나. 캉훼이쑤저우(JiangsuKanghui NewMaterialsTechnology Co., Ltd.) 다. 캉훼이난통(Kanghui Nantong New Material Technology Co., Ltd.) 라. 캉훼이 무역(Kanghui International Trade (Jiangsu) Co., Lt d.) 7.31 3. 푸웨이(Fuwei Films Shandong Co., Ltd.)와 그 회사의 제품을 수출하는 자 36.98 4. 산토우(Shantou Soe First Polyester Films Co., Ltd.)와 그 회사의 제품을 수출하는 자 36.98 5. 이화도레이(Yihua Toray Polyester Film Co., Ltd.)와 그 회사의 제품을 수출하는 자 36.98 6. 장수중다(Jiangsu Zhongda New Materials International Co., Ltd.) 와 그 회사의 제품을 수출하는 자 36.98 7. 저장우밍(Zhejiang Wuming Trading Co., Ltd.)과 그 회사의 제품을 수출하는 자 36.98 8. 티에스에프(TSF Co., Ltd.)와 그 회사의 제품을 수출하는 자 36.98 9. 상하이(Shanghai Hansen Global Supply Co., Ltd.)와 그 회사의 제품을 수출하는 자 36.98 10. 그 밖의 공급자 36.98 인도 11. 가웨어(Garware Polyester Limited)와 그 회사의 제품을 수출하는 자 34.90 12. 진달(Jindal Poly Films Limited)과그회사의제품을수출하는자 34.90 13. 그 밖의 공급자 34.90 비고: 제10호의 공급자가 제2호의 공급자와 「관세법 시행령」 제23조제1항에 따른 특수관계가 있는 경우에는 제10호의 덤핑방지관세율에도 불구하고 그와 특수관계가 있는 제2호의 공급자에 대한 덤핑방지관세율을 적용한다."
284971,20260319,중국산 단일모드 광섬유에 대한 덤핑방지관세 부과에 관한 규칙,중국산단일모드광섬유,재정경제부령,제5호,2026-03-19,2026-03-19,제정,3,"제2조(부과대상 물품) 덤핑방지관세가 부과되는 물품은 「관세법 시행령」 제98조 제1항 에 따른 관세ㆍ통계통합품목분류표의 품목번호 제9001.10.0000호에 해당하는 중국산 단일모드 광섬유로서 다음 각 호의 요건을 모두 만족하는 것으로 한다. 1. 유리 용접물을 고열로 녹여 생산한 원통형 유전체 도파관으로서 코어, 클래딩 및 아크릴 코팅층 등으로 구성된 것일 것 2. 국제전기통신연합 전기통신표준화부문(ITU-T: International Telecommunication Union - Telecommunication Standardization Sector)의 단일모드 광섬유 규격 중 다음 각 목의 어느 하나에 해당하는 제품일 것 가. G.652.A 나. G.652.B 다. G.652.C 라. G.652.D(Low Loss 제품은 제외한다) 마. G.657.A1 바. G.657.A2 3. 광섬유 다발 및 광섬유 케이블이 아닐 것 || 제3조(부과대상 물품의 공급자 및 덤핑방지관세율) 제2조 에 따른 부과대상 물품의 공급자와 그 공급자별 덤핑방지관세율은 별표 와 같다.",G.652.C 라. G.652.D(Low Loss 제품은 제외한다) 마. G.657.A1 바. G.657.A2 3. 광섬유 다발 및 광섬유 케이블이 아닐 것,9001.10.0000,,,,,"<재정경제부령 제5호, 2026. 3. 19.> 이 규칙은 공포한 날부터 시행한다.",[별표 ] 부과대상 물품의 공급자와 그 공급자별 덤핑방지관세율(제3조 관련),,,,"■ 중국산 단일모드 광섬유에 대한 덤핑방지관세 부과에 관한 규칙 [별표] 부과대상 물품의 공급자와 그 공급자별 덤핑방지관세율(제3조 관련) 공급국 공급자 덤핑방지 관세율(%) 중국 1. 형통(Hengtong Optic-Electric Co., Ltd.)과 그 관계사 및 그 기업의 제품을 수출하는 자 43.35 2. 양쯔(Yangtze Optical Fibre and Cable Joint Stock Limite d Company)와 그 관계사 및 그 기업의 제품을 수출하는 자 43.35 3. 진씽통(Hangzhou Jinxingtong Optical Fiber Technology Co., Ltd.)과 그 관계사 및 그 기업의 제품을 수출하는 자 43.35 4. 그 밖의 공급자 43.35"
285853,20260507,태국산 섬유판에 대한 덤핑방지관세 부과에 관한 규칙,태국산섬유판,재정경제부령,제30호,2026-05-07,2026-05-07,제정,3,"제2조(부과대상 물품) 덤핑방지관세가 부과되는 물품은 「관세법 시행령」 제98조 제1항 에 따른 관세ㆍ통계통합품목분류표의 품목번호 제4411.12.1000호, 제4411.12.9000호, 제4411.92.1000호, 제4411.92.9010호, 제4411.92.9090호, 제4411.93.1000호, 제4411.93.9010호, 제4411.93.9090호, 제4411.94.1000호 또는 제4411.94.9000호에 해당하는 태국산 섬유판(Fibreboard of wood or other ligneous materials)으로서 다음 각 호의 요건을 모두 만족하는 것으로 한다. 1. 목재 또는 그 밖의 목질 재료로부터 섬유질을 분리ㆍ추출한 후 접착제 등을 도포하여 판재(보드) 형태로 가공한 것 2. 두께 5mm 이하인 섬유판일 것 || 제3조(부과대상 물품의 공급자 및 덤핑방지관세율) 제2조 에 따른 부과대상 물품의 공급자와 그 공급자별 덤핑방지관세율은 별표 와 같다.",,4411.12.1000;4411.12.9000;4411.92.1000;4411.92.9010;4411.92.9090;4411.93.1000;4411.93.9010;4411.93.9090;4411.94.1000;4411.94.9000,,,,,"<재정경제부령 제30호, 2026. 5. 7.> 이 규칙은 공포한 날부터 시행한다.",[별표 ] 부과대상 물품의 공급자와 그 공급자별 덤핑방지관세율(제3조 관련),,,,"■ 태국산 섬유판에 대한 덤핑방지관세 부과에 관한 규칙 [별표] 부과대상 물품의 공급자와 그 공급자별 덤핑방지관세율(제3조 관련) 공급국 공급자 덤핑방지 관세율(%) 태국 1. 피피엠(Panel Plus MDF Co., Ltd.)과 그 관계사 및 그 기업 의 제품을 수출하는 자 20.24 2. 어드밴스(Advance Fiber Co., Ltd.)와 그 관계사 및 그 기 업의 제품을 수출하는 자 15.29 3. 그 밖의 공급자 22.44 비고: 제3호의 공급자가 제1호 또는 제2호의 공급자와 「관세법 시행령」 제23 조제1항에 따른 특수관계가 있는 경우에는 제3호의 공급자에 대한 덤핑방 지관세율에도 불구하고 그와 특수관계에 있는 공급자의 덤핑방지관세율을 적용한다."
286195,20260515,사우디아라비아산 부틸글리콜에테르에 대한 덤핑방지관세 부과에 관한 규칙,사우디아라비아산부틸글리콜에테르,재정경제부령,제31호,2026-05-15,2026-05-15,제정,3,제2조(부과대상 물품) 덤핑방지관세가 부과되는 물품은 사우디아라비아산 부틸글리콜에테르( 「관세법 시행령」 제98조 제1항 에 따른 관세ㆍ통계통합품목분류표의 품목번호 제2909.43.0000호에 해당하는 것을 말한다)로 한다. || 제3조(부과대상 물품의 공급자 및 덤핑방지관세율) 제2조 에 따른 부과대상 물품의 공급자와 그 공급자별 덤핑방지관세율은 별표 와 같다.,,2909.43.0000,,,,,"<재정경제부령 제31호, 2026. 5. 15.> 이 규칙은 공포한 날부터 시행한다.",[별표 ] 부과대상 물품의 공급자별 덤핑방지관세율(제3조 관련),,,,■ 사우디아라비아산 부틸글리콜에테르에 대한 덤핑방지관세 부과에 관한 규칙 [별표] 부과대상 물품의 공급자별 덤핑방지관세율(제3조 관련) 공급국 공급자 덤핑방지 관세율(%) 사우디 아라비아 1. 사다라(Sadara Chemical Company)와 그 관계사인 다음 각 목의 기업 및 그 기업의 제품을 수출하는 자 가. 다우사우디(Dow Saudi Arabia Product Marketing B.V.) 나. 다우싱가포르[Dow Chemical Pacific (Singapore) Private Limited] 다. 한국다우케미칼(주)(Dow Chemical Korea Limited) 43.58 2. 그 밖의 공급자
286205,20260521,일본 및 중국산 4축 이상 수직다관절형 산업용 로봇에 대한 덤핑방지관세 부과에 관한 규칙,일본및중국산4축이상수직다관절형산업용로봇,재정경제부령,제32호,2026-05-21,2026-05-21,제정,3,"제2조(부과대상 물품) 덤핑방지관세가 부과되는 물품은 「관세법 시행령」 제98조 제1항 에 따른 관세ㆍ통계통합품목분류표의 품목번호 제8479.50.9000호, 제8515.21.1010호, 제8515.21.2010호, 제8515.21.3010호, 제8515.21.9010호, 제8515.31.1010호 또는 제8515.31.9010호에 해당하는 일본 및 중국산 산업용 로봇으로서 다음 각 호의 어느 하나에 해당하는 것을 말한다. 다만, 별표 1에 규정된 물품은 제외한다. 1. 다음 각 목의 요건을 모두 갖춘 것 가. 4축 이상 수직다관절형 구조(4개 이상의 회전모터를 장착하여 회전축이 4축 이상인 다관절 구조이며, 설치면과 1축의 회전축은 수직이고 2축과 3축의 회전축은 수평인 것을 말한다)일 것 나. 운반할 수 있는 중량이 6킬로그램 이상 600킬로그램 이하일 것 2. 제1호의 로봇에 1개 이상의 부가축(기본축 외에 부착되는 장치를 말한다)을 설치한 것 3. 제1호 또는 제2호의 로봇으로서 기계장치(로봇 본체), 제어장치, 전원케이블 및 조정기가 조립되지 않은 상태로 수입되는 것 || 제3조(부과대상 물품의 공급자 및 덤핑방지관세율) 제2조에 따른 덤핑방지관세 부과대상 물품의 공급자와 그 공급자별 덤핑방지관세율은 별표 2와 같다.","다만, 별표 1에 규정된 물품은 제외한다. 1. 다음 각 목의 요건을 모두 갖춘 것 가. 4축 이상 수직다관절형 구조(4개 이상의 회전모터를 장착하여 회전축이 4축 이상인 다관절 구조이며, 설치면과 1축의 회전축은 수직이고 2축과 3축의 회전축은 수평인 것을 말한다)일 것 나. 운반할 수 있는 중량이 6킬로그램 이상 600킬로그램 이하일 것 2. 제1호의 로봇에 1개 이상의 부가축(기본축 외에 부착되는 장치를 말한다)을 설치한 것 3. 제1호 또는 제2호의 로봇으로서 기계장치(로봇 본체), 제어장치, 전원케이블 및 조정기가 조립되지 않은 상태로 수입되는 것",8479.50.9000;8515.21.1010;8515.21.2010;8515.21.3010;8515.21.9010;8515.31.1010;8515.31.9010,,3,,,"<재정경제부령 제32호, 2026. 5. 21.> 제1조(시행일) 이 규칙은 공포한 날부터 시행한다. 제2조(유효기간) 이 규칙은 공포한 날부터 3년간 효력을 가진다.",[별표 1] 덤핑방지관세 부과대상에서 제외되는 물품(제2조 관련) | [별표 2] 부과대상 물품의 공급자와 그 공급자별 덤핑방지관세율(제3조 관련),Y,"■ 일본 및 중국산 4축 이상 수직다관절형 산업용 로봇에 대한 덤핑방지관세 부과에 관한 규칙 [별표 1] 덤핑방지관세 부과대상에서 제외되는 물품(제2조 관련) 1. 다음 각 목의 요건을 모두 갖춘 소형고속로봇 가. 운반할 수 있는 중량이 20킬로그램 이하일 것 나. 1축, 2축 및 3축이 아닌 축의 최고 회전속도의 평균이 초당 500도를 초과할 것 다. 2축과 3축이 모두 양쪽 끝부분에서 지지되는 구조일 것 2. 방폭 기능에 대하여 「산업안전보건법」 제84조 및 같은 법 시행령 제74조에 따라 안전인증을 받은 도장전용로봇 3. 사람과 같은 작업영역에서 직접 협동하여 작동하는 로봇으로서 국제표준화기 구(ISO)의 ISO 10218-1 및 ISO/TS 15066에서 정하는 기준에 따라 제조되었음 을 인증받은 협동로봇 4. 사람의 상반신과 양팔을 본뜬 형태로 7축 이상의 로봇 팔 2개가 하나의 본체 (상반신에 해당하는 부분을 말한다)에 부착되어 전체 회전축이 14축 이상인 양 팔로봇 5. 화물의 적재작업 등에 주로 사용되는 4축 산업용 로봇",,"■ 일본 및 중국산 4축 이상 수직다관절형 산업용 로봇에 대한 덤핑방지관세 부과에 관한 규칙 [별표 2] 부과대상 물품의 공급자와 그 공급자별 덤핑방지관세율(제3조 관련) 공급국 공급자 덤핑방지 관세율(%) 일본 1. 화낙(Fanuc Corporation)과 그 관계사 및 그 기업의 제품 을 수출하는 자 17.45 2. 야스카와(Yaskawa Electric Corporation)와 그 관계사 및 그 기업의 제품을 수출하는 자 18.64 3. 그 밖의 공급자 18.08 중국 4. 쿠카로보틱스(Kuka Robotics Guangdong Co., Ltd.)와 그 관계사 및 그 기업의 제품을 수출하는 자 15.96 5. 에이비비(ABB Engineering Shanghai Ltd.)와 그 관계사 및 그 기업의 제품을 수출하는 자 19.85 6. 가와사키(Kawasaki Heavy Industries, Ltd.)와 그 관계사 및 그 기업의 제품을 수출하는 자 18.72 7. 그 밖의 공급자 17.77 비고: 제3호의 공급자가 제1호 또는 제2호의 공급자와 「관세법 시행령」 제23조 제1항에 따른 특수관계가 있는 경우에는 제3호의 공급자에 대한 덤핑방지관 세율에도 불구하고 그와 특수관계에 있는 공급자의 덤핑방지관세율을 적용하고, 제7호의 공급자가 제4호ㆍ 제5호 또는 제6호의 공급자와 「관세법 시행령」 제23조제1항에 따른 특수관계가 있는 경우에는 제7호의 공급자에 대한 덤핑 방지관세율에도 불구하고 그와 특수관계에 있는 공급자의 덤핑방지관세율을 적용한다."
287461,20260623,일본 및 중국산 탄소강 및 그 밖의 합금강 열간압연 제품에 대한 덤핑방지관세 부과에 관한 규칙,일본및중국산탄소강및그밖의합금강열간압연제품,재정경제부령,제35호,2026-06-23,2026-06-23,제정,4,"제2조(부과대상 물품) 덤핑방지관세가 부과되는 물품은 일본 및 중국산 탄소강 및 그 밖의 합금강 열간압연( 「관세법 시행령」 제98조 제1항 에 따른 관세ㆍ통계통합품목분류표의 품목번호 제7208.10.1000호, 제7208.10.9000호, 제7208.25.1000호, 제7208.25.9000호, 제7208.26.1000호, 제7208.26.9000호, 제7208.27.1000호, 제7208.27.9000호, 제7208.36.1000호, 제7208.36.9000호, 제7208.37.1000호, 제7208.37.9000호, 제7208.38.1000호, 제7208.38.9000호, 제7208.39.1000호, 제7208.39.9000호, 제7208.40.0000호, 제7208.53.1000호, 제7208.53.9000호, 제7208.54.1000호, 제7208.54.9000호, 제7208.90.0000호, 제7211.13.0000호, 제7211.14.1000호, 제7211.14.9000호, 제7211.19.1000호, 제7211.19.9000호, 제7225.30.1000호, 제7225.30.9010호, 제7225.30.9091호, 제7225.30.9092호, 제7225.30.9099호, 제7225.40.1000호, 제7225.40.9092호, 제7226.20.0000호, 제7226.91.1000호, 제7226.91.2000호 또는 제7226.91.9000호에 해당하는 것을 말한다) 중 다음 각 호의 요건을 모두 갖춘 것으로 한다. 다만, 별표 1에 규정된 물품은 제외한다. 1. 철, 탄소강 또는 그 밖의 합금강 등에 열을 가한 후 압연한 것일 것 2. 코일(coil), 시트(sheet) 또는 판(plate) 등의 형태를 지닐 것 || 제3조(부과대상 물품의 공급자) ① 덤핑방지관세가 부과되는 공급자는 제2조에 따른 덤핑방지관세 부과대상 물품의 공급자로 한다. ② 제1항에도 불구하고 재정경제부장관이 「관세법」 제54조 제1항 에 따른 가격수정에 관한 약속을 수락한 별표 2에 규정된 공급자는 제1항에 따른 덤핑방지관세 부과대상 물품의 공급자에서 제외한다. 다만, 해당 가격수정에 관한 약속을 이행하지 않은 경우에는 덤핑방지관세를 부과한다.","다만, 별표 1에 규정된 물품은 제외한다. 1. 철, 탄소강 또는 그 밖의 합금강 등에 열을 가한 후 압연한 것일 것 2. 코일(coil), 시트(sheet) 또는 판(plate) 등의 형태를 지닐 것 / ② 제1항에도 불구하고 재정경제부장관이 「관세법」 제54조 제1항 에 따른 가격수정에 관한 약속을 수락한 별표 2에 규정된 공급자는 제1항에 따른 덤핑방지관세 부과대상 물품의 공급자에서 제외한다. 다만, 해당 가격수정에 관한 약속을 이행하지 않은 경우에는 덤핑방지관세를 부과한다.",7208.10.1000;7208.10.9000;7208.25.1000;7208.25.9000;7208.26.1000;7208.26.9000;7208.27.1000;7208.27.9000;7208.36.1000;7208.36.9000;7208.37.1000;7208.37.9000;7208.38.1000;7208.38.9000;7208.39.1000;7208.39.9000;7208.40.0000;7208.53.1000;7208.53.9000;7208.54.1000;7208.54.9000;7208.90.0000;7211.13.0000;7211.14.1000;7211.14.9000;7211.19.1000;7211.19.9000;7225.30.1000;7225.30.9010;7225.30.9091;7225.30.9092;7225.30.9099;7225.40.1000;7225.40.9092;7226.20.0000;7226.91.1000;7226.91.2000;7226.91.9000,,,,,"<재정경제부령 제35호, 2026. 6. 23.> 이 규칙은 공포한 날부터 시행한다.",[별표 1] 덤핑방지관세 부과대상에서 제외되는 물품(제2조 각 호 외의 부분 단서 관련) | [별표 2] 부과대상 공급자에서 제외되는 공급자(제3조제2항 본문 관련) | [별표 3] 부과대상 물품의 공급자별 덤핑방지관세율(제4조 관련),Y,"■ 일본 및 중국산 탄소강 및 그 밖의 합금강 열간압연 제품에 대한 덤핑방지 관세 부과에 관한 규칙 [별표 1] 덤핑방지관세 부과대상에서 제외되는 물품(제2조 각 호 외의 부분 단서 관련) 1. 철이나 비합금강 및 그 밖의 합금강의 평판압연제품으로서 다음 각 목의 요 건을 모두 갖춘 열간압연 후판 제품 가. 두께가 4.75밀리미터(㎜) 이상일 것 나. 폭이 600밀리미터 이상일 것 다. 코일 모양이 아닐 것 라. 냉간압연을 하지 않을 것 2. 열간압연 제품에 클래드(clad: 두 가지 이상의 금속을 높은 온도와 압력으로 접합한 것), 도금(plated) 또는 도포(coated)한 제품 3. 다음 각 목의 요건을 모두 갖춘 합금강 제품 가. 탄소 함유량이 전체 중량의 1.2퍼센트 이하일 것 나. 크로뮴 함유량이 전체 중량의 10.5퍼센트 이상일 것 4. 금속ㆍ 목재ㆍ 플라스틱 가공용으로 금형 및 절삭공구 등에 사용되는 것으로 서 다음 각 목의 어느 하나에 해당하는 것 가. 일본 다이도특수강(Daido Steel Co., Ltd.) 제품으로서 브리넬 경도(HB W) 255 이하 또는 로크웰 경도(HRC) 43 이하인 NAK80, NAK55, DC11, DC53, DH2F, DCMX, DH31-EX, DHA-WORLD, DH31-S, PXA30, PAC 5000, NAK86K, DHA1, PD613, DH32, DHA-GIGA, RDH494 강종 나. 일본 프로테리얼(Proterial, Ltd.) 제품으로서 브리넬 경도(HBW) 277 이 하 또는 로크웰 경도(HRC) 41 이하인 HPM1, HPM31, SLD, SLD-f, SLD 10, SLD-MAGIC, HAP10, HAP40, HAP5R, YXM1, YXM4, YXR7, YXR 3, YXR33 강종 다. 중국 저장 징루이 툴링(Zhejiang Jingrui Tooling Co., Ltd.) 제품으로서 일본산업표준(Japanese Industrial Standard) 규격 SKH-51, SKH-55에 해 당하는 제품 || ■ 일본 및 중국산 탄소강 및 그 밖의 합금강 열간압연 제품에 대한 덤핑방지관세 부과에 관한 규칙 [별표 2] 부과대상 공급자에서 제외되는 공급자(제3조제2항 본문 관련) 공급국 공급자 일본 1. 제이에프이 스틸(JFE Steel corporation)과 그 기업의 제품을 수출하는 다음 각 목의 관계사 가. 제이에프이 상사(JFE Shoji Corporation) 나. 영스틸(Young Steel Co., Ltd.) 다. 메탈원(Metal One Corporation) 라. 토요타 통상(Toyota Tsusho Corporation) 마. 이토추마루베니 철강(Marubeni-Itochu Steel Inc.) 바. 동국(Dongkuk Corporation) 2. 일본제철(Nippon Steel Corporation)과 그 기업의 제품을 수출하는 다음 각 목의 관계사 가. 닛테츠 물산(Nippon Steel Trading Corporation) 나. 스미토모 상사 글로벌(Sumitomo Corporation Global Metals Co., Ltd.) 다. 동국(Dongkuk Corporation) 라. 세아 재팬(SeAH Japan Co., Ltd.) 마. 이토추마루베니 철강 바. 메탈원(Metal One Corporation) 3. 도쿄스틸(Tokyo Steel Manufacturing Co., Ltd.)과 그 기업의 제품을 수출하는 다음 각 목의 관계사 가. 닛세이 무역(Nissei Trading Co., Ltd.) 나. 제이에프이 상사 다. 오카야강기(Okaya & Co., Ltd.) 라. 포스코 인터내셔널 재팬(POSCO International Japan Corp.) 마. 영스틸 중국 4. 벤강 스틸(Bengang Steel Plates Co.,Ltd.) 또는 안강 스틸(Angang Steel Company Limited)과 그 기업의 제품을 수출하는 다음 각 목의 관 계사 가. 안강 홍콩(Angang Group Hong Kong Co., Limited) 나. 베스콤(Bescom Pte. Ltd.) 다. 대련 우호 홍콩(Dalian Woo-Ho Hongkong International Trading Limited) 라. 이피 스틸(Ep Steel Trading Co., Ltd.) 5. 다음 각 목의 회사 가. 바오 스틸(Baoshan Iron & Steel Co., Ltd.) 나. 우한 스틸(Wuhan Iron & Steel Co., Ltd.) 다. 메이산 스틸(Shanghai Meishan Iron & Steel Co., Ltd.) 라. 바오스틸 짠쟝(Baosteel Zhanjiang Iron & Steel Co., Ltd.) 마. 산동 르자오(Shandong Iron & Steel Group Rizhao Co., Ltd.) 바. 마안산 철강(Maanshan Iron & Steel Ltd.) 사. 가목부터 바목까지의 기업의 제품을 수출하는 호와 무역(Howa Trading Co., Ltd.) 6. 허베이 옌산(Hebei Yanshan Iron And Steel Group Co., Ltd.)과 그 기 업의 제품을 수출하는 와이더 밴티지(Wider Vantage International Limited) 7. 서우강 징탕(Shougang Jingtang United Iron & Steel Co., Ltd.) 또는 서우강 첸안(Shougang Qian'an Iron & Steel Company)과 그 기업의 제품을 수출하는 서우강 홀딩[Shougang Holding Trade (Hong Kong) Limited] 8. 장수 사강(Jiangsu Shagang Steel Co., Ltd.)과 그 기업의 제품을 수출 하는 다음 각 목의 관계사 가. 장수 사강 국제(Jiangsu Shagang International Trade Co., Ltd.) 나. 사강 싱가포르[Shagang International (Singapore) Pte. Ltd.] 다. 콴탁 국제[Kwan Tak International (Singapore) Pte. Ltd.] 9. 르자오 스틸홀딩(Rizhao Steel Holding Group Co., Ltd.)과 그 기업의 제품 을 수출하는 바오후아 스틸(Baohua Steel International Pte. Limited)",,"■ 일본 및 중국산 탄소강 및 그 밖의 합금강 열간압연 제품에 대한 덤핑방지관세 부과에 관한 규칙 [별표 3] 부과대상 물품의 공급자별 덤핑방지관세율(제4조 관련) 공급국 공급자 규격 덤핑방지 관세율(%) 일본 1. 제이에프이 스틸과 그 관계사 및 그 기업의 제품을 수출하는 자 1. 비고 제1호 각 목에 해 당하는 물품 2. 기타 0 33.43 2. 일본제철과 그 관계사 및 그 기업의 제품을 수출하는 자 1. 비고 제1호 각 목에 해 당하는 물품 2. 기타 0 31.58 3. 그 밖의 공급자 1. 비고 제1호 각 목에 해 당하는 물품 2. 기타 0 32.66 중국 4. 바오 스틸과 그 관계사 및 그 기업의 제품을 수출하는 자 1. 비고 제1호 각 목에 해 당하는 물품 2. 기타 0 29.37 5. 벤강 스틸과 그 관계사 및 그 기업의 제품을 수출하는 자 1. 비고 제1호 각 목에 해 당하는 물품 2. 기타 0 28.16 6. 대련 우호 홍콩 1. 비고 제1호 각 목에 해 당하는 물품 0 33.10 7. 샤프맥스(Sharpmax International Hongkong Co., Ltd.) 8. 시노 국제(Sino Commodities International Pte., Ltd.) 9. 그 밖의 공급자 2. 기타 비고 1. 다음 각 목의 어느 하나에 해당하는 물품으로서 「관세법」 제83조제1항 본문에 따라 용도세율의 적용을 신청했거나 같은 항 단서에 따라 세관장에게 승인받은 것 가. 다음의 요건을 모두 충족하는 것으로서 26인치 전기저항용접(Electric Resista nce Welding, ERW) 강관 제조에 사용되는 것 1) 「관세법 시행령」 제98조제1항에 따른 관세ㆍ 통계통합품목분류표의 품목번호 제7208.36.1000호, 제7208.36.9000호, 제7208.37.1000호 및 제7208.37.9000호일 것 2) 폭이 2,030밀리미터 이상이고 두께가 6.1밀리미터 이상일 것 3) 미국석유협회(American Petroleum Institute, API) 규격 API-B, API-X42, A PI-X52, API-X60, API-X65, API-X70 및 API-X80에 해당할 것(하위 규격을 포함한다) 나. 중국국가표준(Guoji Biozhn, GB) 30CrMo 강종으로 강관 제조에 사용되는 것 다. 일본제철의 폭 1,930밀리미터 이상인 SPHE-PO 강종으로 「건설기계관리법」 제2조제1항제1호에 따른 건설기계의 균형추(counter weight) 제조에 사용되는 것 라. 제이에프이 스틸의 두께 1.8밀리미터 이하인 DR-HIGH-EL 강종으로 철제 캔 제조에 사용되는 것 마. 다음의 요건을 모두 충족하는 것으로서 자동차 변속기 제조에 사용되는 것 1) 「관세법 시행령」 제98조제1항에 따른 관세ㆍ 통계통합품목분류표의 품목번호 제7208.25.1000호, 제7208.25.9000호, 제7208.26.9000호 및 제7208.27.9000호일 것 2) 일본의 일본제철 또는 제이에프이 스틸의 SPHD-PA, SPHE-PA, SPHC-P B, SPFH590-PB 및 SAPH440-PB 강종일 것 2. 제3호의 공급자가 제1호 또는 제2호의 공급자와 「관세법 시행령」 제23조제1항에 따른 특수관계가 있는 경우에는 제3호의 공급자에 대한 덤핑방지관세율에도 불구하 고 그와 특수관계에 있는 공급자의 덤핑방지관세율을 적용하고, 제9호의 공급자가 제 4호ㆍ 제5호ㆍ 제6호ㆍ 제7호 또는 제8호의 공급자와 「관세법 시행령」 제23조제1항 에 따른 특수관계가 있는 경우에는 제9호의 공급자에 대한 덤핑방지관세율에도 불 구하고 그와 특수관계에 있는 공급자의 덤핑방지관세율을 적용한다."
288631,20260805,독일ㆍ프랑스ㆍ노르웨이 및 스웨덴산 폴리염화비닐 페이스트 수지에 대한 덤핑방지관세 부과에 관한 규칙,독일·프랑스·노르웨이및스웨덴산폴리염화비닐페이스트수지,재정경제부령,제43호,2026-08-05,2026-08-05,제정,3,"제2조(부과대상 물품) 덤핑방지관세가 부과되는 물품은 독일ㆍ프랑스ㆍ노르웨이 및 스웨덴산 폴리염화비닐 페이스트 수지( 「관세법 시행령」 제98조 제1항 에 따른 관세ㆍ통계통합품목분류표의 품목번호 제3904.10.0000호에 해당하는 것을 말한다)로 한다. 다만, 다음 각 호의 요건을 모두 갖춘 서스펜션 폴리염화비닐은 제외한다. 1. 현탁중합[Suspension Polymerization: 물속에서 분산 안정제를 사용하여 단량체(單量體)를 작은 방울로 분산시켜 중합하는 방식을 말한다]으로 제조된 것 2. 건축용 경질(輕質) 파이프 등에 주로 사용되고 점도 값이 없을 것 3. 평균 입자크기가 100마이크로미터(㎛) 이상 180마이크로미터 이하일 것 || 제3조(부과대상 물품의 공급자 및 덤핑방지관세율) 제2조에 따른 부과대상 물품의 공급자와 그 공급자별 덤핑방지관세율은 별표와 같다.","다만, 다음 각 호의 요건을 모두 갖춘 서스펜션 폴리염화비닐은 제외한다. 1. 현탁중합[Suspension Polymerization: 물속에서 분산 안정제를 사용하여 단량체(單量體)를 작은 방울로 분산시켜 중합하는 방식을 말한다]으로 제조된 것 2. 건축용 경질(輕質) 파이프 등에 주로 사용되고 점도 값이 없을 것 3. 평균 입자크기가 100마이크로미터(㎛) 이상 180마이크로미터 이하일 것",3904.10.0000,,,,,"<재정경제부령 제43호, 2026. 8. 5.> 이 규칙은 공포한 날부터 시행한다.",[별표 ] 부과대상 물품의 공급자와 그 공급자별 덤핑방지관세율(제3조 관련),,,,■ 독일ㆍ 프랑스ㆍ 노르웨이 및 스웨덴산 폴리염화비닐 페이스트 수지에 대한 덤핑방지관세 부과에 관한 규칙 [별표] 부과대상 물품의 공급자와 그 공급자별 덤핑방지관세율(제3조 관련) 공급국 공급자 덤핑방지 관세율(%) 독일 1. 비놀릿(Westlake Vinnolit GmbH & Co. KG)과 그 관계사 31.55 2. 그 밖의 공급자 30.60 프랑스 3. 켐 원(KEM ONE)과 그 관계사 31.55 4. 그 밖의 공급자 노르웨이 5. 이노빈 유럽(Inovyn Europe Limited)과 그 관계사 25.79 6. 그 밖의 공급자 스웨덴 7. 이노빈 무역(Inovyn Trade Services SA)과 그 관계사 28.15 8. 그 밖의 공급자 비고: 제2호의 공급자가 제1호의 공급자와 「관세법 시행령」 제23조제1항에 따른 특수 관계가 있는 경우에는 제2호의 공급자에 대한 덤핑방지관세율에도 불구하고 그 와 특수관계에 있는 공급자의 덤핑방지관세율을 적용한다.
289823,20260911,태국산 이음매 없는 동관에 대한 덤핑방지관세 부과에 관한 규칙,태국산이음매없는동관,재정경제부령,제49호,2026-09-11,2026-09-11,제정,3,"제2조(부과대상 물품) 덤핑방지관세가 부과되는 물품은 태국산 이음매 없는 동관( 「관세법 시행령」 제98조 제1항 에 따른 관세ㆍ통계통합품목분류표의 품목번호 제7411.10.0000호에 해당하는 것을 말한다) 중 다음 각 호의 요건을 모두 갖춘 것으로 한다. 다만, 플라스틱으로 코팅되어 있거나 엠보 또는 발포고무 등의 부착물이 결합된 동관은 제외한다. 1. 바깥지름이 66.68밀리미터(mm) 이하인 것 2. 두께가 0.20밀리미터 이상 2.00밀리미터 이하인 것[관 내부가 홈 가공된 제품은 밑면(bottom wall) 두께를 기준으로 한다] || 제3조(부과대상 물품의 공급자 및 덤핑방지관세율) 제2조에 따른 부과대상 물품의 공급자와 그 공급자별 덤핑방지관세율은 별표와 같다.","다만, 플라스틱으로 코팅되어 있거나 엠보 또는 발포고무 등의 부착물이 결합된 동관은 제외한다. 1. 바깥지름이 66.68밀리미터(mm) 이하인 것 2. 두께가 0.20밀리미터 이상 2.00밀리미터 이하인 것[관 내부가 홈 가공된 제품은 밑면(bottom wall) 두께를 기준으로 한다]",7411.10.0000,,,,,"<재정경제부령 제49호, 2026. 9. 11.> 이 규칙은 공포한 날부터 시행한다.",[별표 ] 부과대상 물품의 공급자와 그 공급자별 덤핑방지관세율(제3조 관련),,,,■ 태국산 이음매 없는 동관에 대한 덤핑방지관세 부과에 관한 규칙 [별표] 부과대상 물품의 공급자와 그 공급자별 덤핑방지관세율(제3조 관련) 공급국 공급자 덤핑방지 관세율(%) 태국 1. 홍콩 하이량(Hong Kong Hailiang Metal Trading Limited)과 그 관계사 4.93 2. 파인 메탈(Fine Metal Technologies Public Company Limited)과 그 관계사 8.41 3. 그 밖의 공급자 4.93 비고: 제3호의 공급자가 제2호의 공급자와 「관세법 시행령」 제23조제1항에 따른 특수 관계가 있는 경우에는 제3호의 공급자에 대한 덤핑방지관세율에도 불구하고 그 와 특수관계에 있는 제2호의 공급자에 대한 덤핑방지관세율을 적용한다.
