measure_id,base_name,decree_title,countries,decree_kind,decree_no,enacted_date,effective_date,validity_years,validity_note,sunset_by_validity,repealed_date,n_versions,version_seqs,hsk_listed_first,hsk_listed_last,has_exclusion_in_body,annex_mentions_exclusion,scope_text_first,exclusion_text_first,exclusion_text_last,annex_exclusion_text_last,annex_exclusion_missing
M001,폴리아세탈수지,관세법제10조의규정에의한폴리아세탈수지에대한덤핑방지관세의부과에관한규정,,대통령령,제13467호,1991-09-14,1991-09-30,2,,1993-09-30,,1,11150,3907.10.0000,3907.10.0000,,,"제2조(부과대상 물품) ①덤핑방지관세가 부과되는 물품은 폴리아세탈수지(품목분류번호:3907.10.0000)중 중점도ㆍ저점도의 일반등급 및 비디오테이프ㆍ오디오테이프용 특수등급의 것으로 한다. ②제1항의 규정에 의한 중점도의 폴리아세탈수지는 용융지수 9이상 20미만의 것, 저점도의 폴리아세탈수지는 용융지수 20이상의 것, 비디오테이프ㆍ오디오테이프용 특수등급의 폴리아세탈수지는 저점도의 일반등급의 것에 대전방지제를 첨가하여 비디오테이프ㆍ오디오테이프에 사용하도록 특수처리된 것으로 한다. ③재무부장관은 제2항의 규정외에 폴리아세탈수지의 등급구분을 위하여 필요한 때에는 등급구분에 관한 세부사항을 정할 수 있다.",,,,
M002,정제인산,관세법제10조의규정에의한정제인산에대한덤핑방지관세의부과에관한규정,,대통령령,제13846호,1993-02-20,1993-02-20,3,,1996-02-20,,1,11149,2809.20.1000,2809.20.1000,,,제2조(부과대상물품) 덤핑방지관세가 부과되는 물품은 인산(관세율표 번호 : 2809.20.1000)중 정제된 것으로서 공업용 또는 식품용의 것으로 한다.,,,,
M003,볼베어링,관세법제10조의규정에의한볼베어링에대한덤핑방지관세의부과에관한규정,,대통령령,제13873호,1993-04-01,1993-04-01,5,,1998-01-28,1995-03-04,2,11144;11145,8482.10.0000,8482.10.0000,,,제2조(부과대상물품) 덤핑방지관세가 부과되는 물품은 국제 표준규격의 기본기호가 696ZZ인 볼베어링(관세율표 번호: 8482.10.0000)으로 한다.,,,,
M004,소다회,관세법제10조의규정에의한소다회에대한덤핑방지관세의부과에관한규정,,대통령령,제14047호,1993-12-31,1993-12-31,3,,1996-12-31,,1,11146,2836.20.0000,2836.20.0000,,,제2조(부과대상물품) 덤핑방지관세가 부과되는 물품은 중화인민공화국산 소다회 (관세율표 번호 2836.20.0000)로 한다.,,,,
M005,인쇄제판용평면상사진플레이트,관세법제10조의규정에의한인쇄제판용평면상사진플레이트에대한덤핑방지관세의부과에관한규정,,대통령령,제14046호,1993-12-31,1993-12-31,5,,1998-11-08,1996-12-03,2,11147;11148,3701.30.9100;3701.91.9100;3701.99.9100,3701.30.9100;3701.91.9100;3701.99.9100,Y,,"제2조(부과대상물품) 덤핑방지관세가 부과되는 물품은 일본산 인쇄제판용 평면상 사진플레이트(관세율표 번호: 3701.30.9100, 3701.91.9100, 3701.99.9100)로 하되, 두께 0.4밀리미터의 것을 제외한다.","덤핑방지관세가 부과되는 물품은 일본산 인쇄제판용 평면상 사진플레이트(관세율표 번호: 3701.30.9100, 3701.91.9100, 3701.99.9100)로 하되, 두께 0.4밀리미터의 것을 제외한다.","덤핑방지관세가 부과되는 물품은 일본산 인쇄제판용 평면상 사진플레이트(관세율표 번호: 3701.30.9100, 3701.91.9100, 3701.99.9100)로 하되, 두께 0.4밀리미터의 것을 제외한다.",,
M006,유리장섬유,관세법제10조의규정에의한유리장섬유에대한덤핑방지관세부과에관한규칙,,재무부령,제1997호,1994-08-09,1994-08-09,5,,1999-04-12,,2,38849;38850,7019.10.0000;7019.31.0000,7019.11.0000;7019.12.0000;7019.19.0000;7019.31.0000,,,"제2조(부과대상물품) 덤핑방지관세가 부과되는 물품은 미국ㆍ일본ㆍ대만에서 생산되고 그 조성이 E-glass인 유리장섬유(관세율표 번호 : 7019.10.0000, 7019.31.0000)로 한다.",,,,
M007,중국산정제인산,관세법제10조의규정에의한중국산정제인산에대한덤핑방지관세의부과에관한규칙,중국,총리령,제549호,1996-02-29,1996-02-29,2,,1998-02-20,,1,37124,2809.20.1090,2809.20.1090,,,제2조(부과대상물품) 덤핑방지관세가 부과되는 물품은 중국산인산(관세율표번호 : 2809.20.1090)중 정제된 것으로서 별표에 규정된 것으로 한다.,,,,
M008,미국산에탄올아민,관세법제10조의규정에의한미국산에탄올아민에대한덤핑방지관세부과에관한규칙,미국,총리령,제589호,1996-10-31,1996-10-31,5,,2001-07-10,,1,38846,2922.11.1000;2922.12.1000;2922.13.1000,2922.11.1000;2922.12.1000;2922.13.1000,,,"제2조(부과대상물품) 덤핑방지관세가 부과되는 물품은 미국산 에탄올아민(관세율표번호 : 2922.11.1000, 2922.12.1000, 2922.13.1000)으로한다.",,,,
M009,미국및중국산염화콜린,관세법제10조의규정에의한미국및중국산염화콜린에대한덤핑방지관세부과에관한규칙,미국및중국,총리령,제594호,1996-12-03,1996-12-03,,,2001-09-01,,1,38845,2923.10.2000,2923.10.2000,,,제2조(부과대상물품 및 공급국) 덤핑방지관세가 부과되는 물품은 미국산 및 중국산 염화콜린(관세율표번호:2923.10.2000)으로 한다.,,,,
M010,인쇄제판용평면상사진플레이트,관세법제10조의규정에의한인쇄제판용평면상사진플레이트에대한덤핑방지관세부과에관한규칙,,총리령,제593호,1996-12-03,1996-12-03,,,1998-11-07,,1,38851,3701.30.9100;3701.91.9100;3701.99.9100,3701.30.9100;3701.91.9100;3701.99.9100,Y,,"제2조(부과대상물품) 덤핑방지관세가 부과되는 물품은 일본산 인쇄제판용 평면상 사진플레이트(관세율표번호 : 3701.30.9100, 3701.91.9100, 3701.99.9100)로 하되, 두께 0.4밀리미터의 것 및 아사히 케미칼 인더스트리에서 생산하는 아사히 플렉소플레이트(관세율표번호: 3701.30.9100)는 부과대상에서 제외한다.","덤핑방지관세가 부과되는 물품은 일본산 인쇄제판용 평면상 사진플레이트(관세율표번호 : 3701.30.9100, 3701.91.9100, 3701.99.9100)로 하되, 두께 0.4밀리미터의 것 및 아사히 케미칼 인더스트리에서 생산하는 아사히 플렉소플레이트(관세율표번호: 3701.30.9100)는 부과대상에서 제외한다.","덤핑방지관세가 부과되는 물품은 일본산 인쇄제판용 평면상 사진플레이트(관세율표번호 : 3701.30.9100, 3701.91.9100, 3701.99.9100)로 하되, 두께 0.4밀리미터의 것 및 아사히 케미칼 인더스트리에서 생산하는 아사히 플렉소플레이트(관세율표번호: 3701.30.9100)는 부과대상에서 제외한다.",,
M011,일본산및미국산리튬1차전지,관세법제10조의규정에의한일본산및미국산리튬1차전지에대한덤핑방지관세부과에관한규칙,일본,총리령,제596호,1996-12-19,1996-12-19,,,1999-09-01,,1,38853,8506.50.0000,8506.50.0000,,,제2조(부과대상물품 및 공급국) 덤핑방지관세가 부과되는 물품은 일본산 및 미국산 리튬1차전지(관세율표번호 : 8506.50.0000)중 별표에서 규정하는 품목으로 한다.,,,,
M012,불가리아산및러시아산소다회,관세법제10조의규정에의한불가리아산및러시아산소다회에대한덤핑방지관세부과에관한규칙,불가리아,총리령,제638호,1997-05-17,1997-05-17,,,2000-01-23,,1,38847,2836.20.0000,2836.20.0000,,,"제2조(부과대상물품) 덤핑방지관세가 부과되는 물품은 불가리아산 및 러시아산 소다회(탄산이나트륨, 관세율표번호 : 2836.20.0000)로 한다.",,,,
M013,일본산·독일산·네덜란드산및중국산남성용전기면도기,관세법제10조의규정에의한일본산·독일산·네덜란드산및중국산남성용전기면도기에대한덤핑방지관세부과에관한규칙,일본,총리령,제639호,1997-05-17,1997-05-17,,,2001-12-19,,1,38852,8510.10.0000,8510.10.0000,,,제2조(부과대상물품) 덤핑방지관세가 부과되는 물품은 일본산ㆍ독일산ㆍ네덜란드산 및 중국산 남성용 전기면도기(관세율표번호: 8510.10.0000)로 한다.,,,,
M014,중국산소다회,관세법제10조의규정에의한중국산소다회에대한덤핑방지관세부과에관한규칙,중국,총리령,제637호,1997-05-17,1997-05-17,3,,2000-05-17,,1,37123,2836.20.0000,2836.20.0000,,,"제2조(부과대상물품) 덤핑방지관세가 부과되는 물품은 중국산 소다회(탄산이나트륨, 관세율표번호 : 2836.20.0000)로 한다.",,,,
M015,러시아산H형강,관세법제10조의규정에의한러시아산H형강에대한덤핑방지관세부과에관한규칙,러시아,총리령,제650호,1997-08-02,1997-08-02,,,2002-04-14,,1,38842,7216.33.1000;7216.33.2000,7216.33.1000;7216.33.2000,,,"제2조(부과대상물품) 덤핑방지관세가 부과되는 물품은 러시안산 H형강(관세율표번호:7216.33.1000, 7216.33.2000)으로 한다.",,,,
M016,중국산포켓형라이터,관세법제10조의규정에의한중국산포켓형라이터에대한덤핑방지관세부과에관한규칙,중국,총리령,제658호,1997-11-08,1997-11-08,5,,2002-11-08,,3,57586;37126;52865,9613.10.0000;9613.20.0000,9613.10.0000;9613.20.0000,,,제2조(부과대상물품) 덤핑방지관세가 부과되는 물품은 다음 각호의 물품으로 한다. 1. 중국산 일회용 포켓형 라이터(관세율표번호 : 9613.10.0000) 2. 중국산 충전용 포켓형 라이터(관세율표번호 : 9613.20.0000)중 일회용 포켓형 라이터에 가스주입구를 부착하거나 라이터돌을 교체할 수 있도록 변형한 라이터,,,,
M017,말레이지아산중질섬유판,관세법제10조의규정에의한말레이지아산중질섬유판에대한덤핑방지관세부과에관한규칙,말레이지아,총리령,제678호,1998-01-17,1998-01-17,3,,2001-01-17,,1,38843,4411.21.0000,4411.21.0000,,,제2조(부과대상물품) 덤핑방지관세가 부과되는 물품은 말레이지아산중질섬유판(관세율표번호 : 4411.21.0000)으로 한다.,,,,
M018,독일산및영국산셀프복사지,관세법제10조의규정에의한독일산및영국산셀프복사지에대한덤핑방지관세부과에관한규칙,독일,재정경제부령,제8호,1998-03-10,1998-03-10,3,,2001-03-10,,1,38841,4809.20.1000;4809.20.2000;4816.20.1000;4816.20.2000,4809.20.1000;4809.20.2000;4816.20.1000;4816.20.2000,,,"제2조(부과대상물품) 덤핑방지관세가 부과되는 물품은 독일산 및 영국산 셀프복사지(관세율번호 : 4809.20.1000, 4809.20.2000, 4816.20.1000, 4816.20.2000)로 한다.",,,,
M019,싱가폴·중국및프랑스산가정용전기다리미,관세법제10조의규정에의한싱가폴·중국및프랑스산가정용전기다리미에대한덤핑방지관세부과에관한규칙,싱가폴·중국및프랑스,재정경제부령,제36호,1998-08-06,1998-08-06,,,2001-04-05,,1,38848,8516.40.0000,8516.40.0000,,,제0조(본문(조문 없음) 부과대상물품) 관세법 제10조의 규정에 의하여 싱가폴ㆍ중국 및 프랑스산 가정용 전기다리미(관세율표번호 : 8516.40.0000) 및 그 공급자에 대하여 별표의 덤핑방지관세율에 의한 덤핑방지관세를 부과한다.,,,,
M020,일본산폴리비닐알콜,관세법제10조의규정에의한일본산폴리비닐알콜에대한덤핑방지관세부과에관한규칙,일본,재정경제부령,제40호,1998-08-20,1998-08-20,,,2003-04-09,,1,38856,3905.30.0000;3905.91.0000,3905.30.0000;3905.91.0000,Y,,"제0조(본문(조문 없음) 부과대상물품) 관세법 제10조의 규정에 의하여 다음 기호의 1에 해당하는 물품 및 그 공급자에 대하여 별표의 덤핑방지관세율에 의한 덤핑방지관세를 부과한다. 1. 일본산 폴리비닐알콜(관세율표번호:3905.30.0000)중 수용액 상태의 제품을 제외한 것으로서 점도 4∼9 cps, 검화도 77.0∼94.0㏖%의 제품군 또는 점도 18∼55 cps, 검화도 84.0∼99.9㏖%의 제품군의 범위에 속하는 폴리비닐알콜. 다만, 생산자중 구라레이의 PVA-117HI, PVA-117H, PVA-HC, 니폰고세의 EG-05, EG-20, EG-25, EG-30, EG-40, EG-50, 신네츠의 P-18, P-20, 덴카의 K-VG, CB-80, B-33, PC-100, 유니티가의 UV 규격은 이를 제외한다. 2. 일본산 공중합 폴리비닐알콜(관세율표번호 3905.30.0000, 3905.91.0000)중 수용액 상태의 제품을 제외한 것으로서 점도 4∼9cps, 검화도 77.0∼94.0㏖%의 제품군의 범위에 속하는 공중합 폴리비닐알콜","1. 일본산 폴리비닐알콜(관세율표번호:3905.30.0000)중 수용액 상태의 제품을 제외한 것으로서 점도 4∼9 cps, 검화도 77.0∼94.0㏖%의 제품군 또는 점도 18∼55 cps, 검화도 84.0∼99.9㏖%의 제품군의 범위에 속하는 폴리비닐알콜. 다만, 생산자중 구라레이의 PVA-117HI, PVA-117H, PVA-HC, 니폰고세의 EG-05, EG-20, EG-25, EG-30, EG-40, EG-50, 신네츠의 P-18, P-20, 덴카의 K-VG, CB-80, B-33, PC-100, 유니티가의 UV 규격은 이를 제외한다. 2. 일본산 공중합 폴리비닐알콜(관세율표번호 3905.30.0000, 3905.91.0000)중 수용액 상태의 제품을 제외한 것으로서 점도 4∼9cps, 검화도 77.0∼94.0㏖%의 제품군의 범위에 속하는 공중합 폴리비닐알콜","1. 일본산 폴리비닐알콜(관세율표번호:3905.30.0000)중 수용액 상태의 제품을 제외한 것으로서 점도 4∼9 cps, 검화도 77.0∼94.0㏖%의 제품군 또는 점도 18∼55 cps, 검화도 84.0∼99.9㏖%의 제품군의 범위에 속하는 폴리비닐알콜. 다만, 생산자중 구라레이의 PVA-117HI, PVA-117H, PVA-HC, 니폰고세의 EG-05, EG-20, EG-25, EG-30, EG-40, EG-50, 신네츠의 P-18, P-20, 덴카의 K-VG, CB-80, B-33, PC-100, 유니티가의 UV 규격은 이를 제외한다. 2. 일본산 공중합 폴리비닐알콜(관세율표번호 3905.30.0000, 3905.91.0000)중 수용액 상태의 제품을 제외한 것으로서 점도 4∼9cps, 검화도 77.0∼94.0㏖%의 제품군의 범위에 속하는 공중합 폴리비닐알콜",,
M021,중국산페로실리코망간,관세법제10조의규정에의한중국산페로실리코망간에대한덤핑방지관세부과에관한규칙,중국,재정경제부령,제42호,1998-08-24,1998-08-24,,,2003-04-09,,1,37125,7202.30.0000,7202.30.0000,Y,,"제0조(본문(조문 없음) 부과대상물품) 관세법 제10조의 규정에 의하여 중국산 페로실리코망간(관세율표번호:7202.30.0000)[탄소(C)성분함유량이 0.5퍼센트이하인 것을 제외한다] 및 그 공급자에 대하여 별표 1의 덤핑방지관세율에 의한 덤핑방지관세를 부과한다. 다만, 관세법 제10조제3항의 규정에 의한 가격수정에 관한 약속이 수락된 별표 2의 약속대상공급자에 대하여는 당해약속을 위반하는 경우에 한하여 덤핑방지관세를 부과한다.","관세법 제10조의 규정에 의하여 중국산 페로실리코망간(관세율표번호:7202.30.0000)[탄소(C)성분함유량이 0.5퍼센트이하인 것을 제외한다] 및 그 공급자에 대하여 별표 1의 덤핑방지관세율에 의한 덤핑방지관세를 부과한다. 다만, 관세법 제10조제3항의 규정에 의한 가격수정에 관한 약속이 수락된 별표 2의 약속대상공급자에 대하여는 당해약속을 위반하는 경우에 한하여 덤핑방지관세를 부과한다.","관세법 제10조의 규정에 의하여 중국산 페로실리코망간(관세율표번호:7202.30.0000)[탄소(C)성분함유량이 0.5퍼센트이하인 것을 제외한다] 및 그 공급자에 대하여 별표 1의 덤핑방지관세율에 의한 덤핑방지관세를 부과한다. 다만, 관세법 제10조제3항의 규정에 의한 가격수정에 관한 약속이 수락된 별표 2의 약속대상공급자에 대하여는 당해약속을 위반하는 경우에 한하여 덤핑방지관세를 부과한다.",,
M022,일본산인쇄제판용평면상사진플레이트,관세법제10조의규정에의한일본산인쇄제판용평면상사진플레이트에대한덤핑방지관세부과에관한규칙,일본,재정경제부령,제62호,1999-01-07,1999-01-07,3,,2002-01-07,,4,38854;38855;51157;52775,3701.30.9100,3701.30.9100,Y,,"제2조(부과대상물품) 덤핑방지관세가 부과되는 물품은 일본산 인쇄제판용평면상사진플레이트(관세율표번호:3701.30.9100)로 하되, 두께 0.4밀리미터(mm)의 것 및 아사히케미칼인더스트리(Asahi Chemical Industry Co., Ltd.)가 생산하는 아사히플렉소플레이트(Asahi Flexo Plate)는 부과대상에서 제외한다.","덤핑방지관세가 부과되는 물품은 일본산 인쇄제판용평면상사진플레이트(관세율표번호:3701.30.9100)로 하되, 두께 0.4밀리미터(mm)의 것 및 아사히케미칼인더스트리(Asahi Chemical Industry Co., Ltd.)가 생산하는 아사히플렉소플레이트(Asahi Flexo Plate)는 부과대상에서 제외한다.","덤핑방지관세가 부과되는 물품은 일본산 인쇄제판용평면상사진플레이트(관세율표번호 : 3701.30.9100)로 하되, 다음 각호의 1에 해당하는 것은 부과대상에서 제외한다. 1. 두께가 0.4밀리미터(mm)인 것 2. 플렉소그래픽인쇄기에 사용되는 플렉소플레이트(Flexo Plate) 3. 무습수플레이트(Waterless Plate)",,
M023,미국·일본및대만산유리장섬유,관세법제10조의규정에의한미국·일본및대만산유리장섬유에대한덤핑방지관세부과에관한규칙,미국·일본및대만,재정경제부령,제95호,1999-06-21,1999-06-21,,,2001-04-11,,1,38844,7019.11.0000;7019.12.0000;7019.19.0000;7019.31.0000,7019.11.0000;7019.12.0000;7019.19.0000;7019.31.0000,,,"제2조(부과대상물품) 덤핑방지관세과 부과되는 물품은 미국ㆍ일본 및 대만산으로tj 그 조성이 이 글라스(E-glass)인 유리장섬유(관세율표번호 : 7019.11.0000, 7019.12.0000, 7019.19.0000, 7019.31.0000)중 별표에 규정된 것으로 한다.",,,,
M024,중국및일본산알칼리망간건전지,관세법제10조의규정에의한중국및일본산알칼리망간건전지에대한덤핑방지관세부과에관한규칙,중국및일본,재정경제부령,제166호,2000-10-12,2000-10-12,,,2003-04-14,,1,37122,8506.10.2000,8506.10.2000,,,제2조(부과대상물품) 덤핑방지관세가 부과되는 물품은 중국 및 일본산 알칼리망간건전지(관세율표번호:8506.10.2000)로서 국제전기협회 (International Electrotechnical Commission)에서 정한 건전지규격의 LR03과 LR6에 해당하는 물품으로 한다.,,,,
M025,중국산소다회,관세법제10조의규정에의한중국산소다회에대한덤핑방지관세부과에관한규칙,중국,재정경제부령,제168호,2000-12-04,2000-12-04,2,,2002-12-04,,2,23026;53168,2836.20.0000,2836.20.0000,Y,,"제2조(부과대상물품) 덤핑방지관세가 부과되는 물품은 중국산 소다회(탄산이나트륨, 관세율표번호2836.20.0000)로 한다.",,"다만, 순도가 99.8퍼센트 이상인 소다회는 제외한다. <개정 2002. 4. 10.>",,
M026,독일산셀프복사지,관세법제51조의규정에의한독일산셀프복사지에대한덤핑방지관세부과에관한규칙,독일,재정경제부령,제215호,2001-08-13,2001-08-21,3,,2004-08-21,,1,50716,4809.20.1000;4809.20.2000;4816.20.1000;4816.20.2000,4809.20.1000;4809.20.2000;4816.20.1000;4816.20.2000,,,"제2조(부과대상물품) 덤핑방지관세가 부과되는 물품은 독일산 셀프복사지(관세율표번호 : 4809.20.1000, 4809.20.2000, 4816.20.1000, 4816.20.2000)로 한다.",,,,
M027,대만산시디알,관세법제51조의규정에의한대만산시디알에대한덤핑방지관세부과에관한규칙,대만,재정경제부령,제264호,2002-05-21,2002-05-21,,,2007-01-20,,1,5549,8523.90.0000,8523.90.0000,Y,,"제2조(부과대상물품) 덤핑방지관세가 부과되는 물품은 대만사 시디알(CD-R : Compact Disc Recordable, 관세율표번호 : 8523.90.0000)로 하되, 다음 각호의 1에 해당하는 것은 부과대상에서 제외한다. 1. 직경 12센티미터(㎝) 미만인 것 2. 시디알더블유(CD-RW : Compact Disc Re-Writable)","덤핑방지관세가 부과되는 물품은 대만사 시디알(CD-R : Compact Disc Recordable, 관세율표번호 : 8523.90.0000)로 하되, 다음 각호의 1에 해당하는 것은 부과대상에서 제외한다. 1. 직경 12센티미터(㎝) 미만인 것 2. 시디알더블유(CD-RW : Compact Disc Re-Writable)","덤핑방지관세가 부과되는 물품은 대만사 시디알(CD-R : Compact Disc Recordable, 관세율표번호 : 8523.90.0000)로 하되, 다음 각호의 1에 해당하는 것은 부과대상에서 제외한다. 1. 직경 12센티미터(㎝) 미만인 것 2. 시디알더블유(CD-RW : Compact Disc Re-Writable)",,
M028,러시아산에이치형강,관세법제51조의규정에의한러시아산에이치형강에대한덤핑방지관세부과에관한규칙,러시아,재정경제부령,제270호,2002-07-03,2002-07-03,,,2005-07-02,,1,52784,7216.33.1000;7216.33.2000,7216.33.1000;7216.33.2000,,,"제2조(부과대상물품) 덤핑방지관세가 부과되는 물품은 러시아산 에이치(H)형강(관세율표번호 : 7216.33.1000, 7216.33.2000)으로 한다.",,,,
M029,중국산포켓형라이타,관세법제51조의규정에의한중국산포켓형라이타에대한덤핑방지관세부과에관한규칙,중국,재정경제부령,제315호,2003-05-23,2003-05-23,,,2006-05-22,,1,57476,9613.10.0000;9613.20.0000,9613.10.0000;9613.20.0000,,,제2조(부과대상물품) 덤핑방지관세가 부과되는 물품은 다음 각호의 물품으로 한다. 1. 중국산일회용포켓형라이타(관세율표번호 : 9613.10.0000) 2. 중국산충전용포켓형라이타(관세율표번호 : 9613.20.0000)로서 일회용 포켓형라이타에 가스주입구를 부착하거나 라이타돌을 교체할 수 있도록 변형한 것,,,,
M030,일본산수화알루미늄,관세법제51조의규정에의한일본산수화알루미늄에대한덤핑방지관세부과에관한규칙,일본,재정경제부령,제324호,2003-07-18,2003-07-18,,,2008-07-17,,1,57191,2818.30.9000,2818.30.9000,Y,,"제2조(부과대상물품) 덤핑방지관세가 부과되는 물품은 일본산 수산화알루미늄(관세율표번호 : 2818.30.9000)으로 한다. 다만, 수분함유량이 4퍼센트 미만인 것을 제외한다.","다만, 수분함유량이 4퍼센트 미만인 것을 제외한다.","다만, 수분함유량이 4퍼센트 미만인 것을 제외한다.",,
M031,인도네시아산일회용포켓형라이타,관세법제51조의규정에의한인도네시아산일회용포켓형라이타에대한덤핑방지관세부과에관한규칙,인도네시아,재정경제부령,제329호,2003-09-09,2003-09-09,,,2006-09-08,,1,56800,9613.10.0000;9613.20.0000,9613.10.0000;9613.20.0000,,,제2조(부과대상물품) 덤핑방지관세가 부과되는 물픔은 다음 각호의 물품으로 한다. 1. 인도네시아산 일회용 포켓형 라이타(관세율표번호 : 9613.10.0000) 2. 인도네시아산 충전용 포켓형 라이타(관세율표번호 : 9613.20.0000)로서 일회용 포켓형라이타에 가스주입구를 부착하거나 라이타돌을 교체할 수 있도록 변형한 것,,,,
M032,인도네시아·중국산정보용지및백상지,관세법제51조의규정에의한인도네시아·중국산정보용지및백상지에대한덤핑방지관세부과에관한규칙,인도네시아·중국,재정경제부령,제330호,2003-11-07,2003-11-07,,,2006-11-06,,1,59178,4802.55.1010;4802.55.1090;4802.55.9010;4802.55.9090;4802.56.1010;4802.56.1090;4802.56.9090;4802.57.1010;4802.57.1090;4802.57.9010;4802.57.9090;4809.10.0000;4809.90.9000;4816.10.0000;4816.90.9000,4802.55.1010;4802.55.1090;4802.55.9010;4802.55.9090;4802.56.1010;4802.56.1090;4802.56.9090;4802.57.1010;4802.57.1090;4802.57.9010;4802.57.9090;4809.10.0000;4809.90.9000;4816.10.0000;4816.90.9000,,,"제2조(부과대상물품) 덤핑방지관세가 부과되는 물품은 인도네시아ㆍ중국산 정보용지 및 백상지(관세율표번호 : 4802.55.1010, 4802.55.1090, 4802.55.9010, 4802.55.9090, 4802.56.1010, 4802.56.1090, 802.56.9010, 4802.56.9090, 4802.57.1010, 4802.57.1090, 4802.57.9010, 4802.57.9090, 4809.10.0000, 4809.90.9000, 4816.10.0000, 4816.90.9000)로서 1제곱미터당 중량이 40g 이상 150g 이하인 것으로 한다.",,,,
M033,싱가폴·중국및일본산알칼리망간건전지,관세법제51조의규정에의한싱가폴·중국및일본산알칼리망간건전지에대한덤핑방지관세부과에관한규칙,싱가폴·중국및일본,재정경제부령,제334호,2003-12-03,2003-12-03,,,2006-12-02,,1,59332,8506.10.2000,8506.10.2000,,,제2조(부과대상물품) 덤핑방지관세가 부과되는 물품은 싱가폴ㆍ중국 및 일본산 알칼리망간건전지(관세율표번호 : 8506.10.2000)로서 국제전기협회(International Elec trotechnical Commission)에서 정한 건전지규격의 LR03과 LR6에 해당하는 물품으로 한다.,,,,
M034,일본산폴리비닐알콜,관세법제51조의규정에의한일본산폴리비닐알콜에대한덤핑방지관세부과에관한규칙,일본,재정경제부령,제332호,2003-12-03,2003-12-03,,,2006-12-02,,1,59216,3905.30.0000;3905.91.0000,3905.30.0000;3905.91.0000,Y,,"제2조(부과대상물품) 덤핑방지관세가 부과되는 물품은 다음 각호의 물품으로 한다. 1. 일본산 폴리비닐알콜(관세율표번호 : 3905.30.0000)중 점도 4 내지 9 씨피에스(cps), 검화도 77.0 내지 94.0 몰퍼센트(mol%)의 제품군 또는 점도 18 내지 55 씨피에스(cps), 검화도 84.0 내지 99.9 몰퍼센트(mol%)의 제품군에 속하는 폴리비닐알콜. 다만, 수용액 상태의 제품 및 다음 각목에 해당하는 규격의 제품을 제외한다. 가. 생산자중 구라레이(Kuraray Co., Ltd.)의 PVA-117HI, PVA-117H, PVA-HC, K-polymer(KL-118, KL-318, KM-118, KM-618), C-polymer(C-506), R-polymer(R-1130, R-2130), M-polymer(M-115, M-215), EXCEVAL(RS-1113, RS-1117, RS-1713, RS-1717, RS-2113, RS-2117, RS-2817, RS-2617, RS-2713) 나. 생산자중 니폰고세(The Nippon Synthetic Chemical Industry Co., Ltd.)의 EG-05, EG-20, EG-25, EG-30, EG-40, EG-50 다. 생산자중 재팬 뱀 앤 포발(Japan Vam & Poval Co., Ltd.)의 VP-18, VP-20, V 라. 생산자중 덴카(Denki Kagaku Kogyo Kabushili Kaisha)의 K-VG, CB-80, B-33, PC-100 2. 일본산 공중합 폴리비닐알콜(관세율표번호 : 3905.30.0000, 3905.91.0000)중 점도 4 내지 9 씨피에스(cps), 검화도 77.0 내지 94.0 몰퍼센트(mol%)의 제품군의 범위에 속하는 공중합 폴리비닐알콜. 다만, 수용액 상태의 제품을 제외한다.","다만, 수용액 상태의 제품 및 다음 각목에 해당하는 규격의 제품을 제외한다. 가. 생산자중 구라레이(Kuraray Co., Ltd.)의 PVA-117HI, PVA-117H, PVA-HC, K-polymer(KL-118, KL-318, KM-118, KM-618), C-polymer(C-506), R-polymer(R-1130, R-2130), M-polymer(M-115, M-215), EXCEVAL(RS-1113, RS-1117, RS-1713, RS-1717, RS-2113, RS-2117, RS-2817, RS-2617, RS-2713) 나. 생산자중 니폰고세(The Nippon Synthetic Chemical Industry Co., Ltd.)의 EG-05, EG-20, EG-25, EG-30, EG-40, EG-50 다. 생산자중 재팬 뱀 앤 포발(Japan Vam & Poval Co., Ltd.)의 VP-18, VP-20, V 라. 생산자중 덴카(Denki Kagaku Kogyo Kabushili Kaisha)의 K-VG, CB-80, B-33, PC-100 2. 일본산 공중합 폴리비닐알콜(관세율표번호 : 3905.30.0000, 3905.91.0000)중 점도 4 내지 9 씨피에스(cps), 검화도 77.0 내지 94.0 몰퍼센트(mol%)의 제품군의 범위에 속하는 공중합 폴리비닐알콜. 다만, 수용액 상태의 제품을 제외한다.","다만, 수용액 상태의 제품 및 다음 각목에 해당하는 규격의 제품을 제외한다. 가. 생산자중 구라레이(Kuraray Co., Ltd.)의 PVA-117HI, PVA-117H, PVA-HC, K-polymer(KL-118, KL-318, KM-118, KM-618), C-polymer(C-506), R-polymer(R-1130, R-2130), M-polymer(M-115, M-215), EXCEVAL(RS-1113, RS-1117, RS-1713, RS-1717, RS-2113, RS-2117, RS-2817, RS-2617, RS-2713) 나. 생산자중 니폰고세(The Nippon Synthetic Chemical Industry Co., Ltd.)의 EG-05, EG-20, EG-25, EG-30, EG-40, EG-50 다. 생산자중 재팬 뱀 앤 포발(Japan Vam & Poval Co., Ltd.)의 VP-18, VP-20, V 라. 생산자중 덴카(Denki Kagaku Kogyo Kabushili Kaisha)의 K-VG, CB-80, B-33, PC-100 2. 일본산 공중합 폴리비닐알콜(관세율표번호 : 3905.30.0000, 3905.91.0000)중 점도 4 내지 9 씨피에스(cps), 검화도 77.0 내지 94.0 몰퍼센트(mol%)의 제품군의 범위에 속하는 공중합 폴리비닐알콜. 다만, 수용액 상태의 제품을 제외한다.",,
M035,중국산페로실리코망간,관세법제51조의규정에의한중국산페로실리코망간에대한덤핑방지관세부과에관한규칙,중국,재정경제부령,제333호,2003-12-03,2003-12-03,,,2008-12-02,,1,59331,7202.30.0000,7202.30.0000,Y,,"제2조(부과대상물품) 덤핑방지관세가 부과되는 물품은 중국산 페로실리코망간(관세율표번호 : 7202.30.0000)으로 한다. 다만, 탄소(C) 함유량이 0.5퍼센트 이하인 것을 제외한다.","다만, 탄소(C) 함유량이 0.5퍼센트 이하인 것을 제외한다.","다만, 탄소(C) 함유량이 0.5퍼센트 이하인 것을 제외한다.",,
M036,중국산차아황산소다,관세법제51조의규정에의한중국산차아황산소다에대한덤핑방지관세부과에관한규칙,중국,재정경제부령,제384호,2004-06-23,2004-06-23,,,2007-06-22,,1,61546,2831.10.1000,2831.10.1000,,,제2조(부과대상물품) 덤핑방지관세가 부과되는 물품은 중국산 차아황산소다(관세율표번호 : 2831.10.1000)로 한다.,,,,
M037,일본·인도및스페인산스테인레스스틸바,관세법제51조의규정에의한일본·인도및스페인산스테인레스스틸바에대한덤핑방지관세부과에관한규칙,일본·인도및스페인,재정경제부령,제391호,2004-07-30,2004-07-30,,,2009-07-29,,3,60494;66554;81110,7222.11.0000;7222.19.0000;7222.20.0000;7222.30.0000;7222.40.0000,7222.11.0000;7222.19.0000;7222.20.0000;7222.30.0000,Y,Y,"제2조(부과대상물품) 덤핑방지관세가 부과되는 물품은 일본ㆍ인도 및 스페인산 스테인레스스틸바(관세율표번호 : 7222.11.0000, 7222.19.0000, 7222.20.0000, 7222.30.0000, 7222.40.0000)중 다음 각호의 1에 해당하는 것으로 한다. 다만, 별표에 규정된 제품을 제외한다. 1. 중공(中空)이 없는 원형강(Round Bar) : 지름이 600㎜ 이하인 것 2. 각강(Square Bar) : 대변거리가 4.5 ∼ 55㎜인 것 3. 육각강(Hexagonal Bar) : 대변거리가 5 ∼ 55㎜인 것 4. 평강(Flat Bar)중 다음 각목의 1에 해당하는 것 가. 두께가 3 ∼ 13㎜이고 너비가 15 ∼ 100㎜인 것 나. 두께가 13 ∼ 25㎜이고 너비가 15 ∼ 150㎜인 것 다. 두께가 25 ∼ 150㎜이고 너비가 150 ∼ 600㎜인 것 5. ㄱ형강(Angle Bar) : 두께가 3 ∼ 10㎜이고 너비가 20 ∼ 100㎜인 것","다만, 별표에 규정된 제품을 제외한다. 1. 중공(中空)이 없는 원형강(Round Bar) : 지름이 600㎜ 이하인 것 2. 각강(Square Bar) : 대변거리가 4.5 ∼ 55㎜인 것 3. 육각강(Hexagonal Bar) : 대변거리가 5 ∼ 55㎜인 것 4. 평강(Flat Bar)중 다음 각목의 1에 해당하는 것 가. 두께가 3 ∼ 13㎜이고 너비가 15 ∼ 100㎜인 것 나. 두께가 13 ∼ 25㎜이고 너비가 15 ∼ 150㎜인 것 다. 두께가 25 ∼ 150㎜이고 너비가 150 ∼ 600㎜인 것 5. ㄱ형강(Angle Bar) : 두께가 3 ∼ 10㎜이고 너비가 20 ∼ 100㎜인 것","다만, 별표에 규정된 제품을 제외한다. <개정 2007. 10. 29.> 1. 중공(中空)이 없는 원형강(Round Bar) : 지름이 600㎜ 이하인 것 2. 각강(Square Bar) : 대변거리가 4.5 ∼ 55㎜인 것 3. 육각강(Hexagonal Bar) : 대변거리가 5 ∼ 55㎜인 것 4. 평강(Flat Bar)중 다음 각목의 1에 해당하는 것 가. 두께가 3 ∼ 13㎜이고 너비가 15 ∼ 100㎜인 것 나. 두께가 13 ∼ 25㎜이고 너비가 15 ∼ 150㎜인 것 다. 두께가 25 ∼ 150㎜이고 너비가 150 ∼ 600㎜인 것","[별 표] 덤핑방지관세 부과대상에서 제외되는 물품(제2조 단서관련) 1. 내열강 JIS의 SUH1/1HT, SUH3/3HT, SUH11/11HT, SUH35, 21-2N, 21- 12N(SUH37), 23-8N, 21-4NNbW 규격 2. 니켈합금강 및 전자스테인레스강 3. LNG선박건조용 스테인레스스틸 플랫바(SUS304)로서 규격[두께(㎜)×폭(㎜) ×길이(㎜)]이 8×40×6000, 12×55×6000, 12×110×6000, 12×120×6000, 16×55×6000에 해당하는 것과 LNG선박건조용 스테인레스스틸 플랫바(SUS 304L)로서 규격[두께(㎜)×폭(㎜)×길이(㎜)]이 8×100×6000인 것 4. 합성섬유방사용 노즐용의 것으로서 SUS-630KN(HRC34-38) 원형강(￠30 --￠600) 및 SUS-630KN(HRC35-40) 사각강 5. 다음 각목의 1에 해당하는 것 가. 관이음쇠 및 유압용 육각강(SUS316)중 그 경도가 HRC 21∼23이고, 허 용공차가 H11이며, 대변거리가 5∼55㎜에 해당하는 것[구체적으로 대변 거리(단위 : ㎜)가 7.9, 9.5, 11.1, 12.0, 12.7, 14.0, 14.2, 15.0, 15.8, 16.0, 17.0, 17.4, 18.0, 19.1, 20.6, 22.0, 22.2, 23.8, 24.0, 25.0, 25.4, 26.9, 28.5, 30.0, 31.7, 32.0, 33.3, 34.9, 36.0, 38.1, 41.0, 44.4, 46.0, 47.6, 50.0, 54.0, 55.0인 것을 말한다] 나. 스테인레스스틸 원형강(SUS316)중 그 경도가 HRC 24∼28이고, 허용공 차가 H9이며, 지름이 6∼50.8㎜에 해당하는 것[구체적으로 지름(단위 : ㎜)이 6.0, 10.0, 12.0, 13.0, 14.0, 16.0, 18.0, 20.0, 23.0, 26.0, 29.0, 30.0, 32.0, 35.0, 40.0, 42.0, 50.8인 것을 말한다] 6. 가솔린 자동차용 연료펌프모타 샤프트(Shaft)용 원형강(SUS440C)으로서 지 름 5.1㎜, 길이 2,000㎜, 직경공차 ±0.02㎜ 이내, 진직도 ±0.018㎜ 이내, 진 원도 0.012㎜ 이내, 표면거칠기 3.2z 이내 및 표면경도 HRB96(Max)인 것 7. 자동차 연료조절기밸브용 원형강(SUS402F)으로서 규격[두께(㎜)×길이(㎜)] 이 7.1(＋0.05/－0)×2,500(＋30/－0) 또는 11.5(＋0.05/－0)×2,500(＋30/ －0)인 것 8. 자동차 및 유공압 솔레노이드밸브용 쾌삭스테인레스스틸바 원형강(ASK3200) 으로서 지름이 8㎜ 이하인 것 9. 전자부품가공용 쾌삭스테인레스스틸바 원형강(ASK3000U)으로서 지름이 1∼4㎜ 이하인 것",
M038,일본및미국산리튬1차전지,관세법제51조의규정에의한일본및미국산리튬1차전지에대한덤핑방지관세부과에관한규칙,일본및미국,재정경제부령,제390호,2004-07-30,2004-07-30,,,2007-07-29,,1,60493,8506.50.0000,8506.50.0000,,,"제2조(부과대상물품) 덤핑방지관세가 부과되는 물품은 일본 및 미국산 리튬1차전지(관세율표번호 : 8506.50.0000)로서 IEC(International Electrotechnical Commission)에서 규정하는 CR규격의 제품중 CR123A(CR17345), 2CR5(2CP3845), CRP2(2CP4036) 및 CR-2(CR16270)로 한다.",,,,
M039,미국·인도·중국및캐나다산염화콜린,관세법제51조의규정에의한미국·인도·중국및캐나다산염화콜린에대한덤핑방지관세부과에관한규칙,미국·인도·중국및캐나다,재정경제부령,제397호,2004-10-20,2004-10-20,,,2009-10-19,,1,62521,2309.90.2099;2309.90.3020;2309.90.9000;2923.10.2000,2309.90.2099;2309.90.3020;2309.90.9000;2923.10.2000,,,"제2조(부과대상물품) 덤핑방지관세가 부과되는 물품은 미국ㆍ인도ㆍ중국 및 캐나다산 염화콜린(관세율표번호 : 2309.90.2099중 콜린의 염, 2309.90.3020중 콜린의 염, 2309.90.9000중 콜린의 염, 2923.10.2000)으로 한다.",,,,
M040,중국산아나타제형이산화티타늄,관세법 제51조의 규정에 의한 중국산 아나타제형 이산화티타늄에 대한 덤핑방지관세의 부과에 관한 규칙,중국,재정경제부령,제419호,2005-03-02,2005-03-02,,,2008-03-01,,1,66897,2823.00.1000;2823.00.9000,2823.00.1000;2823.00.9000,Y,,"제2조(부과대상물품) 덤핑방지관세가 부과되는 물품은 중국산 아나타제형 이산화티타늄(관세율표번호 : 2823.00.1000, 2823.00.9000)으로서 화학식이 TiO2인 아나타제형 이산화티타늄(섬유용을 제외한다)으로 한다.","덤핑방지관세가 부과되는 물품은 중국산 아나타제형 이산화티타늄(관세율표번호 : 2823.00.1000, 2823.00.9000)으로서 화학식이 TiO2인 아나타제형 이산화티타늄(섬유용을 제외한다)으로 한다.","덤핑방지관세가 부과되는 물품은 중국산 아나타제형 이산화티타늄(관세율표번호 : 2823.00.1000, 2823.00.9000)으로서 화학식이 TiO2인 아나타제형 이산화티타늄(섬유용을 제외한다)으로 한다.",,
M041,일본산염화비닐중합체우판(PVCPlate),관세법 제51조의 규정에 의한 일본산 염화비닐중합체우판(PVC Plate)에 대한 덤핑방지관세의 부과에 관한 규칙,일본,재정경제부령,제436호,2005-04-20,2005-04-20,,,2009-12-19,,1,68889,3917.39.2000;3917.39.9000;3919.90.0000;3920.49.0000;3921.12.0000;3921.90.4010;3921.90.4020,3917.39.2000;3917.39.9000;3919.90.0000;3920.49.0000;3921.12.0000;3921.90.4010;3921.90.4020,Y,,"제2조(부과대상물품) 덤핑방지관세가 부과되는 물품은 일본산 염화비닐중합체후판(관세율표번호 : 3917.39.2000, 3917.39.9000, 3919.90.0000, 3920.49.0000, 3921.12.0000, 3921.90.4010, 3921.90.4020중 반도체ㆍLCD 및 PDP 제조설비의 골격ㆍ외형 등의 주재료용으로 사용되는 염화비닐중합체후판을 말한다)으로 하되, 제조공정방식이 압출방식에 의한 제품과 난연제품(FM규격)을 제외한다.","덤핑방지관세가 부과되는 물품은 일본산 염화비닐중합체후판(관세율표번호 : 3917.39.2000, 3917.39.9000, 3919.90.0000, 3920.49.0000, 3921.12.0000, 3921.90.4010, 3921.90.4020중 반도체ㆍLCD 및 PDP 제조설비의 골격ㆍ외형 등의 주재료용으로 사용되는 염화비닐중합체후판을 말한다)으로 하되, 제조공정방식이 압출방식에 의한 제품과 난연제품(FM규격)을 제외한다.","덤핑방지관세가 부과되는 물품은 일본산 염화비닐중합체후판(관세율표번호 : 3917.39.2000, 3917.39.9000, 3919.90.0000, 3920.49.0000, 3921.12.0000, 3921.90.4010, 3921.90.4020중 반도체ㆍLCD 및 PDP 제조설비의 골격ㆍ외형 등의 주재료용으로 사용되는 염화비닐중합체후판을 말한다)으로 하되, 제조공정방식이 압출방식에 의한 제품과 난연제품(FM규격)을 제외한다.",,
M042,일본산6축수직다관절형산업용로봇,관세법 제51조의 규정에 따른 일본산 6축 수직다관절형 산업용 로봇에 대한 덤핑방지관세의 부과에 관한 규칙,일본,재정경제부령,제463호,2005-09-16,2005-09-16,,,2010-04-17,,1,92840,8479.50.9000;8515.21.1010;8515.21.2010;8515.21.9010;8515.31.1010;8515.31.9010,8479.50.9000;8515.21.1010;8515.21.2010;8515.21.9010;8515.31.1010;8515.31.9010,Y,Y,"제2조(부과대상물품) ①덤핑방지관세가 부과되는 물품은 일본산 산업용 로봇(관세율표번호 : 8479.50.9000, 8515.21.1010, 8515.21.2010, 8515.21.9010, 8515.31.1010, 8515.31.9010)으로서 다음 각 호의 요건을 모두 갖춘 것으로 한다. 다만, 별표1에 규정된 제품을 제외한다. 1. 6축 수직다관절의 구조를 가진 산업용 로봇일 것 2. 주로 자동차산업 분야의 점용접(spot welding)작업, 운반ㆍ조정(handling)작업에 사용되는 산업용 로봇일 것 3. 운반할 수 있는 중량이 120킬로그램에서 210킬로그램까지인 범용산업용 로봇일 것 ②제1항의 규정을 적용함에 있어서 로봇 구성품은 로봇 본체, 제어장치, 조정기 및 전원케이블로 한정한다.","다만, 별표1에 규정된 제품을 제외한다. 1. 6축 수직다관절의 구조를 가진 산업용 로봇일 것 2. 주로 자동차산업 분야의 점용접(spot welding)작업, 운반ㆍ조정(handling)작업에 사용되는 산업용 로봇일 것 3. 운반할 수 있는 중량이 120킬로그램에서 210킬로그램까지인 범용산업용 로봇일 것 ②제1항의 규정을 적용함에 있어서 로봇 구성품은 로봇 본체, 제어장치, 조정기 및 전원케이블로 한정한다.","다만, 별표1에 규정된 제품을 제외한다. 1. 6축 수직다관절의 구조를 가진 산업용 로봇일 것 2. 주로 자동차산업 분야의 점용접(spot welding)작업, 운반ㆍ조정(handling)작업에 사용되는 산업용 로봇일 것 3. 운반할 수 있는 중량이 120킬로그램에서 210킬로그램까지인 범용산업용 로봇일 것 ②제1항의 규정을 적용함에 있어서 로봇 구성품은 로봇 본체, 제어장치, 조정기 및 전원케이블로 한정한다.","[별표 1] 덤핑방지관세 부과대상 제외물품(제2조관련) 1. 긴 팔(Long Arm)형 로봇 가. 정의 표준형 로봇에 비하여 긴 팔(Long Arm)을 장착하여 먼 곳의 작업물을 대상으로 작업을 하는 로봇으로서 최대 동작범위가 2천800백밀리미터 이상인 팔(Arm)을 가지고 있는 바닥설치형 로봇 나. 모델명 ZX130L?ZX165L?ZX200L(이상 가와사키중공업주식회사 제품), SH166L?SH200L (이상 주식회사 나찌 제품), UP130L?UP165L?UP200L(이상 주식회사 야스카와전기 제품), R-2000iA/125L(화낙주식회사 제품) 등으로 가목의 정의에 해당하는 것 2. 고밀도형 로봇 가. 정의 좁은 공간에서 작업하기 위하여 개발된 로봇으로서 높이가 1천 4백 5십밀리미터 이하이고 최대 동작범위가 1천 4백 5십밀리미터 이하인 로봇 나. 모델명 UB150(가와사키중공업주식회사 제품), SG160R·SG160P(이상 주식회사 나찌 제품), UP120E·UP165E(이상 주식회사 야스카와전기 제품), R-2000iA/165CF(화낙주식회사 제품)등으로 가목의 정의에 해당하는 것 3. 클린룸용 로봇 가. 정의 로봇 자체에 방진대책을 갖추어 깨끗한 환경을 요구하는 반도체 공장· 정밀전자부품공장 등에서 사용되는 로봇 나. 모델명 FC06N·FC10N·FC20N·FC30N·FC45N·FC60L(이상 가와사키중공업주식회사 제품), SH133C·SH166C(이상 주식회사 나찌 제품), CRJ·CR3X·CR20·CR50·CR130·CSL10·CSL15(이상 주식회사 야스카와 전기제품), M-6iB/6C·LR Mate 200iB/5C(화낙주식회사 제품)등으로 가목의 정의에 해당하는 것 4. 프레스간 및 공작기계 핸들링 로봇 가. 정의 (1) 프레스간 핸들링 로봇 작업물을 프레스장비에 적재하여 반복적 작업을 수행하는 로봇으로서 다음의 어느 하나에 해당하는 로봇 (가) 바닥이나 천장에 설치하여 적재작업을 반복적으로 수행할수 있도록 선회축(1축)을 2중으로 설치한 것 (나) 표준형 팔(Arm)보다 긴 팔(바닥설치형은 행동반경이 3천밀리미터 이상, 선반설치형은 행동반경이 3천 2백밀리미터 이상인 것을 말한다)을 가지고 있고, 분당처리속도가 10에스피엠(Sheet per minute) 이상인 것 (2) 공작기계 핸들링 로봇 수치제어(NC) 선반 등의 공작기계 자동화를 지원하기 위하여 피가공물 또는 작업물을 가공장비로 적재 또는 탈착하기 위한 작업을 반복적으로 수행할 수 있도록 특수하게 설계·개발되어 상부레일(Overhead Rail)에 설치되어 사용되는 것 나. 모델명 SC120LF(주식회사 나찌 제품), NY170LⅡ·SK506X·SR200X·EPH4000(이상 주식회사 야스카와전기 제품),S-900iB/200, R-2000iA/200T(이상 화낙주식회사 제품) 등으로 가목의 정의에 해당하는 것",
M043,중국산도자기질타일,관세법 제51조에 따른 중국산 도자기질 타일에 대한 덤핑방지관세의 부과에 관한 규칙,중국,재정경제부령,제509호,2006-05-30,2006-05-30,,,2010-12-29,,2,74088;90269,6907.90.1000;6907.90.9000;6908.90.1000;6908.90.9000;6901.00.3000,6907.90.1000;6907.90.9000;6908.90.1000;6908.90.9000;6901.00.3000,,,"제2조(부과대상물품) 덤핑방지관세가 부과되는 물품은 중국산 도자기질 타일(관세율표번호 : 6907.90.1000, 6907.90.9000, 6908.90.1000, 6908.90.9000, 6901.00.3000)로서 가로 및 세로의 길이가 70밀리미터 이상 1천 3백밀리미터 이하인 사각형태의 것을 말한다.",,,,
M044,중국·대만및말레이시아산폴리에스테르장섬유연신가공사,관세법 제51조에 따른 중국·대만 및 말레이시아산 폴리에스테르 장섬유 연신가공사에 대한 덤핑방지관세의 부과에 관한 규칙,중국·대만및말레이시아,재정경제부령,제526호,2006-10-20,2006-10-20,,,2009-10-20,,1,75857,5402.33.0000,5402.33.0000,Y,,"제2조(부과대상물품) 덤핑방지관세가 부과되는 물품은 중국ㆍ대만 및 말레이시아산 폴리에스테르 장섬유 연신가공사(Polyester Filament Draw Textured Yarn, 관세율표번호 : 5402.33.0000)로 한다. 다만, 다음 각 호의 어느 하나에 해당하는 물품을 제외한다. 1. 폴리에스테르를 나이론 등 다른 섬유와 복합방사한 물품 2. 폴리에스테르 장섬유 연신가공사를 종류가 다른 원사와 공기(空氣)로 접착시킨 물품","다만, 다음 각 호의 어느 하나에 해당하는 물품을 제외한다. 1. 폴리에스테르를 나이론 등 다른 섬유와 복합방사한 물품 2. 폴리에스테르 장섬유 연신가공사를 종류가 다른 원사와 공기(空氣)로 접착시킨 물품","다만, 다음 각 호의 어느 하나에 해당하는 물품을 제외한다. 1. 폴리에스테르를 나이론 등 다른 섬유와 복합방사한 물품 2. 폴리에스테르 장섬유 연신가공사를 종류가 다른 원사와 공기(空氣)로 접착시킨 물품",,
M045,일본산자동가이드홀펀칭기,관세법 제51조에 따른 일본산 자동가이드홀펀칭기에 대한 덤핑방지관세의 부과에 관한 규칙,일본,재정경제부령,제528호,2006-11-22,2006-11-23,,,2009-11-22,,1,76126,8462.41.1000;8462.49.1000,8462.41.1000;8462.49.1000,Y,,"제2조(부과대상물품) 덤핑방지관세가 부과되는 물품은 일본산 자동가이드홀펀칭기(관세율표번호 : 8462.41.1000, 8462.49.1000)로서 전하결합소자형 카메라(Charge-coupled Device Camera : CCD Camera)를 장착하고 천공장치를 이용하여 연성인쇄회로기판의 가이드홀(Guide Hole)이나 휴대전화기 키패드(Keypad)용 필름의 가이드홀을 수치제어방식에 의하여 자동으로 천공하는 것으로 한다. 다만, 롤 형태로 감겨져 있는 연성인쇄회로기판 또는 휴대전화기 키패드용 필름을 천공하는 것을 제외한다.","다만, 롤 형태로 감겨져 있는 연성인쇄회로기판 또는 휴대전화기 키패드용 필름을 천공하는 것을 제외한다.","다만, 롤 형태로 감겨져 있는 연성인쇄회로기판 또는 휴대전화기 키패드용 필름을 천공하는 것을 제외한다.",,
M046,중국·싱가포르및미국산폴리비닐알코올,관세법 제51조에 따른 중국·싱가포르 및 미국산 폴리비닐알코올에 대한 덤핑방지관세의 부과에 관한 규칙,중국·싱가포르및미국,재정경제부령,제530호,2006-12-11,2006-12-12,,,2009-12-11,,1,76309,3905.30.0000;3905.91.0000,3905.30.0000;3905.91.0000,Y,,"제2조(부과대상물품) 덤핑방지관세가 부과되는 물품은 중국ㆍ싱가포르 및 미국산 폴리비닐알코올(관세율표번호 : 3905.30.0000, 3905.91.0000)로 한다. 다만, 다음 각 호의 어느 하나에 해당하는 폴리비닐알코올을 제외한다. 1. 수용액 상태의 폴리비닐알코올 2. 검화도(치齒 化度)가 99.5몰퍼센트(mol%) 이상이고, 점도(粘度)가 60시피에스(cps) 내지 80시피에스(cps)이며, 중합도(重合度)가 2천600이상인 폴리비닐알코올","다만, 다음 각 호의 어느 하나에 해당하는 폴리비닐알코올을 제외한다. 1. 수용액 상태의 폴리비닐알코올 2. 검화도(치齒 化度)가 99.5몰퍼센트(mol%) 이상이고, 점도(粘度)가 60시피에스(cps) 내지 80시피에스(cps)이며, 중합도(重合度)가 2천600이상인 폴리비닐알코올","다만, 다음 각 호의 어느 하나에 해당하는 폴리비닐알코올을 제외한다. 1. 수용액 상태의 폴리비닐알코올 2. 검화도(치齒 化度)가 99.5몰퍼센트(mol%) 이상이고, 점도(粘度)가 60시피에스(cps) 내지 80시피에스(cps)이며, 중합도(重合度)가 2천600이상인 폴리비닐알코올",,
M047,인도네시아및중국산백상지,관세법 제51조에 따른 인도네시아 및 중국산 백상지에 대한 덤핑방지관세 부과에 관한 규칙,인도네시아및중국,재정경제부령,제564호,2007-06-01,2007-06-01,,,2010-05-31,,1,79226,4802.55.1010;4802.55.1090;4802.55.9010;4802.55.9090;4802.56.1010;4802.56.1090;4802.56.9010;4802.56.9090;4802.57.1010;4802.57.1090;4802.57.9010;4802.57.9090,4802.55.1010;4802.55.1090;4802.55.9010;4802.55.9090;4802.56.1010;4802.56.1090;4802.56.9010;4802.56.9090;4802.57.1010;4802.57.1090;4802.57.9010;4802.57.9090,,,"제2조(부과대상물품) 덤핑방지관세가 부과되는 물품은 인도네시아 및 중국산 백상지(관세율표번호 : 4802.55.1010, 4802.55.1090, 4802.55.9010, 4802.55.9090, 4802.56.1010, 4802.56.1090, 4802.56.9010, 4802.56.9090, 4802.57.1010, 4802.57.1090, 4802.57.9010, 4802.57.9090)로서 1제곱미터당 중량이 40그램 이상 150그램 이하인 것으로 한다.",,,,
M048,중국산차아황산소다,관세법 제51조에 따른 중국산 차아황산소다에 대한 덤핑방지관세부과에 관한 규칙,중국,재정경제부령,제601호,2008-01-31,2008-01-31,2,,2010-01-31,,1,82859,2831.10.1000,2831.10.1000,,,제2조(부과대상 물품) 덤핑방지관세가 부과되는 물품은 중국산 차아황산소다(관세율표번호:2831.10.1000)로 한다.,,,,
M049,중국산플로트판유리,관세법 제51조에 따른 중국산 플로트판유리에 대한 덤핑방지관세 부과에 관한 규칙,중국,기획재정부령,제11호,2008-04-17,2008-04-17,,,2010-10-28,,1,86812,7005.10;7005.21;7005.29,7005.10;7005.21;7005.29,Y,,"제2조(부과대상물품) 덤핑방지관세가 부과되는 물품은 플로트공법으로 생산된 중국산 판유리(관세율표 번호 : 7005.10, 7005.21, 7005.29) 중 다음 각 호의 어느 하나에 해당하는 것으로 하되, 코팅유리(Coated Glass), 무늬유리(Patterned Glass), 망입유리(Wired Glass), 복층유리(Insulating Glass), 강화유리(Tempered Glass), 접합유리(Laminated Glass), 에칭유리(EtchedGlass), 저철분유리(Low iron Glass) 등 판유리의 효용을 개선하기 위하여 가공한 유리를 제외한다. 1. 맑은 유리(Clear Float Glass) : 두께 4㎜ 초과 13㎜ 미만인 것 2. 색유리 중 그린유리(Green Float Glass) : 두께 4㎜ 초과 13㎜ 미만인 것","덤핑방지관세가 부과되는 물품은 플로트공법으로 생산된 중국산 판유리(관세율표 번호 : 7005.10, 7005.21, 7005.29) 중 다음 각 호의 어느 하나에 해당하는 것으로 하되, 코팅유리(Coated Glass), 무늬유리(Patterned Glass), 망입유리(Wired Glass), 복층유리(Insulating Glass), 강화유리(Tempered Glass), 접합유리(Laminated Glass), 에칭유리(EtchedGlass), 저철분유리(Low iron Glass) 등 판유리의 효용을 개선하기 위하여 가공한 유리를 제외한다. 1. 맑은 유리(Clear Float Glass) : 두께 4㎜ 초과 13㎜ 미만인 것 2. 색유리 중 그린유리(Green Float Glass) : 두께 4㎜ 초과 13㎜ 미만인 것","덤핑방지관세가 부과되는 물품은 플로트공법으로 생산된 중국산 판유리(관세율표 번호 : 7005.10, 7005.21, 7005.29) 중 다음 각 호의 어느 하나에 해당하는 것으로 하되, 코팅유리(Coated Glass), 무늬유리(Patterned Glass), 망입유리(Wired Glass), 복층유리(Insulating Glass), 강화유리(Tempered Glass), 접합유리(Laminated Glass), 에칭유리(EtchedGlass), 저철분유리(Low iron Glass) 등 판유리의 효용을 개선하기 위하여 가공한 유리를 제외한다. 1. 맑은 유리(Clear Float Glass) : 두께 4㎜ 초과 13㎜ 미만인 것 2. 색유리 중 그린유리(Green Float Glass) : 두께 4㎜ 초과 13㎜ 미만인 것",,
M050,중국산과산화벤조일,관세법 제51조에 따른 중국산 과산화벤조일에 대한 덤핑방지관세 부과에 관한 규칙,중국,기획재정부령,제24호,2008-05-16,2008-05-16,3,,2011-05-16,,1,87059,2916.32,2916.32,,,"제2조(부과대상물품) 덤핑방지관세가 부과되는 물품은 과산화벤조일(관세율표 번호: 2916.32) 중농도 50퍼센트부터 94퍼센트까지의 중국산으로서 수분 외의 물질을 포함하지 아니한 것으로 한다. 다만, 정상적인 제조과정에서 불순물이 첨가되는 경우는 부과대상에 포함한다.",,,,
M051,중국·일본및싱가포르산초산에틸,관세법 제51조에 따른 중국·일본 및 싱가포르산 초산에틸에 대한 덤핑방지관세 부과에 관한 규칙,중국·일본및싱가포르,기획재정부령,제34호,2008-08-25,2008-08-25,3,,2011-08-25,,1,88552,2915.31,2915.31,,,"제2조(부과대상 물품) 덤핑방지관세가 부과되는 물품은 중국ㆍ일본 및 싱가포르산 초산에틸(Ethyl Acetate, 관세율표 번호：2915.31)로 한다.",,,,
M052,중국산아나타제형이산화티타늄,관세법 제51조에 따른 중국산 아나타제형 이산화티타늄에 대한 덤핑방지관세 부과에 관한 규칙,중국,기획재정부령,제33호,2008-08-25,2008-08-25,,,2011-03-01,,1,88551,2823.00,2823.00,Y,,제2조(부과대상 물품) 덤핑방지관세가 부과되는 물품은 중국산 아나타제형 이산화티타늄(관세율표 번호：2823.00)으로서 화학식이 TiO2인 아나타제형 이산화티타늄(섬유용은 제외한다)으로 한다.,덤핑방지관세가 부과되는 물품은 중국산 아나타제형 이산화티타늄(관세율표 번호：2823.00)으로서 화학식이 TiO2인 아나타제형 이산화티타늄(섬유용은 제외한다)으로 한다.,덤핑방지관세가 부과되는 물품은 중국산 아나타제형 이산화티타늄(관세율표 번호：2823.00)으로서 화학식이 TiO2인 아나타제형 이산화티타늄(섬유용은 제외한다)으로 한다.,,
M053,러시아·미국·인도네시아·중국및캐나다산크라프트지,러시아·미국·인도네시아·중국 및 캐나다산 크라프트지에 대한 덤핑방지관세 부과에 관한 규칙,러시아·미국·인도네시아·중국및캐나다,기획재정부령,제38호,2008-10-27,2008-10-27,,,2011-10-26,,1,89450,4804.21;4804.29,4804.21;4804.29,Y,,"제2조(부과대상 물품) 덤핑방지관세가 부과되는 물품은 러시아ㆍ미국ㆍ인도네시아ㆍ중국 및 캐나다산 크라프트지(관세율표 번호: 4804.21, 4804.29)로서 1제곱미터당 중량이 50그램 이상 150그램 이하인 제품으로 한다. 다만, 한국산업규격(KS M ISO) 1924-2에 따라 측정한 인장 파괴 신장률이 세로 6.2퍼센트 이상이며 가로 5.5퍼센트 이상인 크라프트지는 제외한다.","다만, 한국산업규격(KS M ISO) 1924-2에 따라 측정한 인장 파괴 신장률이 세로 6.2퍼센트 이상이며 가로 5.5퍼센트 이상인 크라프트지는 제외한다.","다만, 한국산업규격(KS M ISO) 1924-2에 따라 측정한 인장 파괴 신장률이 세로 6.2퍼센트 이상이며 가로 5.5퍼센트 이상인 크라프트지는 제외한다.",,
M054,중국및인도산폴리에틸렌테레프탈레이트(PET)필름,중국 및 인도산 폴리에틸렌 테레프탈레이트(PET) 필름에 대한 덤핑방지관세의 부과에 관한 규칙,중국및인도,기획재정부령,제37호,2008-10-27,2008-10-27,,,2011-10-26,,1,89449,3920.62;3920.69,3920.62;3920.69,Y,Y,"제2조(부과대상 물품) 덤핑방지관세가 부과되는 물품은 중국 및 인도산 폴리에틸렌 테레프탈레이트(Polyethylene terephthalate, PET) 필름(관세율표 번호: 3920.62, 3920.69)으로 한다. 다만, 별표 1에 따른 물품은 제외한다.","다만, 별표 1에 따른 물품은 제외한다.","다만, 별표 1에 따른 물품은 제외한다.","[별표 1] 덤핑방지관세 부과대상 제외물품(제2조 관련) 1. 두께가 9㎛ 미만으로서 증착되지 않은 폴리에틸렌 테레프탈레이트 필름 2. 비냉매용 모터 절연용(絶緣用)으로 사용되는 두께 125㎛ 이상인 흰색의 폴리에틸렌 테레프탈레이트 필름 가. 규격 미국 Underwriters Laboratory Inc.가 지정한 시험방식에 따라 측정한 전기적 및 기계적 내열성(Relative Thermal Index, RTI)이 각각 섭씨 105도 이상이고 흐림도(Haze)가 70퍼센트 이상일 것 나. 모델명 Garfilm EM6(인도 Garware Polyester Limited 제품), J-470(인도 Jindal Polyfilms Limited 제품) 등으로 가목의 규격에 해당하는 것 3. 냉매용 모터 절연용으로 사용되는 두께 125㎛ 이상인 흰색의 폴리에틸렌 테레프탈레이트 필름 가. 규격 미국 Underwriters Laboratory Inc.가 지정한 시험방식에 따라 측정한 전기적 및 기계적 내열성(Relative Thermal Index, RTI)이 각각 섭씨 140도, 125도 이상이고 소중합체(Oligomer) 추출비율이 0.65퍼센트 이하이며 흐림도(Haze)가 75퍼센트 이상일 것 나. 모델명 Garfilm EM6-L.O.(인도 Garware Polyester Limited 제품) 등으로 가목의 규격에 해당하는 것",
M055,대만및중국산폴리에스터장섬유부분연신사,대만 및 중국산 폴리에스터 장섬유 부분연신사에 대한 덤핑방지관세의 부과에 관한 규칙,대만및중국,기획재정부령,제52호,2009-01-21,2009-01-21,3,,2012-01-21,,1,91263,5402.46,5402.46,,,제2조(부과대상 물품) 덤핑방지관세가 부과되는 물품은 대만 및 중국산 폴리에스터 장섬유 부분연신사(관세율표 번호: 5402.46)로 한다.,,,,
M056,태국및말레이시아산파티클보드,태국 및 말레이시아산 파티클보드에 대한 덤핑방지관세의 부과에 관한 규칙,태국및말레이시아,기획재정부령,제75호,2009-04-24,2009-04-24,3,,2012-04-24,,1,92843,4410.11.1000,4410.11.1000,,,제2조(부과대상 물품) 덤핑방지관세가 부과되는 물품은 태국 및 말레이시아산 파티클보드(관세ㆍ통계통합품목분류표 번호: 4410.11.1000)로 한다.,,,,
M057,미국·인도·중국및캐나다산염화콜린,미국ㆍ인도ㆍ중국 및 캐나다산 염화콜린에 대한 덤핑방지관세 부과에 관한 규칙,미국·인도·중국및캐나다,기획재정부령,제127호,2010-01-29,2010-01-29,3,,2013-01-29,,1,102418,2309.90.2099;2309.90.3020;2309.90.9000;2923.10.2000,2309.90.2099;2309.90.3020;2309.90.9000;2923.10.2000,,,"제2조(부과대상 물품) 덤핑방지관세가 부과되는 물품은 미국ㆍ인도ㆍ중국 및 캐나다산 염화콜린(관세ㆍ통계통합품목분류표 번호: 제2309.90.2099호 중 콜린의 염, 제2309.90.3020호 중 콜린의 염, 제2309.90.9000호 중 콜린의 염, 제2923.10.2000호)으로 한다.",,,,
M058,일본·인도및스페인산스테인리스스틸바,일본ㆍ인도 및 스페인산 스테인리스 스틸바에 대한 덤핑방지관세 부과에 관한 규칙,일본·인도및스페인,기획재정부령,제129호,2010-02-24,2010-02-24,3,,2013-02-24,,1,102831,7222.11.0000;7222.19.0000;7222.20.0000;7222.30.0000,7222.11.0000;7222.19.0000;7222.20.0000;7222.30.0000,Y,Y,"제2조(부과대상 물품) 덤핑방지관세가 부과되는 물품은 일본ㆍ인도 및 스페인산 스테인리스 스틸바(관세ㆍ통계통합품목분류표 번호: 제7222.11.0000호, 제7222.19.0000호, 제7222.20.0000호, 제7222.30.0000호) 중 다음 각 호의 어느 하나에 해당하는 것으로 한다. 다만, 별표 1에 규정된 물품은 제외한다. 1. 중공(中空)이 없는 원형강(Round Bar): 지름이 600㎜ 이하인 것 2. 각강(Square Bar): 대변거리가 4.5㎜ 이상 40㎜ 이하인 것 3. 육각강(Hexagonal Bar): 대변거리가 5㎜ 이상 40㎜ 이하인 것 4. 평강(Flat Bar) 중 다음 각 목의 어느 하나에 해당하는 것 가. 두께가 9㎜ 이상 13㎜ 이하이고 너비가 15㎜ 이상 100㎜ 이하인 것 나. 두께가 13㎜ 이상 20㎜ 이하이고 너비가 15㎜ 이상 150㎜ 이하인 것 다. 두께가 25㎜ 이상 150㎜ 이하이고 너비가 150㎜ 이상 600㎜ 이하인 것. 다만, 두께가 100㎜ 초과 150㎜ 이하이고 너비가 150㎜ 이상 210㎜ 이하인 것은 제외한다.","다만, 별표 1에 규정된 물품은 제외한다. 1. 중공(中空)이 없는 원형강(Round Bar): 지름이 600㎜ 이하인 것 2. 각강(Square Bar): 대변거리가 4.5㎜ 이상 40㎜ 이하인 것 3. 육각강(Hexagonal Bar): 대변거리가 5㎜ 이상 40㎜ 이하인 것 4. 평강(Flat Bar) 중 다음 각 목의 어느 하나에 해당하는 것 가. 두께가 9㎜ 이상 13㎜ 이하이고 너비가 15㎜ 이상 100㎜ 이하인 것 나. 두께가 13㎜ 이상 20㎜ 이하이고 너비가 15㎜ 이상 150㎜ 이하인 것 다. 두께가 25㎜ 이상 150㎜ 이하이고 너비가 150㎜ 이상 600㎜ 이하인 것. 다만, 두께가 100㎜ 초과 150㎜ 이하이고 너비가 150㎜ 이상 210㎜ 이하인 것은 제외한다.","다만, 별표 1에 규정된 물품은 제외한다. 1. 중공(中空)이 없는 원형강(Round Bar): 지름이 600㎜ 이하인 것 2. 각강(Square Bar): 대변거리가 4.5㎜ 이상 40㎜ 이하인 것 3. 육각강(Hexagonal Bar): 대변거리가 5㎜ 이상 40㎜ 이하인 것 4. 평강(Flat Bar) 중 다음 각 목의 어느 하나에 해당하는 것 가. 두께가 9㎜ 이상 13㎜ 이하이고 너비가 15㎜ 이상 100㎜ 이하인 것 나. 두께가 13㎜ 이상 20㎜ 이하이고 너비가 15㎜ 이상 150㎜ 이하인 것 다. 두께가 25㎜ 이상 150㎜ 이하이고 너비가 150㎜ 이상 600㎜ 이하인 것. 다만, 두께가 100㎜ 초과 150㎜ 이하이고 너비가 150㎜ 이상 210㎜ 이하인 것은 제외한다.","[별표 1] 덤핑방지관세 부과대상에서 제외되는 물품(제2조 단서 관련) 1. 내열강 JIS의 SUH1/1HT, SUH3/3HT, SUH11/11HT, SUH35, 21-2N, 21-12N(SUH37), 23-8N, 21-4NNbW 규격인 것 2. 니켈합금강 및 전자스테인리스강(Electromagnetic stainless steel) 3. LNG선박 건조용 스테인리스스틸 평강(SUS304)으로서 규격[두께(㎜)×너비(㎜)×길이(㎜)]이 12×55×6,000, 16×55×6,000인 것 4. 합성섬유방사 노즐용으로서 원형강(SUS-630KN) 중 그 경도가 HRC 34～38이고 지름이 30㎜ 이상 600㎜ 이하인 것과 사각강(SUS-630KN) 중 그 경도가 HRC 35～40인 것 5. 다음 각 목의 어느 하나에 해당하는 것 가. 관이음쇠 및 유압용 육각강(SUS316) 중 그 경도가 HRC 21∼23이고, 허용공차가 H11이며, 대변거리(단위: ㎜)가 7.9, 9.5, 11.1, 12.0, 12.7, 14.0, 14.2, 15.0, 15.8, 16.0, 17.0, 17.4, 18.0, 19.1, 20.6, 22.0, 22.2, 23.8, 24.0, 25.0, 25.4, 26.9, 28.5, 30.0, 31.7, 32.0, 33.3, 34.9, 36.0 또는 38.1인 것 나. 스테인리스스틸 원형강(SUS316) 중 그 경도가 HRC 24∼28이고, 허용공차가 H9이며, 지름(단위: ㎜)이 6.0, 10.0, 12.0, 13.0, 14.0, 16.0, 18.0, 20.0, 23.0, 26.0, 29.0, 30.0, 32.0, 35.0, 40.0, 42.0 또는 50.8인 것 6. 가솔린 자동차 연료펌프모터 샤프트(Shaft)용 원형강(SUS440C)으로서 지름 5.1㎜, 길이 2,000㎜, 직경공차 ±0.02㎜ 이내, 진직도 ±0.018㎜ 이내, 진원도 0.012㎜ 이내, 표면거칠기 3.2z 이내 및 표면경도 HRB96(Max)인 것 7. 자동차 연료조절기밸브용 원형강(SUS420F)으로서 규격[지름(㎜)×길이(㎜)]이 7.1(＋0.05/－0)×2,500(＋30/－0) 또는 11.5(＋0.05/－0)×2,500(＋30/－0)인 것 8. 자동차 및 유공압 솔레노이드밸브용 쾌삭스테인리스 스틸바 원형강(ASK3200)으로서 지름이 8㎜ 이하인 것 9. 전자부품 가공용 쾌삭스테인리스 스틸바 원형강(ASK3000U)으로서 지름이 1㎜ 이상 4㎜ 이하인 것",
M059,중국·대만및말레이시아산폴리에스테르장섬유연신가공사,중국·대만 및 말레이시아산 폴리에스테르 장섬유 연신가공사에 대한 덤핑방지관세 부과에 관한 규칙,중국·대만및말레이시아,기획재정부령,제604호,2010-05-18,2010-05-18,3,,2013-05-18,,1,105272,5402.33.9000,5402.33.9000,Y,Y,"제2조(부과대상 물품) 덤핑방지관세가 부과되는 물품은 중국ㆍ대만 및 말레이시아산 폴리에스테르 장섬유 연신가공사(Polyester Filament Draw Textured Yarn, 관세ㆍ통계통합품목분류표 번호: 제5402.33.9000호)로 한다. 다만, 별표 1에 규정된 물품은 제외한다.","다만, 별표 1에 규정된 물품은 제외한다.","다만, 별표 1에 규정된 물품은 제외한다.","[ 별표 1] 덤핑방지관세 부과대상에서 제외되는 물품( 제2 조 단서 관련) 1. 폴리에스테르를 나일론 등 다른 섬유와 복합방사한 물품 2. 폴리에스테르 장섬유 연신가공사를 종류가 다른 원사와 공기( 空氣 ) 로 접착시킨 물품 3. 양이온 염색 가능 폴리에스테르 장섬유 연신가공사(Cationic Dyeable Polyester Filament Draw Textured Yarn) 가. 정의 섬유 내부에 다양한 양의 코모노머(Comonomer) 를 함유한 폴리 에스테르 장섬유 연신가공사로서 다음의 어느 하나에 해당하는 것 1) 5-sodium Sulfo Dimethyl Isophthalate(DMS) 를 1.3mol% 함 유한 Cationic Dyeable Polyester Chip 으로만 생산된 것 2) Cationic Dyeable Polyester Chip 과 일반 폴리에스테르칩을 다양한 비율로 혼합한 경우에는 중량기준으로 Cationic Dyeable Polyester Chip 이 1% 이상 포함된 것 나. 모델 양이온 염색 가능 폴리에스테르 장섬유 연신가공사 100% 로 이 루어지고, 단면이 원형(Round Cross-Section Group) 인 것 중 51D/36F, 51D/72F, 75D/72F/2, 75D/36F, 150D/96F/2 또는 150D/144F/2 인 것 ※ D: 실의 굵기(denier), F: 필라멘트(Filament)의 수, 2: 실타래 2개 4. Dope Dyed Black 폴리에스테르 장섬유 연신가공사 가. 정의 방사과정에서 카본블랙을 혼합한 Black Dope Dyed Polyester POY( 폴리에스테르 장섬유 부분연신사) 를 가연하여 생산된 폴리 에스테르 장섬유 연신가공사 나. 모델 50D/72F, 75D/36F, 100D/36F 또는 300D/96F 인 것 ※ D: 실의 굵기(denier), F: 필라멘트(Filament)의 수 5. Bamboo Charcoal 폴리에스테르 장섬유 연신가공사 가. 정의 중합과정에서 bamboo charcoal 성분의 나노물질이 첨가된 것 으로서 중량기준으로 bamboo charcoal 성분이 0.02% 이상 포 함된 것 나. 모델 가목에 해당하는 모든 것 6. 습도조절(Moisture Management 또는 Cool and Dry) 폴리에스테 르 장섬유 연신가공사 가. 정의 다음의 어느 하나에 해당하는 것 1) 내부의 수분을 외부로 방출하기 위하여 통로의 역할을 하는 ""X"", ""Y"", ""C"", 파도(wave), 중공( 中空 ) 형태 또는 이들을 혼합한 다양한 형태의 단면을 가진 것 2) 중합과정에서 옥( 玉 ) 파우더와 같은 냉각효과를 갖는 미네랄 파우더를 중량의 0.5% 이상 첨가한 것 3) 1) 과 2) 를 혼합하여 생산된 것 나. 모델 가목에 해당하는 모든 것 7. 원적외선(Far-infrared) 폴리에스테르 장섬유 연신가공사 가. 정의 중합과정에서 크기가 70 ㎚～ 100 ㎚인 이산화규소(SiO2 ) 나노 파 우더가 중량의 0.5% 이상 혼합되고, 방사과정에서 원적외선 공 정을 거쳐 생산된 것 나. 모델 가목에 해당하는 모든 것 8. Polyester Trilobal Bright 폴리에스테르 장섬유 연신가공사 가. 정의 테레프탈산(TPA) 과 모노에틸렌글리콜(MEG) 의 중합과정에서 이 산화티타늄(TiO2 ) 을 첨가하지 아니한 것으로서 방사과정에서 삼 각단면 노즐을 사용하여 섬유의 단면이 삼각형인 Polyester TBR POY 를 연신 ㆍ가연하여 생산한 제품으로 광택(Luster) 이 Bright 급 이고 단면이 삼각형인 것 나. 모델 가목에 해당하는 모든 것",
M060,중국산차아황산소다,중국산 차아황산소다에 대한 덤핑방지관세 부과에 관한 규칙,중국,기획재정부령,제164호,2010-08-06,2010-08-06,2,,2012-08-06,,1,107054,2831.10.1000,2831.10.1000,,,제2조(부과대상 물품) 덤핑방지관세가 부과되는 물품은 중국산 차아황산소다(관세ㆍ통계통합품목분류표 번호: 제2831.10.1000호)로 한다.,,,,
M061,말레이시아산합판,말레이시아산 합판에 대한 덤핑방지관세 부과에 관한 규칙,말레이시아,기획재정부령,제186호,2011-02-01,2011-02-01,3,,2014-02-01,,1,110423,4412.31;4412.32,4412.31;4412.32,,,제2조(부과대상 물품) 덤핑방지관세가 부과되는 물품은 말레이시아산 합판(관세ㆍ통계통합품목분류표 번호: 제4412.31호 또는 제4412.32호) 중 두께가 6밀리미터(㎜) 이상인 것으로 한다.,,,,
M062,일본산스테인리스스틸후판,일본산 스테인리스스틸 후판에 대한 덤핑방지관세 부과에 관한 규칙,일본,기획재정부령,제207호,2011-04-21,2011-04-21,5,,2016-04-21,,2,112623;132924,7219.21.1010;7219.21.1090;7219.21.9000;7219.22.1010;7219.22.1090;7219.22.9000,7219.21.1010;7219.21.1090;7219.21.9000;7219.22.1010;7219.22.1090;7219.22.9000,Y,Y,"제2조(부과대상 물품) 덤핑방지관세가 부과되는 물품은 일본산 스테인리스스틸 후판(「관세법 시행령」 제98조에 따른 관세ㆍ통계통합품목분류표 번호: 제7219.21.1010호, 제7219.21.1090호, 제7219.21.9000호, 제7219.22.1010호, 제7219.22.1090호, 제7219.22.9000호에 해당하는 것을 말한다) 중 다음 각 호의 요건을 모두 갖춘 것으로 한다. 다만, 별표에 규정된 물품은 제외한다. 1. 스테인리스강(탄소의 함유량이 전체 중량의 100분의 1.2 이하이고 크롬의 함유량이 전체 중량의 100분의 10.5 이상인 합금강을 말한다)일 것 2. 두께가 8밀리미터 이상 80밀리미터 이하이고 너비가 1천밀리미터 이상 3천270밀리미터 이하인 열간압연(熱間壓延) 강판일 것 3. 압연, 열처리, 냉각 및 후처리과정[교정, 절단, 산세(酸洗) 및 포장을 말한다]을 거친 완제품으로서 코일형태의 제품이 아닌 것","다만, 별표에 규정된 물품은 제외한다. 1. 스테인리스강(탄소의 함유량이 전체 중량의 100분의 1.2 이하이고 크롬의 함유량이 전체 중량의 100분의 10.5 이상인 합금강을 말한다)일 것 2. 두께가 8밀리미터 이상 80밀리미터 이하이고 너비가 1천밀리미터 이상 3천270밀리미터 이하인 열간압연(熱間壓延) 강판일 것 3. 압연, 열처리, 냉각 및 후처리과정[교정, 절단, 산세(酸洗) 및 포장을 말한다]을 거친 완제품으로서 코일형태의 제품이 아닌 것","다만, 별표에 규정된 물품은 제외한다. 1. 스테인리스강(탄소의 함유량이 전체 중량의 100분의 1.2 이하이고 크롬의 함유량이 전체 중량의 100분의 10.5 이상인 합금강을 말한다)일 것 2. 두께가 8밀리미터 이상 80밀리미터 이하이고 너비가 1천밀리미터 이상 3천270밀리미터 이하인 열간압연(熱間壓延) 강판일 것 3. 압연, 열처리, 냉각 및 후처리과정[교정, 절단, 산세(酸洗) 및 포장을 말한다]을 거친 완제품으로서 코일형태의 제품이 아닌 것","[별표] <개정 2013.2.28> 덤핑방지관세 부과대상에서 제외되는 물품(제2조 각 호 외의 부분 단서 관련) 1. Nippon Yakin Kogyo Co., Ltd에서 공급하는 공급자 기호 NAS 800[이 규칙 시행일 현재의 일본공업규격(Japanese Industrial Standards, 이하 ""JIS""라 한다)의 NCF 800에 해당한다] 강종(鋼種)인 것 2. JIS의 SUS 410 강종인 것 3. 이 규칙 시행일 현재의 미국재료시험협회(American Society for Testing Materials, 이하 ""ASTM""이라 한다)의 410S 또는 JIS의 SUS 410S 강종인 것 4. JIS의 SUS 329J4L(공급자 기호 NAS 64를 포함한다) 강종인 것 5. ASTM의 S 32750(공급자 기호 NAS 74N을 포함한다) 강종인 것 6. 공급자 기호 NAS 800H(JIS의 NCF 800H에 해당한다) 강종인 것 7. 공급자 기호 NAS 255(JIS의 SUS 890L에 해당한다) 강종인 것 8. 공급자 기호 NAS 185N(JIS의 SUS 312L에 해당한다) 강종인 것 9. 공급자 기호 NAS 800T[이 규칙 시행일 현재의 미국통일규격부여시스템(Unified Numbering System, 이하 ""UNS No.""라 한다)의 N 08811에 해당한다] 강종인 것 10. 공급자 기호 NAS 254NM(UNS No. N 08367에 해당한다) 강종인 것 11. 공급자 기호 NAS 255NM(UNS No. N 08926에 해당한다) 강종인 것 12. 공급자 기호 NAS 75N(UNS No. S 32760에 해당한다) 강종인 것 13. Nippon Steel & Sumikin Stainless Steel Corporation의 고유 강종(NSSC 409L) 중 다음 각 목의 요건을 모두 갖춘 것 가. 탄소 함유량이 전체 중량의 0.03% 이하일 것 나. 규소 함유량이 전체 중량의 1.00% 이하일 것 다. 망간 함유량이 전체 중량의 1.00% 이하일 것 라. 인 함유량이 전체 중량의 0.04% 이하일 것 마. 황 함유량이 전체 중량의 0.03% 이하일 것 바. 크롬 함유량이 전체 중량의 10.50% 이상 11.45% 이하일 것 사. 티타늄 함유량이 전체 중량의 0.75% 이하(하한치는 탄소 함유량의 6배 이상)일 것 14. NIPPON STEEL & SUMITOMO METAL CORPORATION의 고유강종(NSSMC-NAR-SN-1) 중 다음 각 목의 요건을 모두 갖춘 것 가. 탄소 함유량이 전체 중량의 0.02% 이하일 것 나. 규소 함유량이 전체 중량의 3.90% 이상 4.70% 이하일 것 다. 망간 함유량이 전체 중량의 1.50% 이하일 것 라. 인 함유량이 전체 중량의 0.03% 이하일 것 마. 황 함유량이 전체 중량의 0.03% 이하일 것 바. 몰리브덴 함유량이 전체 중량의 0.50% 이하일 것 사. 구리 함유량이 전체 중량의 0.50% 이하일 것 아. 니켈 함유량이 전체 중량의 13.00% 이상 15.50% 이하일 것 자. 크롬 함유량이 전체 중량의 16.50% 이상 18.50% 이하일 것",
M063,중국산플로트판유리,중국산 플로트판유리에 대한 덤핑방지관세 부과에 관한 규칙,중국,기획재정부령,제211호,2011-05-24,2011-05-24,3,,2014-05-24,,1,113643,7005.21.4000;7005.21.5000;7005.21.6000;7005.21.7010;7005.21.7020;7005.21.7030;7005.29.4010;7005.29.4090;7005.29.5010;7005.29.5090;7005.29.6010;7005.29.6090;7005.29.7010;7005.29.7090;7005.29.8010;7005.29.8090;7005.29.9010;7005.29.9090,7005.21.4000;7005.21.5000;7005.21.6000;7005.21.7010;7005.21.7020;7005.21.7030;7005.29.4010;7005.29.4090;7005.29.5010;7005.29.5090;7005.29.6010;7005.29.6090;7005.29.7010;7005.29.7090;7005.29.8010;7005.29.8090;7005.29.9010;7005.29.9090,Y,,"제2조(부과대상 물품) 덤핑방지관세가 부과되는 물품은 플로트공법으로 생산된 중국산 플로트판유리(「관세법 시행령」 제98조에 따른 관세ㆍ통계통합품목분류표 번호: 제7005.21.4000호, 제7005.21.5000호, 제7005.21.6000호, 제7005.21.7010호, 제7005.21.7020호, 제7005.21.7030호, 제7005.29.4010호, 제7005.29.4090호, 제7005.29.5010호, 제7005.29.5090호, 제7005.29.6010호, 제7005.29.6090호, 제7005.29.7010호, 제7005.29.7090호, 제7005.29.8010호, 제7005.29.8090호, 제7005.29.9010호, 제7005.29.9090호에 해당하는 것을 말한다) 중 다음 각 호의 어느 하나에 해당하는 것으로 하되, 코팅유리(Coated Glass), 무늬유리(Patterned Glass), 망입유리(Wired Glass), 복층유리(Insulating Glass), 강화유리(Tempered Glass), 접합유리(Laminated Glass), 에칭유리(Etched Glass), 저철분유리(Low iron Glass) 등 판유리의 효용을 개선하기 위하여 가공한 유리를 제외한다. 1. 맑은 유리(Clear Float Glass): 두께 4밀리미터 초과 13밀리미터 미만인 것 2. 색유리 중 그린유리(Green Float Glass): 두께 4밀리미터 초과 13밀리미터 미만인 것","덤핑방지관세가 부과되는 물품은 플로트공법으로 생산된 중국산 플로트판유리(「관세법 시행령」 제98조에 따른 관세ㆍ통계통합품목분류표 번호: 제7005.21.4000호, 제7005.21.5000호, 제7005.21.6000호, 제7005.21.7010호, 제7005.21.7020호, 제7005.21.7030호, 제7005.29.4010호, 제7005.29.4090호, 제7005.29.5010호, 제7005.29.5090호, 제7005.29.6010호, 제7005.29.6090호, 제7005.29.7010호, 제7005.29.7090호, 제7005.29.8010호, 제7005.29.8090호, 제7005.29.9010호, 제7005.29.9090호에 해당하는 것을 말한다) 중 다음 각 호의 어느 하나에 해당하는 것으로 하되, 코팅유리(Coated Glass), 무늬유리(Patterned Glass), 망입유리(Wired Glass), 복층유리(Insulating Glass), 강화유리(Tempered Glass), 접합유리(Laminated Glass), 에칭유리(Etched Glass), 저철분유리(Low iron Glass) 등 판유리의 효용을 개선하기 위하여 가공한 유리를 제외한다. 1. 맑은 유리(Clear Float Glass): 두께 4밀리미터 초과 13밀리미터 미만인 것 2. 색유리 중 그린유리(Green Float Glass): 두께 4밀리미터 초과 13밀리미터 미만인 것","덤핑방지관세가 부과되는 물품은 플로트공법으로 생산된 중국산 플로트판유리(「관세법 시행령」 제98조에 따른 관세ㆍ통계통합품목분류표 번호: 제7005.21.4000호, 제7005.21.5000호, 제7005.21.6000호, 제7005.21.7010호, 제7005.21.7020호, 제7005.21.7030호, 제7005.29.4010호, 제7005.29.4090호, 제7005.29.5010호, 제7005.29.5090호, 제7005.29.6010호, 제7005.29.6090호, 제7005.29.7010호, 제7005.29.7090호, 제7005.29.8010호, 제7005.29.8090호, 제7005.29.9010호, 제7005.29.9090호에 해당하는 것을 말한다) 중 다음 각 호의 어느 하나에 해당하는 것으로 하되, 코팅유리(Coated Glass), 무늬유리(Patterned Glass), 망입유리(Wired Glass), 복층유리(Insulating Glass), 강화유리(Tempered Glass), 접합유리(Laminated Glass), 에칭유리(Etched Glass), 저철분유리(Low iron Glass) 등 판유리의 효용을 개선하기 위하여 가공한 유리를 제외한다. 1. 맑은 유리(Clear Float Glass): 두께 4밀리미터 초과 13밀리미터 미만인 것 2. 색유리 중 그린유리(Green Float Glass): 두께 4밀리미터 초과 13밀리미터 미만인 것",,
M064,중국산도자기질타일,중국산 도자기질 타일에 대한 덤핑방지관세 부과에 관한 규칙,중국,기획재정부령,제222호,2011-07-20,2011-07-20,3,,2014-07-20,,1,115142,6901.00.3000;6907.90.1000;6907.90.9000;6908.90.1000;6908.90.9000,6901.00.3000;6907.90.1000;6907.90.9000;6908.90.1000;6908.90.9000,,,"제2조(부과대상 물품) 덤핑방지관세가 부과되는 물품은 중국산 도자기질 타일(「관세법 시행령」 제98조에 따른 관세ㆍ통계통합품목분류표 번호: 제6901.00.3000호, 제6907.90.1000호, 제6907.90.9000호, 제6908.90.1000호, 제6908.90.9000호에 해당하는 것을 말한다)로서 가로 및 세로의 길이가 70밀리미터 이상 1천300밀리미터 이하인 사각형태의 것을 말한다.",,,,
M065,중국·일본및싱가포르산초산에틸,중국ㆍ일본 및 싱가포르산 초산에틸에 대한 덤핑방지관세 부과에 관한 규칙,중국·일본및싱가포르,기획재정부령,제279호,2012-03-27,2012-03-27,3,,2015-03-27,,1,124202,2915.31,2915.31,,,"제2조(부과대상 물품) 덤핑방지관세가 부과되는 물품은 중국ㆍ일본 및 싱가포르산 초산에틸(Ethyl Acetate, 관세율표 번호 제2915.31호에 해당하는 것을 말한다)로 한다.",,,,
M066,러시아·미국·인도네시아·중국및캐나다산크라프트지,러시아ㆍ미국ㆍ인도네시아ㆍ중국 및 캐나다산 크라프트지에 대한 덤핑방지관세 부과에 관한 규칙,러시아·미국·인도네시아·중국및캐나다,기획재정부령,제281호,2012-04-10,2012-04-10,3,,2015-04-10,,1,124626,4804.21;4804.29,4804.21;4804.29,Y,,"제2조(부과대상 물품) 덤핑방지관세가 부과되는 물품은 러시아ㆍ미국ㆍ인도네시아ㆍ중국 및 캐나다산 크라프트지(관세율표 번호 4804.21호, 4804.29호에 해당하는 것을 말한다)로서 1제곱미터당 중량이 50그램 이상 150그램 이하인 제품으로 한다. 다만, 한국산업규격(KS M ISO) 1924-2에 따라 측정한 인장 파괴 신장률이 세로 6.2퍼센트 이상이며 가로 5.5퍼센트 이상인 크라프트지는 제외한다.","다만, 한국산업규격(KS M ISO) 1924-2에 따라 측정한 인장 파괴 신장률이 세로 6.2퍼센트 이상이며 가로 5.5퍼센트 이상인 크라프트지는 제외한다.","다만, 한국산업규격(KS M ISO) 1924-2에 따라 측정한 인장 파괴 신장률이 세로 6.2퍼센트 이상이며 가로 5.5퍼센트 이상인 크라프트지는 제외한다.",,
M067,중국및인도산폴리에틸렌테레프탈레이트(PET)필름,중국 및 인도산 폴리에틸렌 테레프탈레이트(PET) 필름에 대한 덤핑방지관세 부과에 관한 규칙,중국및인도,기획재정부령,제285호,2012-05-25,2012-05-25,3,,2015-05-25,,1,125704,3920.62;3920.69,3920.62;3920.69,Y,Y,"제2조(부과대상 물품) 덤핑방지관세가 부과되는 물품은 중국 및 인도산 폴리에틸렌 테레프탈레이트(Polyethylene terephthalate, PET) 필름(관세율표 번호 제3920.62호, 제3920.69호에 해당하는 것을 말한다)으로 한다. 다만, 별표 1에 따른 물품은 제외한다.","다만, 별표 1에 따른 물품은 제외한다.","다만, 별표 1에 따른 물품은 제외한다.","[별표 1] 덤핑방지관세 부과대상에서 제외되는 물품(제2조 단서 관련) 1. 두께가 9㎛ 미만으로서 증착되지 않은 폴리에틸렌 테레프탈레이트 필름 2. 비냉매용 모터 절연용(絶緣用)으로 사용되는 두께 125㎛ 이상인 흰색의 폴리에틸렌 테레프탈레이트 필름으로서 다음 각 목의 요건을 모두 갖춘 것 가. 규격 미국 Underwriters Laboratory Inc.가 지정한 시험방식에 따라 측정한 전기적 및 기계적 내열성(Relative Thermal Index, RTI)이 각각 섭씨 105도 이상이고 흐림도(Haze)가 70퍼센트 이상일 것 나. 모델명 Garfilm EM6(인도 Garware Polyester Limited 제품), J-470(인도 Jindal Polyfilms Limited 제품) 등 3. 냉매용 모터 절연용으로 사용되는 두께 125㎛ 이상인 흰색의 폴리에틸렌 테레프탈레이트 필름으로서 다음 각 목의 요건을 모두 갖춘 것 가. 규격 미국 Underwriters Laboratory Inc.가 지정한 시험방식에 따라 측정한 전기적 및 기계적 내열성(Relative Thermal Index, RTI)이 각각 섭씨 140도, 125도 이상이고 소중합체(Oligomer) 추출비율이 0.65퍼센트 이하이며 흐림도(Haze)가 75퍼센트 이상일 것 나. 모델명 Garfilm EM6-L.O.(인도 Garware Polyester Limited 제품) 등",
M068,대만및중국산폴리에스테르장섬유부분연신사,대만 및 중국산 폴리에스테르 장섬유 부분연신사에 대한 덤핑방지관세 부과에 관한 규칙,대만및중국,기획재정부령,제296호,2012-07-25,2012-07-25,2,,2014-07-25,,1,127284,5402.46,5402.46,,,제2조(부과대상 물품) 덤핑방지관세가 부과되는 물품은 대만 및 중국산으로서 테레프탈산(Terephthalic Acid)과 모노에틸렌글리콜(Mono Ethylent Glycol)을 중합한 폴리에스테르 장섬유 부분연신사(관세율표 번호 제5402.46호에 해당하는 것을 말한다)로 한다.,,,,
M069,일본산알루미늄보틀캔,일본산 알루미늄 보틀캔에 대한 덤핑방지관세 부과에 관한 규칙,일본,기획재정부령,제314호,2013-01-03,2013-01-03,3,,2016-01-03,,1,131442,7612.90.9010,7612.90.9010,,,제2조(부과대상 물품) 덤핑방지관세가 부과되는 물품은 일본산 알루미늄 보틀캔(「관세법 시행령」 제98조에 따른 관세ㆍ통계통합품목분류표 번호 7612.90.9010호에 해당하는 것을 말한다) 중 용적이 196밀리리터(㎖) 이상 952밀리리터(㎖) 이하인 것을 말한다.,,,,
M070,미국·인도·중국및캐나다산염화콜린,미국ㆍ인도ㆍ중국 및 캐나다산 염화콜린에 대한 덤핑방지관세 부과에 관한 규칙,미국·인도·중국및캐나다,기획재정부령,제359호,2013-08-22,2013-08-22,3,,2016-08-22,,1,143223,2309.90.2099;2309.90.3020;2309.90.9000;2923.10.2000,2309.90.2099;2309.90.3020;2309.90.9000;2923.10.2000,,,"제2조(부과대상 물품) 「관세법」 제51조 및 제56조에 따른 덤핑방지관세(이하 “덤핑방지관세”라 한다)가 부과되는 물품은 미국ㆍ인도ㆍ중국 및 캐나다산 염화콜린(「관세법 시행령」 제98조에 따른 관세ㆍ통계통합품목분류표 번호 제2309.90.2099호 중 콜린의 염, 제2309.90.3020호 중 콜린의 염, 제2309.90.9000호 중 콜린의 염, 제2923.10.2000호에 해당하는 것을 말한다)으로서 사료첨가제 또는 동물용 의약품 원료로 사용되는 것을 말한다.",,,,
M071,일본·인도및스페인산스테인리스스틸바,일본ㆍ인도 및 스페인산 스테인리스 스틸바에 대한 덤핑방지관세 부과에 관한 규칙,일본·인도및스페인,기획재정부령,제370호,2013-10-01,2013-10-01,3,,2016-10-01,,1,144762,7222.11.0000;7222.19.0000;7222.20.0000;7222.30.0000,7222.11.0000;7222.19.0000;7222.20.0000;7222.30.0000,Y,Y,"제2조(부과대상 물품) 「관세법」 제51조 및 제56조에 따른 덤핑방지관세(이하 “덤핑방지관세”라 한다)가 부과되는 물품은 일본ㆍ인도 및 스페인산 스테인리스 스틸바(「관세법 시행령」 제98조에 따른 관세ㆍ통계통합품목분류표 번호 제7222.11.0000호, 제7222.19.0000호, 제7222.20.0000호, 제7222.30.0000호) 중 다음 각 호의 어느 하나에 해당하는 것으로 한다. 다만, 별표 1에 규정된 물품은 제외한다. 1. 중공(中空)이 없는 원형강(Round Bar): 지름이 600㎜ 이하인 것 2. 각강(Square Bar): 대변거리가 4.5㎜ 이상 40㎜ 이하인 것 3. 육각강(Hexagonal Bar): 대변거리가 5㎜ 이상 40㎜ 이하인 것 4. 평강(Flat Bar) 중 다음 각 목의 어느 하나에 해당하는 것 가. 두께가 9㎜ 이상 13㎜ 이하이고 너비가 15㎜ 이상 100㎜ 이하인 것 나. 두께가 13㎜ 이상 20㎜ 이하이고 너비가 15㎜ 이상 150㎜ 이하인 것 다. 두께가 25㎜ 이상 150㎜ 이하이고 너비가 150㎜ 이상 600㎜ 이하인 것. 다만, 두께가 100㎜ 초과 150㎜ 이하이고 너비가 150㎜ 이상 210㎜ 이하인 것은 제외한다.","다만, 별표 1에 규정된 물품은 제외한다. 1. 중공(中空)이 없는 원형강(Round Bar): 지름이 600㎜ 이하인 것 2. 각강(Square Bar): 대변거리가 4.5㎜ 이상 40㎜ 이하인 것 3. 육각강(Hexagonal Bar): 대변거리가 5㎜ 이상 40㎜ 이하인 것 4. 평강(Flat Bar) 중 다음 각 목의 어느 하나에 해당하는 것 가. 두께가 9㎜ 이상 13㎜ 이하이고 너비가 15㎜ 이상 100㎜ 이하인 것 나. 두께가 13㎜ 이상 20㎜ 이하이고 너비가 15㎜ 이상 150㎜ 이하인 것 다. 두께가 25㎜ 이상 150㎜ 이하이고 너비가 150㎜ 이상 600㎜ 이하인 것. 다만, 두께가 100㎜ 초과 150㎜ 이하이고 너비가 150㎜ 이상 210㎜ 이하인 것은 제외한다.","다만, 별표 1에 규정된 물품은 제외한다. 1. 중공(中空)이 없는 원형강(Round Bar): 지름이 600㎜ 이하인 것 2. 각강(Square Bar): 대변거리가 4.5㎜ 이상 40㎜ 이하인 것 3. 육각강(Hexagonal Bar): 대변거리가 5㎜ 이상 40㎜ 이하인 것 4. 평강(Flat Bar) 중 다음 각 목의 어느 하나에 해당하는 것 가. 두께가 9㎜ 이상 13㎜ 이하이고 너비가 15㎜ 이상 100㎜ 이하인 것 나. 두께가 13㎜ 이상 20㎜ 이하이고 너비가 15㎜ 이상 150㎜ 이하인 것 다. 두께가 25㎜ 이상 150㎜ 이하이고 너비가 150㎜ 이상 600㎜ 이하인 것. 다만, 두께가 100㎜ 초과 150㎜ 이하이고 너비가 150㎜ 이상 210㎜ 이하인 것은 제외한다.","[별표 1] 덤핑방지관세 부과대상에서 제외되는 물품(제2조 단서 관련) 1. 내열강 JIS의 SUH1/1HT, SUH3/3HT, SUH11/11HT, SUH35, 21-2N, 21-12N(SUH37), 23-8N, 21-4NNbW 규격인 것 2. 니켈합금강 및 전자스테인리스강(Electromagnetic stainless steel) 3. LNG선박 건조용 스테인리스스틸 평강(SUS304)으로서 규격[두께(㎜)×너비(㎜)×길이(㎜)]이 12×55×6,000, 16×55×6,000인 것 4. 합성섬유방사 노즐용으로서 원형강(SUS-630KN) 중 그 경도가 HRC 34～38이고 지름이 30㎜ 이상 600㎜ 이하인 것과 사각강(SUS-630KN) 중 그 경도가 HRC 35 ～ 40인 것 5. 다음 각 목의 어느 하나에 해당하는 것 가. 관 이음쇠 및 유압용 육각강(SUS316) 중 그 경도가 HRC 21∼23이고, 허용공차가 H11이며, 대변거리(단위: ㎜)가 7.9, 9.5, 11.1, 12.0, 12.7, 14.0, 14.2, 15.0, 15.8, 16.0, 17.0, 17.4, 18.0, 19.1, 20.6, 22.0, 22.2, 23.8, 24.0, 25.0, 25.4, 26.9, 28.5, 30.0, 31.7, 32.0, 33.3, 34.9, 36.0 또는 38.1인 것 나. 스테인리스스틸 원형강(SUS316) 중 그 경도가 HRC 24 ∼ 28이고, 허용공차가 H9이며, 지름(단위: ㎜)이 6.0, 10.0, 12.0, 13.0, 14.0, 16.0, 18.0, 20.0, 23.0, 26.0, 29.0, 30.0, 32.0, 35.0, 40.0, 42.0 또는 50.8인 것 6. 가솔린 자동차 연료펌프모터 샤프트(Shaft)용 원형강(SUS440C)으로서 지름 5.1㎜, 길이 2,000㎜, 직경공차 ±0.02㎜ 이내, 진직도 ±0.018㎜ 이내, 진원도 0.012㎜ 이내, 표면거칠기 3.2z 이내 및 표면경도 HRB96(Max)인 것 7. 자동차 연료조절기밸브용 원형강(SUS420F)으로서 규격[지름(㎜)×길이(㎜)]이 7.1(＋0.05/－0)×2,500(＋30/－0) 또는 11.5(＋0.05/－0)×2,500(＋30/－0)인 것 8. 자동차 및 유공압 솔레노이드밸브용 쾌삭스테인리스 스틸바 원형강(ASK3200)으로서 지름이 8㎜ 이하인 것 9. 전자부품 가공용 쾌삭스테인리스 스틸바 원형강(ASK3000U)으로서 지름이 1㎜ 이상 4㎜ 이하인 것 10. SUS316L 계열의 원형강 중 고청정 반도체 제조설비에 사용되는 밸브 및 배관부품용으로 2회 이상의 용해 또는 정련 공정을 거친 것으로서 다음 각 목의 요건을 모두 갖춘 것 가. 탄소 함유량이 전체중량의 0.01% 이하일 것 나. 규소의 함유량이 전체중량의 0.15% 이하일 것 다. 망간의 함유량이 전체중량의 0.05% 이하일 것 라. 황의 함유량이 전체중량의 0.002% 이하일 것 마. 질소의 함유량이 전체중량의 0.015% 이하일 것 바. 산소의 함유량이 전체중량의 0.0015% 이하일 것 사. 니켈의 함유량이 전체중량의 14.5% 이상 15.0% 이하일 것 아. 크롬의 함유량이 전체중량의 16.5% 이상 17.0% 이하일 것 자. 몰리브덴의 함유량이 전체중량의 2.20% 이상 2.25% 이하일 것 11. SUS316L 계열의 원형강 중 고청정 반도체 제조설비에 사용되는 밸브 및 배관부품용으로 2회 이상의 용해 또는 정련 공정을 거친 것으로서 다음 각 목의 요건을 모두 갖춘 것 가. 탄소 함유량이 전체중량의 0.01% 이하일 것 나. 규소의 함유량이 전체중량의 0.30% 이하일 것 다. 망간의 함유량이 전체중량의 0.40% 이하일 것 라. 황의 함유량이 전체중량의 0.003% 이하일 것 마. 질소의 함유량이 전체중량의 0.015% 이하일 것 바. 산소의 함유량이 전체중량의 0.0015% 이하일 것 사. 니켈의 함유량이 전체중량의 14.5% 이상 15.0% 이하일 것 아. 크롬의 함유량이 전체중량의 16.5% 이상 17.0% 이하일 것 자. 몰리브덴의 함유량이 전체중량의 2.20% 이상 2.5% 이하일 것",
M072,중국산합판,중국산 합판에 대한 덤핑방지관세 부과에 관한 규칙,중국,기획재정부령,제372호,2013-10-18,2013-10-18,3,,2016-10-18,,2,145362;161602,4412.31;4412.32,4412.31;4412.32,,,제2조(부과대상 물품) 덤핑방지관세가 부과되는 물품은 중국산 합판(「관세법 시행령」 제98조에 따른 관세ㆍ통계통합품목분류표 번호 제4412.31호 또는 제4412.32호) 중 두께가 6밀리미터(mm) 이상인 것으로 한다.,,,,
M073,중국·대만및말레이시아산폴리에스테르장섬유연신가공사,중국ㆍ대만 및 말레이시아산 폴리에스테르 장섬유 연신가공사에 대한 덤핑방지관세 부과에 관한 규칙,중국·대만및말레이시아,기획재정부령,제386호,2013-12-20,2013-12-20,3,,2016-12-20,,1,148203,5402.33.9000,5402.33.9000,Y,Y,"제2조(부과대상 물품) 덤핑방지관세가 부과되는 물품은 중국ㆍ대만 및 말레이시아산 폴리에스테르 장섬유 연신가공사(Polyester Filament Draw Textured Yarn, 「관세법 시행령」 제98조에 따른 관세ㆍ통계통합품목분류표 번호 제5402.33.9000호)로 한다. 다만, 별표 1에 따른 물품은 제외한다.","다만, 별표 1에 따른 물품은 제외한다.","다만, 별표 1에 따른 물품은 제외한다.","[별표 1] 덤핑방지관세 부과대상에서 제외되는 물품(제2조 단서 관련) 1. 폴리에스테르를 나일론 등 다른 섬유와 복합방사한 물품 2. 폴리에스테르 장섬유 연신가공사를 종류가 다른 원사와 공기(空氣)로 접착시킨 물품 3. 양이온 염색 가능 폴리에스테르 장섬유 연신가공사(Cationic Dyeable Polyester Filament Draw Textured Yarn) 가. 정의 섬유 내부에 다양한 양의 코모노머(Comonomer)를 함유한 폴리에스테르 장섬유 연신가공사로서 다음의 어느 하나에 해당하는 것 1) 5-sodium Sulfo Dimethyl Isophthalate(DMS)를 1.3mol% 함유한 Cationic Dyeable Polyester Chip으로만 생산된 것 2) Cationic Dyeable Polyester Chip과 일반 폴리에스테르칩을 다양한 비율로 혼합한 경우에는 중량기준으로 Cationic Dyeable Polyester Chip이 1퍼센트 이상 포함된 것 나. 모델 양이온 염색 가능 폴리에스테르 장섬유 연신가공사 100퍼센트로 이루어지고, 단면이 원형(Round Cross-Section Group)인 것 중 51D/36F, 51D/72F, 75D/72F/2, 75D/36F, 150D/96F/2 또는 150D/144F/2인 것 ※ D: 실의 굵기(denier), F: 필라멘트(Filament)의 수, 2: 실타래 2개 4. Dope Dyed Black 폴리에스테르 장섬유 연신가공사 가. 정의 방사과정에서 카본블랙을 혼합한 Black Dope Dyed Polyester POY(폴리에스테르 장섬유 부분연신사)를 가연하여 생산된 폴리에스테르 장섬유 연신가공사 나. 모델 50D/36F, 50D/72F, 75D/36F, 100D/36F 또는 300D/96F인 것 ※ D: 실의 굵기(denier), F: 필라멘트(Filament)의 수 5. Bamboo Charcoal 폴리에스테르 장섬유 연신가공사 가. 정의 중합과정에서 bamboo charcoal 성분의 나노물질이 첨가된 것으로서 중량기준으로 bamboo charcoal 성분이 0.02퍼센트 이상 포함된 것 나. 모델 가목에 해당하는 모든 것 6. 습도조절(Moisture Management 또는 Cool and Dry) 폴리에스테르 장섬유 연신가공사 가. 정의 다음의 어느 하나에 해당하는 것 1) 내부의 수분을 외부로 방출하기 위하여 통로의 역할을 하는 ""X"", ""Y"", ""C"", 파도(wave), 중공(中空) 형태 또는 이들을 혼합한 다양한 형태의 단면을 가진 것 2) 중합과정에서 옥(玉) 파우더와 같은 냉각효과를 갖는 미네랄 파우더를 중량의 0.5퍼센트 이상 첨가한 것 3) 1)과 2)를 혼합하여 생산된 것 나. 모델 가목에 해당하는 모든 것 7. 원적외선(Far-infrared) 폴리에스테르 장섬유 연신가공사 가. 정의 중합과정에서 크기가 70㎚～100㎚인 이산화규소(SiO2) 나노 파우더가 중량의 0.5퍼센트 이상 혼합되고, 방사과정에서 원적외선 공정을 거쳐 생산된 것 나. 모델 가목에 해당하는 모든 것 8. Polyester Trilobal Bright 폴리에스테르 장섬유 연신가공사 가. 정의 테레프탈산(TPA)과 모노에틸렌글리콜(MEG)의 중합과정에서 이산화티타늄(TiO2)을 첨가하지 아니한 것으로서 방사과정에서 삼각단면 노즐을 사용하여 섬유의 단면이 삼각형인 Polyester TBR POY를 연신ㆍ가연하여 생산한 제품으로 광택(Luster)이 Bright급이고 단면이 삼각형인 것 나. 모델 가목에 해당하는 모든 것",
M074,중국·인도네시아및태국산폴리프로필렌연신필름,중국ㆍ인도네시아 및 태국산 폴리프로필렌 연신필름에 대한 덤핑방지관세 부과에 관한 규칙,중국·인도네시아및태국,기획재정부령,제385호,2013-12-20,2013-12-20,5,,2018-12-20,,1,148222,3920.20.0000;3921.90.2000,3920.20.0000;3921.90.2000,,,"제2조(부과대상 물품) 덤핑방지관세가 부과되는 물품은 중국ㆍ인도네시아 및 태국산 폴리프로필렌 연신필름(Oriented Polypropylene Film,「관세법 시행령」 제98조에 따른 관세ㆍ통계통합품목분류표 번호 제3920.20.0000호 또는 제3921.90.2000호) 중 두께가 10마이크로미터(㎛) 이상인 것으로 한다.",,,,
M075,말레이시아산합판,말레이시아산 합판에 대한 덤핑방지관세 부과에 관한 규칙,말레이시아,기획재정부령,제433호,2014-09-05,2014-09-05,2,,2016-09-05,,1,159442,4412.31;4412.32,4412.31;4412.32,,,제2조(부과대상 물품) 덤핑방지관세가 부과되는 물품은 말레이시아산 합판(「관세법 시행령」 제98조에 따른 관세ㆍ통계통합품목분류표 번호 제4412.31호 또는 제4412.32호에 해당하는 것을 말한다) 중 두께가 6밀리미터(㎜) 이상인 것으로 한다.,,,,
M076,미국·말레이시아·태국및일본산에탄올아민,미국ㆍ말레이시아ㆍ태국 및 일본산 에탄올아민에 대한 덤핑방지관세 부과에 관한 규칙,미국·말레이시아·태국및일본,기획재정부령,제450호,2014-12-30,2014-12-30,3,,2017-12-30,,1,166210,2922.11.1000;2922.12.1000;2922.13.1000,2922.11.1000;2922.12.1000;2922.13.1000,,,"제2조(부과대상 물품) 덤핑방지관세가 부과되는 물품은 미국ㆍ말레이시아ㆍ태국 및 일본산 에탄올아민(Ethanolamine, 「관세법 시행령」 제98조에 따른 관세ㆍ통계통합품목분류표 번호 제2922.11.1000호, 제2922.12.1000호, 제2922.13.1000호에 해당하는 것을 말한다)으로 한다.",,,,
M077,일본산두꺼운폴리에틸렌테레프탈레이트(PET)필름,일본산 두꺼운 폴리에틸렌 테레프탈레이트(PET) 필름에 대한 덤핑방지관세 부과에 관한 규칙,일본,기획재정부령,제449호,2014-12-30,2014-12-30,3,,2017-12-30,,1,166209,3920.62.0000,3920.62.0000,Y,,"제2조(부과대상 물품) 덤핑방지관세가 부과되는 물품은 일본산 폴리에틸렌 테레프탈레이트(PET, Polyethylene Terephthalate) 필름(「관세법 시행령」 제98조에 따른 관세ㆍ통계통합품목분류표 번호 제3920.62.0000호에 해당하는 것을 말한다) 중 다음 각 호의 요건을 모두 갖춘 투명한 것으로 한다. 다만, 두께 1마이크로미터 이상의 코팅, 인쇄, 증착, 라미네이션 등의 추가 가공을 거친 물품은 제외한다. 1. 두께가 105마이크로미터 이상일 것 2. 흐림도가 15퍼센트 이하일 것","다만, 두께 1마이크로미터 이상의 코팅, 인쇄, 증착, 라미네이션 등의 추가 가공을 거친 물품은 제외한다. 1. 두께가 105마이크로미터 이상일 것 2. 흐림도가 15퍼센트 이하일 것","다만, 두께 1마이크로미터 이상의 코팅, 인쇄, 증착, 라미네이션 등의 추가 가공을 거친 물품은 제외한다. 1. 두께가 105마이크로미터 이상일 것 2. 흐림도가 15퍼센트 이하일 것",,
M078,중국산플로트판유리,중국산 플로트판유리에 대한 덤핑방지관세 부과에 관한 규칙,중국,기획재정부령,제457호,2015-01-07,2015-01-07,3,,2018-01-07,,1,167172,7005.21.4000;7005.21.5000;7005.21.6000;7005.21.7010;7005.21.7020;7005.21.7030;7005.29.4010;7005.29.4090;7005.29.5010;7005.29.5090;7005.29.6010;7005.29.6090;7005.29.7010;7005.29.7090;7005.29.8010;7005.29.8090;7005.29.9010;7005.29.9090,7005.21.4000;7005.21.5000;7005.21.6000;7005.21.7010;7005.21.7020;7005.21.7030;7005.29.4010;7005.29.4090;7005.29.5010;7005.29.5090;7005.29.6010;7005.29.6090;7005.29.7010;7005.29.7090;7005.29.8010;7005.29.8090;7005.29.9010;7005.29.9090,Y,,"제2조(부과대상 물품) 덤핑방지관세가 부과되는 물품은 플로트공법으로 생산된 중국산 플로트판유리(「관세법 시행령」 제98조에 따른 관세ㆍ통계통합품목분류표 번호 제7005.21.4000호, 제7005.21.5000호, 제7005.21.6000호, 제7005.21.7010호, 제7005.21.7020호, 제7005.21.7030호, 제7005.29.4010호, 제7005.29.4090호, 제7005.29.5010호, 제7005.29.5090호, 제7005.29.6010호, 제7005.29.6090호, 제7005.29.7010호, 제7005.29.7090호, 제7005.29.8010호, 제7005.29.8090호, 제7005.29.9010호, 제7005.29.9090호에 해당하는 것을 말한다) 중 다음 각 호의 어느 하나에 해당하는 것으로 한다. 다만, 코팅유리(Coated Glass), 무늬유리(Patterned Glass), 망입유리(Wired Glass), 복층유리(Insulating Glass), 강화유리(Tempered Glass), 접합유리(Laminated Glass), 에칭유리(Etched Glass), 저철분유리(Low iron Glass) 등 판유리의 효용을 개선하기 위하여 가공한 유리는 제외한다. 1. 맑은 유리(Clear Float Glass): 두께가 4밀리미터를 초과하고 13밀리미터 미만인 것 2. 색유리 중 그린유리(Green Float Glass): 두께가 4밀리미터를 초과하고 13밀리미터 미만인 것","다만, 코팅유리(Coated Glass), 무늬유리(Patterned Glass), 망입유리(Wired Glass), 복층유리(Insulating Glass), 강화유리(Tempered Glass), 접합유리(Laminated Glass), 에칭유리(Etched Glass), 저철분유리(Low iron Glass) 등 판유리의 효용을 개선하기 위하여 가공한 유리는 제외한다. 1. 맑은 유리(Clear Float Glass): 두께가 4밀리미터를 초과하고 13밀리미터 미만인 것 2. 색유리 중 그린유리(Green Float Glass): 두께가 4밀리미터를 초과하고 13밀리미터 미만인 것","다만, 코팅유리(Coated Glass), 무늬유리(Patterned Glass), 망입유리(Wired Glass), 복층유리(Insulating Glass), 강화유리(Tempered Glass), 접합유리(Laminated Glass), 에칭유리(Etched Glass), 저철분유리(Low iron Glass) 등 판유리의 효용을 개선하기 위하여 가공한 유리는 제외한다. 1. 맑은 유리(Clear Float Glass): 두께가 4밀리미터를 초과하고 13밀리미터 미만인 것 2. 색유리 중 그린유리(Green Float Glass): 두께가 4밀리미터를 초과하고 13밀리미터 미만인 것",,
M079,중국산도자기질타일,중국산 도자기질 타일에 대한 덤핑방지관세 부과에 관한 규칙,중국,기획재정부령,제463호,2015-02-25,2015-02-25,3,,2018-02-25,,1,168805,6901.00.3000;6907.90.1000;6907.90.9000;6908.90.1000;6908.90.9000,6901.00.3000;6907.90.1000;6907.90.9000;6908.90.1000;6908.90.9000,,,"제2조(부과대상 물품) 덤핑방지관세가 부과되는 물품은 중국산 도자기질 타일(「관세법 시행령」 제98조에 따른 관세ㆍ통계통합품목분류표 번호 제6901.00.3000호, 제6907.90.1000호, 제6907.90.9000호, 제6908.90.1000호, 제6908.90.9000호에 해당하는 것을 말한다)로서 가로와 세로의 길이가 각각 70밀리미터 이상 1천300밀리미터 이하인 사각형태의 것을 말한다.",,,,
M080,중국산에이치(H)형강,중국산 에이치(H) 형강에 대한 덤핑방지관세의 부과에 관한 규칙,중국,기획재정부령,제495호,2015-07-30,2015-07-30,5,,2020-07-30,,5,173666;190813;194894;205206;211765,7216.33.3000;7216.33.4000;7216.33.5000;7228.70.1010;7228.70.1090,7216.33.3000;7216.33.4000;7216.33.5000;7228.70.1010;7228.70.1090,,Y,"제2조(부과대상 물품) 덤핑방지관세가 부과되는 물품은 중국산 에이치(H) 형강[「관세법 시행령」 제98조에 따른 관세ㆍ통계통합품목분류표 번호 제7216.33.3000호, 제7216.33.4000호, 제7216.33.5000호, 제7228.70.1010호, 제7228.70.1090호에 해당하는 것을 말한다] 중 다음 각 호의 요건을 모두 갖춘 것으로 한다. 1. 상하 및 좌우 대칭 형태일 것 2. 「산업표준화법」 제12조에 따른 한국산업표준에 따라 측정한 높이가 80밀리미터 이상일 것",,,"■ 중국산 에이치(H) 형강에 대한 덤핑방지관세의 부과에 관한 규칙 [별표 1] <개정 2019. 11. 25.> 부과대상 공급자에서 제외되는 공급자(제3조제2항 관련) 공급자 1. 바오토우스틸(Inner Mongolia Baotou Steel Union Co., Ltd.)과 그 기업의 제품 을 수출하는 다음 각 목의 기업 가. Baotou Steel International Economic and Trading Co., Ltd. 나. Baogang Zhan Bo International Trade Limited 다. Baotou Steel(Hong Kong) Co., Ltd. 라. Baotou Steel(Singapore) Pte. Ltd. 2. 마안산스틸(Maanshan Iron & Steel Co., Ltd.)과 그 기업의 제품을 수출하는 Maanshan Iron & Steel(Hong Kong) Limited 3. 라이우스틸(Shandong Iron and Steel Company Ltd Laiwu Company)과 그 기 업의 제품을 수출하는 다음 각 목의 기업 가. Shandong Laiwu Steel International Corp. 나. Eldon Development Limited 다. Shandong Steel International Co., Ltd. 4. 르자오스틸(Rizhao Medium Section Mill Co., Ltd.)과 그 기업의 제품을 수출하 는 다음 각 목의 기업 가. Rizhao Steel Holding Group Co., Ltd. 나. Bright Ruby Resources Pte Limited 다. Baohua Steel International Pte. Limited 5. 안타이스틸(Shanxi Antai H-beam Co., Ltd.)과 그 기업의 제품을 수출하는 다 음 각 목의 기업 가. Jiexiu Yian Industry Co., Ltd. 나. Shanxi Antai International Trading Co., Ltd. 다. Everstate Trading(Hong Kong) Limited 6. 진시스틸(Hebei Jinxi Iron and Steel Group Co., Ltd. 및 Hebei Jinxi Section Steel Co., Ltd.)과 그 기업의 제품을 수출하는 다음 각 목의 기업 가. Jinxi International Trade Co., Ltd. 나. China Oriental Group Company Limited 다. China Oriental Singapore Pte. Ltd. 라. Tianjin Hainajin International Trade Co., Ltd. 마. Hebei Jinxi International Trade Co., Ltd. 7. 티엔싱스틸(Tangshan Fengrun Tianxing Iron And Steel Co., Ltd.)과 그 기업 의 제품을 수출하는 다음 각 목의 기업 가. Beijing Tianzhu Fortune International Trading Co., Ltd. 나. Tangshan Laiwei Trading Co., Ltd.",
M081,일본산공기압전송용밸브,일본산 공기압 전송용 밸브에 대한 덤핑방지관세의 부과에 관한 규칙,일본,기획재정부령,제498호,2015-08-19,2015-08-19,5,,2020-08-19,,1,174288,8481.20.2000,8481.20.2000,Y,Y,"제2조(부과대상 물품) 덤핑방지관세가 부과되는 물품은 일본산 공기압 전송용 밸브[「관세법 시행령」 제98조에 따른 관세ㆍ통계통합품목분류표 번호 제8481.20.2000호에 해당하는 것을 말한다] 중 다음 각 호의 요건을 모두 갖춘 것으로 한다. 다만, 별표 1에 규정된 물품은 제외한다. 1. 압축공기를 이용하여 기계적인 운동을 발생시키는 공기압 시스템에서 사용되는 것일 것 2. 관로상의 압력이 10바 미만인 압축공기의 흐름을 제어하는 것일 것 3. 안지름 320밀리미터 이하의 액추에이터(actuator)를 구동시키기 위한 것일 것","다만, 별표 1에 규정된 물품은 제외한다. 1. 압축공기를 이용하여 기계적인 운동을 발생시키는 공기압 시스템에서 사용되는 것일 것 2. 관로상의 압력이 10바 미만인 압축공기의 흐름을 제어하는 것일 것 3. 안지름 320밀리미터 이하의 액추에이터(actuator)를 구동시키기 위한 것일 것","다만, 별표 1에 규정된 물품은 제외한다. 1. 압축공기를 이용하여 기계적인 운동을 발생시키는 공기압 시스템에서 사용되는 것일 것 2. 관로상의 압력이 10바 미만인 압축공기의 흐름을 제어하는 것일 것 3. 안지름 320밀리미터 이하의 액추에이터(actuator)를 구동시키기 위한 것일 것","[별표 1] 덤핑방지관세 부과제외 물품(제2조 관련) 1. 회사명: 에스엠씨(SMC Corporation) 품목 덤핑방지관세 부과 제외 모델 2포트 밸브 LV*, LL*, SCV*, SG*, SX1*, VAH*, VAS*, VC*, VD*, VMG*, VN*, VPG*, VPS*, VPW*, VPZA*, VQJ*, VX*, XT3*, DXT*, INV79*, VM12*, VM22*, VQ21A*, VQ21M*, VQ31A*, VQ31M*, ELV*, ELL*, ESCV*, ESG*, ESX1*, EVAH*, EVAS*, EVC*, EVD*, EVMG*, EVN*, EVPG*, EVPS*, EVPW*, EVPZA*, EVQJ*, EVX*, EXT3*, EDXT*, EINV79*, EVM12*, EVM22*, EVQ21A*, EVQ21M*, EVQ31A*, EVQ31M*, EVFS*, NLV*, NLL*, NSCV*, NSG*, NSX1*, NVAH*, NVAS*, NVC*, NVD*, NVMG*, NVN*, NVPG*, NVPS*, NVPW*, NVPZA*, NVQJ*, NVX*, NXT3*, NDXT*, NINV79*, NVM12*, NVM22*, NVQ21A*, NVQ21M*, NVQ31A*, NVQ31M*, ◇◇-LV*, ◇◇-LL*, ◇◇-SCV*, ◇◇-SG*, ◇◇-SX1*, ◇◇-VAH*, ◇◇-VAS*, ◇◇-VC*, ◇◇-VD*, ◇◇-VMG*, ◇◇-VN*, ◇◇-VPG*, ◇◇-VPS*, ◇◇-VPW*, ◇◇-VPZA*, ◇◇-VQJ*, ◇◇-VX*, ◇◇-XT3*, ◇◇-DXT*, ◇◇-INV79*, ◇◇-VM12*, ◇◇-VM22*, ◇◇-VQ21A*, ◇◇-VQ21M*, ◇◇-VQ31A*, ◇◇-VQ31M*, ◇◇-ELV*, ◇◇-ELL*, ◇◇-ESCV*, ◇◇-ESG*, ◇◇-ESX1*, ◇◇-EVAH*, ◇◇-EVAS*, ◇◇-EVC*, ◇◇-EVD*, ◇◇-EVMG*, ◇◇-EVN*, ◇◇-EVPG*, ◇◇-EVPS*, ◇◇-EVPW*, ◇◇-EVPZA*, ◇◇-EVQJ*, ◇◇-EVX*, ◇◇-EXT3*, ◇◇-EDXT*, ◇◇-EINV79*, ◇◇-EVM12*, ◇◇-EVM22*, ◇◇-EVQ21A*, ◇◇-EVQ21M*, ◇◇-EVQ31A*, ◇◇-EVQ31M*, ◇◇-EVFS*, ◇◇-NLV*, ◇◇-NLL*, ◇◇-NSCV*, ◇◇-NSG*, ◇◇-NSX1*, ◇◇-NVAH*, ◇◇-NVAS*, ◇◇-NVC*, ◇◇-NVD*, ◇◇-NVMG*, ◇◇-NVN*, ◇◇-NVPG*, ◇◇-NVPS*, ◇◇-NVPW*, ◇◇-NVPZA*, ◇◇-NVQJ*, ◇◇-NVX*, ◇◇-NXT3*, ◇◇-NDXT*, ◇◇-NINV79*, ◇◇-NVM12*, ◇◇-NVM22*, ◇◇-NVQ21A*, ◇◇-NVQ21M*, ◇◇-NVQ31A*, ◇◇-NVQ31M* 초진공 밸브 XG*, XL*, XM*, XS*, XV*, XY* 진공용 밸브 SJ3A6*, VQD1000-V*, *V-*, *W-*, ◇◇-*V-, ◇◇-*W-* 펌프, 필터, 레귤레이터 등 AF*, AK*, AP*, AR*, AV*, AZ1*, AZ3*, AZ4*, AZ9*, CV*, EX*, IN*, LQ*, PA*, PB*, VBA*, VE*, VY*, XTO*, EAF*, EAK*, EAP*, EAR*, EAV*, EAZ1*, EAZ3*, EAZ4*, EAZ9*, ECV*, EEX*, EIN*, EPA*, EVBA*, EVE*, EVY*, EXTO*, NAF*, NAK*, NAP*, NAR*, NAV*, NAZ1*, NAZ3*, NAZ4*, NAZ9*, NCV*, NEX*, NIN*, NPA*, NVBA*, NVE*, NVY*, NXTO*, ◇◇-AF*, ◇◇-AK*, ◇◇-AP*, ◇◇-AR*, ◇◇-AV*, ◇◇-AZ1*, ◇◇-AZ3*, ◇◇-AZ4*, ◇◇-AZ9*, ◇◇-CV*, ◇◇-EX*, ◇◇-IN*, ◇◇-LQ*, ◇◇-PA*, ◇◇-PB*, ◇◇-VBA*, ◇◇-VE*, ◇◇-VY*, ◇◇-XTO*, ◇◇-EAF*, ◇◇-EAK*, ◇◇-EAP*, ◇◇-EAR*, ◇◇-EAV*, ◇◇-EAZ1*, ◇◇-EAZ3*, ◇◇-EAZ4*, ◇◇-EAZ9*, ◇◇-ECV*, ◇◇-EEX*, ◇◇-EIN*, ◇◇-EPA*, ◇◇-EVBA*, ◇◇-EVE*, ◇◇-EVY*, ◇◇-EXTO*, ◇◇-NAF*, ◇◇-NAK*, ◇◇-NAP*, ◇◇-NAR*, ◇◇-NAV*, ◇◇-NAZ1*, ◇◇-NAZ3*, ◇◇-NAZ4*, ◇◇-NAZ9*, ◇◇-NCV*, ◇◇-NEX*, ◇◇-NIN*, ◇◇-NPA*, ◇◇-NVBA*, ◇◇-NVE*, ◇◇-NVY*, ◇◇-NXTO* 일체형 매니폴드 시스템 및 그 부품 20-VQ1000-*, 20-VQ2000-*, 25-SX3000-*, 25-SX5000-*, 25-SX7000-*, 25-SY3000-*, 25-SY5000-*, 25-SY7000-*, 25-SY9000-*, 25-VQ1000-*, 25-VQ2000-*, 80-VQ1000-*, 80-VQ2000-*, 90-SV2000-*, 90-SV4000-*, 90-SY5000-*, 90-VQ1000-*, 90-VQ1000-*, 90-VQ2000-*, BG-VFS1000-*, BG-VFS2000-*, BG-VFS3000-*, BG-VFS4000-*, BG-VFS5000-*, BG-VFS6000-*, BG-VZS2000-*, BG-VZS3000-*, BG-VZS4000-*, NVF2000-*, NVF4000-*, SJ2000-*, SJ3000-*, SQ1000-*, SQ2000-*, SS*, SV1000-*, SV2000-*, SV3000-*, SV4000-*, SX10-*, SY30M-*, SY5000-*, SY50M-*, SY50V-*, SY70M-*, SX100-*, SX3000-*, SX5000-*, SX7000-*, SY100-*, SY300-*, SY3000-*, SY7000-*, SY9000-*, SYJ300-*, SYJ500-*, SYJ700-*, SZ3000-*, V100-*, V200-*, V4000-*, VF3000-*, VF3000-*, VF4000-*, VFN3000-*, VFR2000-*, VFR3000-*, VFR4000-*, VFR5000-*, VFR6000-*, VFS2000-*, VFS3000-*, VFS4000-*, VFS5000-*, VFS6000-*, VG300-*, VHA200-*, VJ10-*, VJ100-*, VJ300-*, VJ3000-*, VK300-*, VK2000-*, VK3000-*, VK6000-*, VKF300-*, VP300-*, VP500-*, VP700-*, VQ0000-*, VQ100-*, VQ1000-*, VQ2000-*, VQ4000-*, VQD1000-*, VQ5001-*, VQZ100-*, VQZ1000-*, VQZ200-*, VQZ2000-*, VQZ300-*, VQZ3000-*, VV*, VZ100-, VZ1000-*, VZ2000-*, VZ3000-*, VZ200-*, VZ400-*, VZ4000-*, VZ5000-*, VZA200-*, VZA400-*, VZA2000-*, VZA3000-*, VZA400-*, VZA4000-*, VZA5000-*, VZS2000-*, VZS3000-*, VZS4000-*, VZS5000-*, ◇◇-SS*, ◇◇-VV* 공통 부품 ◇X*, ◇◇X*, ◇◇◇X*, ◇.◇X*, ◇◇.◇X*, ◇◇◇.◇X*, 0-*, 00-*, 111*, 112*, 113*, 123*, 134*, 14*, 14.4*, 190*, 24*, 340*, 341*, 343*, 345*, 52*, 62*, 69*, 92*, ◇◇-AXT*, ◇◇-EAXT*, A00-*, A01-*, A02-*, A03-*, A04-*, A05-*, A06-*, A07-*, A08-*, A09-*, A10-*, A11-*, A12-*, A13-*, A14-*, A15-*, A16-*, AA00*, AC00*, AD00*, AJC*, AN*, AP0*, AP3*, ARB*, AS2*, AS568*, ATX*, AXT*, AZ*, B1*, B2*, BA*, BB*, BC*, BG*, BP*, BT*, C-*, C18*, CA0*, CA1*, CAP*, CAXT*, CB*, CD*, CE*, COP*, CV3*, DA*, DB*, DD0*, DE0*, DF*, DG0*, D-O, DTX*, DX*, DXT*, DY*, DZ0*, DZ1*, DZ2*, DZ4*, DZ5*, E5*, EA0*, EAX*, EBK*, EBS*, EC0*, ECV*, ED0*, EE0*, EEX*, EF0*, EG0*, EH*, ETW*, EVV307-*, FA0*, FB0*, FC0*, FD0*, FE0*, FG0*, FH0*, FI0*, FJ0*, FK0*, FLO*, FM0*, FN0*, FQ0*, FR0*, FRT*, FS0*, FT0*, FU0*, FV0*, FW0*, FX0*, FY0*, FZ0*, G-*, G1*, G2*, G3*, G4*, GA0*, GB0*, GC0*, GD0*, GDM*, GEO*, GF0*, GM2*, GMN*, GPF*, GPR*, H25*, HA0*, HB0*, HC0*, HD0*, ID*, IM*, IS1*, JA*, JB*, JC*, JC0*, JD0*, JE0*, JG0*, JH0*, JIS*, JJ0*, JK0*, J-S*, K-*, K3*, K8*, KA0*, KB0*, KC0*, KD0*, KE0*, KF0*, KG0*, KH0*, KJ0*, KJ2*, KK0*, KL0*, KNL*, KQ2P*, KQA*, KQE*, KT-*, KT1-*, KT2-*, LA0*, LB0*, LC0*, LC1*, LC2*, LC4*, LC5*, LD0*, LDC*, LDP1*, LE0*, LF0*, LG-*, LG0*, LK0*, LL0*, LM0*, LM2*, LN0*, LP0*, LQ-*, LQ0*, LR*, LR0*, LT0*, LU0*, LX0*, LY0*, LZ0*, M0*, M1*, M2*, M3*, M4*, M5*, M6*, M7*, M8*, MA0*, MB0*, MB2*, MBF*, MBS*, MC0*, MD0*, ME0*, MF0*, MG*, MH0*, MJ0*, MK0*, ML0*, MM0*, MN0*, MP0*, MP2*, MP3*, MR0*, MS0*, MT0*, MY-*, MYN-*, NA0*, NAXT*, NB0*, NC0*, ND0*, NE0*, NF0*, NF3*, NG0*, NH0*, NI*, NJ0*, NK0*, NL0*, NPT*, NVV*, NXT*, O-*, OR-*, P-*, P1*, P2*, P3*, P4*, P5*, P6*, P7*, P8*, PB*, PC*, PD*, PE*, PF*, PG*, PH*, PI*, PJ*, PLUG*, PT*, PT1*, PT2*, PT3*, PV*, QA*, QB*, QC*, QD*, QE*, QF*, QG*, R1*, R2*, R3*, RA0*, RB0*, RC0*, RC1*, RC3*, RD0*, RE0*, RF0*, RH0*, RTW*, SA-*, SA0*, SB0*, SC0*, SCA*, SCW*, SCZ*, SI-*, SMC*, SO*, SPA*, SPF*, SPO*, SPZ*, SRT*, STW-*, T-*, TA0*, TA-*, TB0*, TC0*, TMH*, TP-*, TX*, U1*, UA0*, U-PVC*, V01*, V03*, V4*, VA0*, VAW*, VB*, VC0*, VF0*, VF2-*, VH0*, VJ0*, VK0*, VM-*, VQ70*, VS0*, VS1-*, VZ0*, WA0*, WB0*, WC0*, WD0*, WE0*, WG0*, WZ0*, X3*, XT0*, XT1*, XT2*, XT9*, Y◇00*, YRS*, Z-*, ZA0*, ZB0*, ZH-*, ZK*, ZPT*, ZS-*, *PLUG*, *NBR*, *FKM*, *-PS 방폭형 밸브 50-*, 51-*, 52-*, 53-*, 56-* 보조 밸브 VHK*, VHS*, VR*, EVHK*, EVHS*, EVR*, NVHK*, NVHS*, NVR*, ◇◇-VHK*, ◇◇-VHS*, ◇◇-VR*, ◇◇-EVHK*, ◇◇-EVHS*, ◇◇-EVR*, ◇◇-NVHK*, ◇◇-NVHS*, ◇◇-NVR* 비고: ◇는 한자리 수의 숫자, *는 임의의 숫자 또는 문자(%, #, - 등 기호를 포함하며, 숫자 또는 문자의 수는 제한하지 않는다) 2. 회사명: 씨케이디(CKD Corporation) 품목 덤핑방지관세 부과제외 모델 일체형 매니폴드 시스템 M3M*, B*P51*, N*P51*, M3P*, M3K*, M4K*, MN4K*, MN3E*, MN4E*, MN*G*, MN3Q*, M3G*, M4G*, MW3G*, MW4G*, M3S*, M4S*, MN3S*, MN4S*, MT3S*, MT4S*, M4TB*, MN4TB*, AM4F*, M4F* 2포트 밸브 AMD*, LMD*, GAMD*, TMD*, LYX*, MAB*, MYB*, MEB*, MJB*, EMB*, HMTB*, UMB*, CVE2*, CVSE2*, GCVE*, GCVSE, FLB*, FWB*, SAB*W, SVB*W, SAB*S, SVB*S, RSV*, GSV*, SPK*, AGD*, MAGD*, IAGD*, LGD*, MGD*, MMGD*, MOGD*, OGD*, PGM, FHB*, AMS*, FMD*, PMM*, PMP*, PYM*, HB*, CHB*, FWD11, MHB4, MWD*, MXB*, PKW, SWD*, A2, MSB1, PKS, PVS, NPV*, HPV*, PD*, PJVB, CCH, DSG*, GASB, GAV, GHV, HK1, HS, MN, TAC, VLA, VLM, VNA, VNM, VNR, C25N, GMMD*, GFWB*, GFLB*, HYN, MR10-2*, NAB*W, NAB*S, LLO, WHL*, PJ, B512*, EXA, FAB, FAPG*, M512*, P512*, PKA, NAB*V, FGB*, GFGB*, LAD*, HNB1, USB*, NAB*, NAD*, SAB*A, SVB*A, SAB*V, SVB*V, AB3*, AB4*, APK*, AP*, ADK*, AB2*, AB71, AD*, MHB3, B*P512*, N*P512*, GEXA, GFAB*, GAB*, GFGB*, GNAB*, GNAD* 보조 밸브 및 수동 밸브 보조 밸브 2QV, 3QV, SHV2, AC, CHV2, FPV, QEV2, QEL, MHG3, XVA, V1000, V3000, V3010 수동 밸브 H*V*2, MAVL, MS*, MM* 초진공 밸브 AVB*, MVB*, MVP*, AVC, EVB*, HVB*, HVL*, FVB*, NAB*V, NAD*V, SVB*V, SAB*V, VEC, VYX 압축 공기를 유체로 하지 않는 밸브 HNG1, FEG*, HAG, HG*, MEG*, MYG*, MAG*, HMTG*, UMG, CHG, CSB*, FWG*, MHG4, MXG*, SVG*, USG*, AMG*, GFWG*, N513*, MHG3, MV3QR*, 3QR*, M3QR*, 3QB*, CVE3, CVSE3 부품 N3Q0*, N51*, N4K*, N3G*, N4G*, NW3G*, NW4G*, N3S*, N4S*, N4T*, N3E*, N4E*, 3M-*, 3M□-*, 3P-*, 3P□-*, 3P□□-*, 4K-*, 4K□-*, 4K□□-*, 4G-*, 4G□-*, W4G-*, W4G□-*, 4S-*, 4S□-*, B4S*, LMF*, 4L□-*, TMF*, 4T-*, 4T□-*, CM*, GM*, CB*, 4F-*, 4F□-*, *KIT*, *ASSY*, *BOX* 방폭형 밸브 AB*E*, AD*E*, ADK*E*, AP*E*, PDVE4, PVSE*, AG*E*, 4F*E*, M4F*E* 비고: □는 한자리 수의 숫자 또는 문자, *는 임의의 숫자 또는 문자(%, #, - 등 기호를 포함하며, 숫자 또는 문자의 수는 제한하지 않는다) 3. 회사명: 토요오키(Toyooki kogyo Co., Ltd.), 고가네이(KOGANEI Corporation), 로스(ROSS ASIA K.K.), 아즈빌(AZBIL TA Co., Ltd) 품목 제조사 덤핑방지관세 부과제외 모델 기계식 프레스용 밸브 토요오키 AD-0410*, AD-0610*, AD-0810*, AD-SL041*, AD-SL122*, AD-SL131*, AD-SL221*, AD-SL222*, AD-SL223*, AD-SL231*, AD-SL231D*, AD-SL236* 로스 J277, J3573 아즈빌 26*, MVS3500 보조밸브 고가네이 CVS, CVR, CVU, CVUD, C1, C125, C250, C375, C500, S125, S250, SQE*, QE* 비고: *는 임의의 숫자 또는 문자(%, #, - 등 기호를 포함하며, 숫자 또는 문자의 수는 제한하지 않는다)",
M082,인도산초산에틸,인도산 초산에틸에 대한 덤핑방지관세의 부과에 관한 규칙,인도,기획재정부령,제510호,2015-11-19,2015-11-19,3,,2018-11-19,,1,176516,2915.31,2915.31,,,제2조(부과대상 물품) 덤핑방지관세가 부과되는 물품은 인도산 초산에틸(관세율표 번호 제2915.31호에 해당하는 것을 말한다)로 한다.,,,,
M083,중국·일본및싱가포르산초산에틸,중국ㆍ일본 및 싱가포르산 초산에틸에 대한 덤핑방지관세의 부과에 관한 규칙,중국·일본및싱가포르,기획재정부령,제511호,2015-11-19,2015-11-19,3,,2018-11-19,,1,176517,2915.31,2915.31,,,제2조(부과대상 물품) 덤핑방지관세가 부과되는 물품은 중국ㆍ일본 및 싱가포르산 초산에틸(관세율표 번호 제2915.31호에 해당하는 것을 말한다)로 한다.,,,,
M084,중국및인도산폴리에틸렌테레프탈레이트(PET)필름,중국 및 인도산 폴리에틸렌 테레프탈레이트(PET) 필름에 대한 덤핑방지관세의 부과에 관한 규칙,중국및인도,기획재정부령,제531호,2016-01-13,2016-01-13,3,,2019-01-13,,1,179513,3920.62;3920.69,3920.62;3920.69,Y,Y,"제2조(부과 대상 물품) 덤핑방지관세가 부과되는 물품은 중국 및 인도산 폴리에틸렌 테레프탈레이트(Polyethylene terephthalate, PET) 필름(관세율표 번호 제3920.62호, 제3920.69호에 해당하는 것을 말한다)으로 한다. 다만, 별표 1에 따른 물품은 제외한다.","다만, 별표 1에 따른 물품은 제외한다.","다만, 별표 1에 따른 물품은 제외한다.","[별표 1] 덤핑방지관세 부과 대상에서 제외되는 물품(제2조 단서 관련) 1. 두께가 9㎛ 미만으로서 증착되지 않은 폴리에틸렌 테레프탈레이트 필름 2. 비냉매용 모터 절연용(絶緣用)으로 사용되는 두께 125㎛ 이상인 흰색의 폴리에틸렌 테레프탈레이트 필름으로서 다음 각 목의 요건을 모두 갖춘 것 가. 규격 미국 Underwriters Laboratory Inc.가 지정한 시험방식에 따라 측정한 전기적 및 기계적 내열성(Relative Thermal Index, RTI)이 각각 섭씨 105도 이상이고 흐림도(Haze)가 70퍼센트 이상일 것 나. 모델명 Garfilm EM6(인도 Garware Polyester Limited 제품), J-470(인도 Jindal Polyfilms Limited 제품) 등 3. 냉매용 모터 절연용으로 사용되는 두께 125㎛ 이상인 흰색의 폴리에틸렌 테레프탈레이트 필름으로서 다음 각 목의 요건을 모두 갖춘 것 가. 규격 미국 Underwriters Laboratory Inc.가 지정한 시험방식에 따라 측정한 전기적 및 기계적 내열성이 각각 섭씨 140도, 125도 이상이고 소중합체(Oligomer) 추출비율이 0.65퍼센트 이하이며 흐림도가 75퍼센트 이상일 것 나. 모델명 Garfilm EM6-L.O.(인도 Garware Polyester Limited 제품) 등 4. 홀로그램 PET 필름 5. 안료를 다른 원재료에 배합하여 생산한 유채색(有彩色)의 PET필름으로서 두께 300㎛ 이상인 것",
M085,중국산침엽수합판,중국산 침엽수 합판에 대한 덤핑방지관세의 부과에 관한 규칙,중국,기획재정부령,제552호,2016-03-11,2016-03-11,4,,2020-03-11,,1,181758,4412.39;4412.99,4412.39;4412.99,,,제2조(부과대상 물품) 덤핑방지관세가 부과되는 물품은 셋 이상의 단판(ply)을 적층ㆍ접착한 중국산 합판(관세율표 번호 4412.39호 또는 제4412.99호에 해당하는 것을 말한다)으로서 다음 각 호의 요건을 모두 갖춘 것으로 한다. 1. 전체 두께가 6밀리미터(mm) 이상일 것 2. 양쪽 외면의 단판이 침엽수 목재일 것 3. 하나 이상의 단판의 섬유의 방향이 다른 단판의 섬유의 방향과 교차할 것,,,,
M086,미국및프랑스산부틸글리콜에테르,미국 및 프랑스산 부틸글리콜에테르에 대한 덤핑방지관세의 부과에 관한 규칙,미국및프랑스,기획재정부령,제577호,2016-12-06,2016-12-06,5,,2021-12-06,,1,188214,2909.43.0000,2909.43.0000,,,제2조(부과대상 물품) 덤핑방지관세가 부과되는 물품은 미국 및 프랑스산 부틸글리콜에테르(「관세법 시행령」 제98조제1항에 따른 관세ㆍ통계통합품목분류표 번호 제2909.43.0000호에 해당하는 것을 말한다)로 한다.,,,,
M087,일본산스테인리스스틸후판,일본산 스테인리스스틸 후판에 대한 덤핑방지관세의 부과에 관한 규칙,일본,기획재정부령,제578호,2016-12-06,2016-12-06,3,,2019-12-06,,1,188215,7219.21.1010;7219.21.1090;7219.21.9000;7219.22.1010;7219.22.1090;7219.22.9000,7219.21.1010;7219.21.1090;7219.21.9000;7219.22.1010;7219.22.1090;7219.22.9000,Y,Y,"제2조(부과대상 물품) 덤핑방지관세가 부과되는 물품은 일본산 스테인리스스틸 후판(「관세법 시행령」 제98조제1항에 따른 관세ㆍ통계통합품목분류표 번호 제7219.21.1010호, 제7219.21.1090호, 제7219.21.9000호, 제7219.22.1010호, 제7219.22.1090호 및 제7219.22.9000호에 해당하는 것을 말한다) 중 다음 각 호의 요건을 모두 갖춘 것으로 한다. 다만, 별표에 규정된 물품은 제외한다. 1. 스테인리스강(탄소의 함유량이 전체 중량의 100분의 1.2 이하이고 크롬의 함유량이 전체 중량의 100분의 10.5 이상인 합금강을 말한다)일 것 2. 두께가 8밀리미터 이상 80밀리미터 이하이고 너비가 1천밀리미터 이상 3천270밀리미터 이하인 열간압연(熱間壓延) 강판일 것 3. 압연, 열처리, 냉각 및 후처리과정[교정, 절단, 산세(酸洗) 및 포장을 말한다]을 거친 완제품으로서 코일형태의 제품이 아닌 것","다만, 별표에 규정된 물품은 제외한다. 1. 스테인리스강(탄소의 함유량이 전체 중량의 100분의 1.2 이하이고 크롬의 함유량이 전체 중량의 100분의 10.5 이상인 합금강을 말한다)일 것 2. 두께가 8밀리미터 이상 80밀리미터 이하이고 너비가 1천밀리미터 이상 3천270밀리미터 이하인 열간압연(熱間壓延) 강판일 것 3. 압연, 열처리, 냉각 및 후처리과정[교정, 절단, 산세(酸洗) 및 포장을 말한다]을 거친 완제품으로서 코일형태의 제품이 아닌 것","다만, 별표에 규정된 물품은 제외한다. 1. 스테인리스강(탄소의 함유량이 전체 중량의 100분의 1.2 이하이고 크롬의 함유량이 전체 중량의 100분의 10.5 이상인 합금강을 말한다)일 것 2. 두께가 8밀리미터 이상 80밀리미터 이하이고 너비가 1천밀리미터 이상 3천270밀리미터 이하인 열간압연(熱間壓延) 강판일 것 3. 압연, 열처리, 냉각 및 후처리과정[교정, 절단, 산세(酸洗) 및 포장을 말한다]을 거친 완제품으로서 코일형태의 제품이 아닌 것","덤핑방지관세 부과대상에서 제외되는 물품(제2조 각 호 외의 부분 단서 관련) 1. Nippon Yakin Kogyo Co., Ltd에서 공급하는 공급자 기호 NAS 800[이 규 칙 시행일 현재의 일본공업규격(Japanese Industrial Standards, 이하 ""JIS"" 라 한다)의 NCF 800에 해당한다] 강종(鋼種)인 것 2. JIS의 SUS 410 강종인 것 3. JIS의 SUS 329J4L(공급자 기호 NAS 64를 포함한다) 강종인 것 4. JIS의 SUS 836L 강종인 것 5. 이 규칙 시행일 현재의 미국재료시험협회(American Society for Testing Materials, 이하 ""ASTM""이라 한다)의 410S 또는 JIS의 SUS 410S 강종인 것 6. ASTM의 S82122[Nippon Steel & Sumikin Stainless Steel Corporation(이 하 ""신일철주금""이라 한다)의 고유강종 NSSC 2120을 포함한다] 강종인 것 7. ASTM의 N08904 강종인 것 8. ASTM의 S31254 강종인 것 9. ASTM의 S32760 강종인 것 10. ASTM의 S 32750(공급자 기호 NAS 74N을 포함한다) 강종인 것 11. 공급자 기호 NAS 800H(JIS의 NCF 800H에 해당한다) 강종인 것 12. 공급자 기호 NAS 255(JIS의 SUS 890L에 해당한다) 강종인 것 13. 공급자 기호 NAS 185N(JIS의 SUS 312L에 해당한다) 강종인 것 14. 공급자 기호 NAS 800T[이 규칙 시행일 현재의 미국통일규격부여시스템 (Unified Numbering System, 이하 ""UNS No.""라 한다)의 N 08811에 해당 한다] 강종인 것 15. 공급자 기호 NAS 254NM(UNS No. N 08367에 해당한다) 강종인 것 16. 공급자 기호 NAS 255NM(UNS No. N 08926에 해당한다) 강종인 것 17. 공급자 기호 NAS 75N(UNS No. S 32760에 해당한다) 강종인 것 18. 신일철주금의 고유 강종(NSSC 409L) 중 다음 각 목의 요건을 모두 갖춘 것 가. 탄소 함유량이 전체 중량의 0.03% 이하일 것 나. 규소 함유량이 전체 중량의 1.00% 이하일 것 다. 망간 함유량이 전체 중량의 1.00% 이하일 것 라. 인 함유량이 전체 중량의 0.04% 이하일 것 마. 황 함유량이 전체 중량의 0.03% 이하일 것 [별표] 바. 크롬 함유량이 전체 중량의 10.50% 이상 11.45% 이하일 것 사. 티타늄 함유량이 전체 중량의 0.75% 이하(하한치는 탄소 함유량의 6배 이상)일 것 19. 신일철주금의 고유 강종(NSSC DP-28W) 중 다음 각 목의 요건을 모두 갖춘 것 가. 탄소 함유량이 전체 중량의 0.03% 이하일 것 나. 규소 함유량이 전체 중량의 0.50% 이하일 것 다. 망간 함유량이 전체 중량의 1.10% 이하일 것 라. 인 함유량이 전체 중량의 0.03% 이하일 것 마. 황 함유량이 전체 중량의 0.01% 이하일 것 바. 니켈 함유량이 전체 중량의 7.00% 이상 8.20% 이하일 것 사. 크롬 함유량이 전체 중량의 27.00% 이상 27.90% 이하일 것 아. 몰리브덴 함유량이 전체 중량의 0.80% 이상 1.20% 이하일 것 자. 질소 함유량이 전체 중량의 0.30% 이상 0.40% 이하일 것 차. 텅스텐 함유량이 전체 중량의 2.10% 이상 2.50% 이하일 것 20. 신일철주금의 고유 강종(NSSC DP-3) 중 다음 각 목의 요건을 모두 갖춘 것 가. 탄소 함유량이 전체 중량의 0.03% 이하일 것 나. 규소 함유량이 전체 중량의 0.75% 이하일 것 다. 망간 함유량이 전체 중량의 1.10% 이하일 것 라. 인 함유량이 전체 중량의 0.03% 이하일 것 마. 황 함유량이 전체 중량의 0.03% 이하일 것 바. 니켈 함유량이 전체 중량의 5.50% 이상 7.50% 이하일 것 사. 크롬 함유량이 전체 중량의 24.00% 이상 26.00% 이하일 것 아. 몰리브덴 함유량이 전체 중량의 2.50% 이상 3.50% 이하일 것 자. 질소 함유량이 전체 중량의 0.10% 이상일 것 차. 구리 함유량이 전체 중량의 0.20% 이상 0.80% 이하일 것 카. 텅스텐 함유량이 전체 중량의 0.10% 이상 0.50% 이하일 것 21. 신일철주금의 고유 강종(NSSC AH-4) 중 다음 각 목의 요건을 모두 갖춘 것 가. 탄소 함유량이 전체 중량의 0.05% 이상 0.10% 이하일 것 나. 규소 함유량이 전체 중량의 1.00% 이하일 것 다. 망간 함유량이 전체 중량의 1.00% 이하일 것 라. 인 함유량이 전체 중량의 0.04% 이하일 것 마. 황 함유량이 전체 중량의 0.03% 이하일 것 바. 니켈 함유량이 전체 중량의 10.00% 이상 12.00% 이하일 것 사. 크롬 함유량이 전체 중량의 22.00% 이상 24.00% 이하일 것 아. 질소 함유량이 전체 중량의 0.18% 이상 0.25% 이하일 것 자. 란타넘, 세륨 함유량의 합이 전체 중량의 0.03% 이상 0.07% 이하일 것 22. 신일철주금의 고유 강종(NSSC 260) 중 다음 각 목의 요건을 모두 갖춘 것 가. 탄소 함유량이 전체 중량의 0.03% 이하일 것 나. 규소 함유량이 전체 중량의 1.50% 이하일 것 다. 망간 함유량이 전체 중량의 2.00% 이하일 것 라. 인 함유량이 전체 중량의 0.04% 이하일 것 마. 황 함유량이 전체 중량의 0.03% 이하일 것 바. 니켈 함유량이 전체 중량의 13.50% 이상 16.50% 이하일 것 사. 크롬 함유량이 전체 중량의 18.50% 이상 21.50% 이하일 것 아. 몰리브덴 함유량이 전체 중량의 2.50% 이상 3.50% 이하일 것 자. 질소 함유량이 전체 중량의 0.16% 이상 0.24% 이하일 것 차. 구리 함유량이 전체 중량의 1.00% 이상 2.00% 이하일 것 23. 신일철주금의 고유 강종(NSSC 270) 중 다음 각 목의 요건을 모두 갖춘 것 가. 탄소 함유량이 전체 중량의 0.02% 이하일 것 나. 규소 함유량이 전체 중량의 0.80% 이하일 것 다. 망간 함유량이 전체 중량의 1.00% 이하일 것 라. 인 함유량이 전체 중량의 0.03% 이하일 것 마. 황 함유량이 전체 중량의 0.015% 이하일 것 바. 니켈 함유량이 전체 중량의 17.50% 이상 19.50% 이하일 것 사. 크롬 함유량이 전체 중량의 19.00% 이상 21.00% 이하일 것 아. 몰리브덴 함유량이 전체 중량의 6.00% 이상 7.00% 이하일 것 자. 질소 함유량이 전체 중량의 0.16% 이상 0.25% 이하일 것 차. 구리 함유량이 전체 중량의 0.50% 이상 1.00% 이하일 것 24. 신일철주금의 고유강종(NSSC SN-1) 중 다음 각 목의 요건을 모두 갖춘 것 가. 탄소 함유량이 전체 중량의 0.02% 이하일 것 나. 규소 함유량이 전체 중량의 3.90% 이상 4.70% 이하일 것 다. 망간 함유량이 전체 중량의 1.50% 이하일 것 라. 인 함유량이 전체 중량의 0.03% 이하일 것 마. 황 함유량이 전체 중량의 0.03% 이하일 것 바. 몰리브덴 함유량이 전체 중량의 0.50% 이하일 것 사. 구리 함유량이 전체 중량의 0.50% 이하일 것 아. 니켈 함유량이 전체 중량의 13.00% 이상 15.50% 이하일 것 자. 크롬 함유량이 전체 중량의 16.50% 이상 18.50% 이하일 것 25. 이 규칙 시행일 현재의 미국기계학회(American Society of Mechanical Engineers, 이하 ""ASME""라 한다)의 S31254 강종인 것 26. ASME의 N08904 강종인 것 27. ASME의 S32760 강종인 것 28. 이 규칙 시행일 현재의 노르웨이해양산업규격(Norsk Sokkels Konkuranseposisjon, 이하 ""NORSOK""라 한다)의 S31254 강종인 것 29. NORSOK의 S32750 강종인 것",
M088,말레이시아산합판,말레이시아산 합판에 대한 덤핑방지관세 부과에 관한 규칙,말레이시아,기획재정부령,제622호,2017-05-08,2017-05-08,3,,2020-05-08,,1,193758,4412.31;4412.33;4412.34,4412.31;4412.33;4412.34,,,"제2조(부과대상 물품) 덤핑방지관세가 부과되는 물품은 말레이시아산 합판(「관세법 시행령」 제98조제1항에 따른 관세ㆍ통계통합품목분류표 번호 제4412.31호, 제4412.33호 또는 제4412.34호에 해당하는 것을 말한다) 중 두께가 6밀리미터(㎜) 이상인 것으로 한다.",,,,
M089,중국산합판,중국산 합판에 대한 덤핑방지관세 부과에 관한 규칙,중국,기획재정부령,제621호,2017-05-08,2017-05-08,3,,2020-05-08,,1,193755,4412.31;4412.33;4412.34,4412.31;4412.33;4412.34,,,"제2조(부과대상 물품) 덤핑방지관세가 부과되는 물품은 중국산 합판(「관세법 시행령」 제98조제1항에 따른 관세ㆍ통계통합품목분류표 번호 제4412.31호, 제4412.33호 또는 제4412.34호에 해당하는 것을 말한다) 중 두께가 6밀리미터(㎜) 이상인 것으로 한다.",,,,
M090,일본·인도및스페인산스테인리스스틸바,일본ㆍ인도 및 스페인산 스테인리스 스틸바에 대한 덤핑방지관세 부과에 관한 규칙,일본·인도및스페인,기획재정부령,제624호,2017-06-02,2017-06-02,3,,2020-06-02,,1,194114,7222.11.0000;7222.19.0000;7222.20.0000;7222.30.0000,7222.11.0000;7222.19.0000;7222.20.0000;7222.30.0000,Y,Y,"제2조(부과대상 물품) 덤핑방지관세가 부과되는 물품은 일본ㆍ인도 및 스페인산 스테인리스 스틸바(「관세법 시행령」 제98조제1항에 따른 관세ㆍ통계통합품목분류표 번호 제7222.11.0000호, 제7222.19.0000호, 제7222.20.0000호, 제7222.30.0000호) 중 다음 각 호의 어느 하나에 해당하는 것으로 한다. 다만, 별표 1에 규정된 물품은 제외한다. 1. 가운데에 구멍이 없는 원형강(Round Bar): 지름이 600㎜ 이하인 것 2. 각강(Square Bar): 대변거리가 4.5㎜ 이상 40㎜ 이하인 것 3. 육각강(Hexagonal Bar): 대변거리가 5㎜ 이상 40㎜ 이하인 것 4. 평강(Flat Bar): 두께가 25㎜ 이상 150㎜ 이하이고 너비가 150㎜ 이상 600㎜ 이하인 것. 다만, 두께가 100㎜ 초과 150㎜ 이하이고 너비가 150㎜ 이상 210㎜ 이하인 것은 제외한다.","다만, 별표 1에 규정된 물품은 제외한다. 1. 가운데에 구멍이 없는 원형강(Round Bar): 지름이 600㎜ 이하인 것 2. 각강(Square Bar): 대변거리가 4.5㎜ 이상 40㎜ 이하인 것 3. 육각강(Hexagonal Bar): 대변거리가 5㎜ 이상 40㎜ 이하인 것 4. 평강(Flat Bar): 두께가 25㎜ 이상 150㎜ 이하이고 너비가 150㎜ 이상 600㎜ 이하인 것. 다만, 두께가 100㎜ 초과 150㎜ 이하이고 너비가 150㎜ 이상 210㎜ 이하인 것은 제외한다.","다만, 별표 1에 규정된 물품은 제외한다. 1. 가운데에 구멍이 없는 원형강(Round Bar): 지름이 600㎜ 이하인 것 2. 각강(Square Bar): 대변거리가 4.5㎜ 이상 40㎜ 이하인 것 3. 육각강(Hexagonal Bar): 대변거리가 5㎜ 이상 40㎜ 이하인 것 4. 평강(Flat Bar): 두께가 25㎜ 이상 150㎜ 이하이고 너비가 150㎜ 이상 600㎜ 이하인 것. 다만, 두께가 100㎜ 초과 150㎜ 이하이고 너비가 150㎜ 이상 210㎜ 이하인 것은 제외한다.","[별표 1] 덤핑방지관세 부과대상에서 제외되는 물품(제2조 단서 관련) 1. 내열강 JIS의 SUH1/1HT, SUH3/3HT, SUH11/11HT, SUH35, 21-2N, 21-12 N(SUH37), 23-8N, 21-4NNbW 규격인 것 2. 니켈합금강 및 전자스테인리스강(Electromagnetic stainless steel) 3. LNG선박 건조용 스테인리스스틸 평강(SUS304)으로서 규격[두께(㎜) × 너 비(㎜)×길이(㎜)]이 12×55×6,000, 16×55×6,000인 것 4. 합성섬유방사 노즐용으로서 원형강(SUS-630KN) 중 그 경도가 HRC 34～38 이고 지름이 30㎜ 이상 600㎜ 이하인 것과 사각강(SUS-630KN) 중 그 경도가 HRC 35～40인 것 5. 다음 각 목의 어느 하나에 해당하는 것 가. 관 이음쇠 및 유압용 육각강(SUS316) 중 그 경도가 HRC 21∼23이고, 허 용공차가 H11이며, 대변거리(단위: ㎜)가 7.9, 9.5, 11.1, 12.0, 12.7, 14.0, 14. 2, 15.0, 15.8, 16.0, 17.0, 17.4, 18.0, 19.1, 20.6, 22.0, 22.2, 23.8, 24.0, 25.0, 25. 4, 26.9, 28.5, 30.0, 31.7, 32.0, 33.3, 34.9, 36.0 또는 38.1인 것 나. 스테인리스스틸 원형강(SUS316) 중 그 경도가 HRC 24∼28이고, 허용공 차가 H9이며, 지름(단위: ㎜)이 6.0, 10.0, 12.0, 13.0, 14.0, 16.0, 18.0, 20.0, 23.0, 26.0, 29.0, 30.0, 32.0, 35.0, 40.0, 42.0 또는 50.8인 것 6. 가솔린 자동차 연료펌프모터 샤프트(Shaft)용 원형강(SUS440C)으로서 지름 5.1㎜, 길이 2,000㎜, 직경공차 ±0.02㎜ 이내, 진직도 ±0.018㎜ 이내, 진원도 0.0 12㎜ 이내, 표면거칠기 3.2z 이내 및 표면경도 HRB96(Max)인 것 7. 자동차 연료조절기밸브용 원형강(SUS420F)으로서 규격[지름(㎜)×길이(㎜)]이 7.1(＋0.05/－0)×2,500(＋30/－0) 또는 11.5(＋0.05/－0)×2,500(＋30/－0)인 것 8. 자동차 및 유공압 솔레노이드밸브용 쾌삭스테인리스 스틸바 원형강(ASK32 00)으로서 지름이 8㎜ 이하인 것 9. 전자부품 가공용 쾌삭스테인리스 스틸바 원형강(ASK3000U)으로서 지름이 1㎜ 이상 4㎜ 이하인 것 10. SUS316L 계열의 원형강 중 고청정 반도체 제조설비에 사용되는 밸브 및 배관부품용으로 2회 이상의 용해 또는 정련 공정을 거친 것으로서 다음 각 목의 요건을 모두 갖춘 것 가. 탄소 함유량이 전체중량의 0.01% 이하일 것 나. 규소의 함유량이 전체중량의 0.15% 이하일 것 다. 망간의 함유량이 전체중량의 0.05% 이하일 것 라. 황의 함유량이 전체중량의 0.002% 이하일 것 마. 질소의 함유량이 전체중량의 0.015% 이하일 것 바. 산소의 함유량이 전체중량의 0.0015% 이하일 것 사. 니켈의 함유량이 전체중량의 14.5% 이상 15.0% 이하일 것 아. 크롬의 함유량이 전체중량의 16.5% 이상 17.0% 이하일 것 자. 몰리브덴의 함유량이 전체중량의 2.20% 이상 2.25% 이하일 것 11. SUS316L 계열의 원형강 중 고청정 반도체 제조설비에 사용되는 밸브 및 배관부품용으로 2회 이상의 용해 또는 정련 공정을 거친 것으로서 다음 각 목의 요건을 모두 갖춘 것 가. 탄소 함유량이 전체중량의 0.01% 이하일 것 나. 규소의 함유량이 전체중량의 0.30% 이하일 것 다. 망간의 함유량이 전체중량의 0.40% 이하일 것 라. 황의 함유량이 전체중량의 0.003% 이하일 것 마. 질소의 함유량이 전체중량의 0.015% 이하일 것 바. 산소의 함유량이 전체중량의 0.0015% 이하일 것 사. 니켈의 함유량이 전체중량의 14.5% 이상 15.0% 이하일 것 아. 크롬의 함유량이 전체중량의 16.5% 이상 17.0% 이하일 것 자. 몰리브덴의 함유량이 전체중량의 2.20% 이상 2.50% 이하일 것 12. 평강(Flat Bar) 중 다음 각 목의 어느 하나에 해당하는 것 가. 두께가 9㎜ 이상 13㎜ 이하이고 너비가 15㎜ 이상 100㎜ 이하인 것 나. 두께가 13㎜ 이상 20㎜ 이하이고 너비가 15㎜ 이상 150㎜ 이하인 것",
M091,중국산인쇄제판용평면모양사진플레이트,중국산 인쇄제판용 평면 모양 사진플레이트에 대한 덤핑방지관세 부과에 관한 규칙,중국,기획재정부령,제634호,2017-09-07,2017-09-07,3,,2020-09-07,,1,197393,3701.30.9100,3701.30.9100,Y,,"제2조(부과대상 물품) 덤핑방지관세가 부과되는 물품은 중국산 인쇄제판용 평면 모양 사진플레이트(「관세법 시행령」 제98조제1항에 따른 관세ㆍ통계통합품목분류표 번호 제3701.30.9100호에 해당하는 것을 말한다) 중 다음 각 호의 요건을 모두 갖춘 것으로 한다. 다만, 포토폴리머 바이올렛판(Photopolymer Violet Plate), 재생판 및 더블레이어판(Double-layer Plate)은 제외한다. 1. 알루미늄판의 표면을 전기ㆍ화학적으로 연마하여 산화막을 형성한 후 표면에 감광재를 도포한 감광성 인쇄용 판일 것 2. 각 변의 길이가 255밀리미터(㎜)를 초과할 것","다만, 포토폴리머 바이올렛판(Photopolymer Violet Plate), 재생판 및 더블레이어판(Double-layer Plate)은 제외한다. 1. 알루미늄판의 표면을 전기ㆍ화학적으로 연마하여 산화막을 형성한 후 표면에 감광재를 도포한 감광성 인쇄용 판일 것 2. 각 변의 길이가 255밀리미터(㎜)를 초과할 것","다만, 포토폴리머 바이올렛판(Photopolymer Violet Plate), 재생판 및 더블레이어판(Double-layer Plate)은 제외한다. 1. 알루미늄판의 표면을 전기ㆍ화학적으로 연마하여 산화막을 형성한 후 표면에 감광재를 도포한 감광성 인쇄용 판일 것 2. 각 변의 길이가 255밀리미터(㎜)를 초과할 것",,
M092,베트남·우크라이나및인도산페로실리코망간,베트남ㆍ우크라이나 및 인도산 페로실리코망간에 대한 덤핑방지관세 부과에 관한 규칙,베트남·우크라이나및인도,기획재정부령,제640호,2017-11-29,2017-11-29,5,,2022-11-29,,1,199294,7202.30.0000,7202.30.0000,,,제2조(부과대상 물품) 덤핑방지관세가 부과되는 물품은 베트남ㆍ우크라이나 및 인도산 페로실리코망간(「관세법 시행령」 제98조제1항에 따른 관세ㆍ통계통합품목분류표 번호 제7202.30.0000호에 해당하는 것을 말한다)으로 한다.,,,,
M093,대만·태국및아랍에미리트연합산폴리에틸렌테레프탈레이트필름,대만ㆍ태국 및 아랍에미리트연합산 폴리에틸렌 테레프탈레이트 필름에 대한 덤핑방지관세 부과에 관한 규칙,대만·태국및아랍에미리트연합,기획재정부령,제680호,2018-04-30,2018-04-30,3,,2021-04-30,,1,203449,3920.62.0000;3920.69.0000,3920.62.0000;3920.69.0000,Y,,"제2조(부과대상 물품) 덤핑방지관세가 부과되는 물품은 대만ㆍ태국 및 아랍에미리트연합산 폴리에틸렌 테레프탈레이트(Polyethylene Terephthalate, PET) 필름(「관세법 시행령」 제98조제1항에 따른 관세ㆍ통계통합품목분류표 번호 제3920.62.0000호 또는 3920.69.0000호에 해당하는 것을 말한다) 중 다음 각 호의 어느 하나에 해당하는 것으로 한다. 다만, 금속으로 증착(蒸着)된 물품 또는 유채색 물품은 제외한다. 1. 코팅되지 않은 물품 2. 코팅된 물품으로서 코팅 두께의 합이 0.25마이크로미터(㎛) 이하인 것","다만, 금속으로 증착(蒸着)된 물품 또는 유채색 물품은 제외한다. 1. 코팅되지 않은 물품 2. 코팅된 물품으로서 코팅 두께의 합이 0.25마이크로미터(㎛) 이하인 것","다만, 금속으로 증착(蒸着)된 물품 또는 유채색 물품은 제외한다. 1. 코팅되지 않은 물품 2. 코팅된 물품으로서 코팅 두께의 합이 0.25마이크로미터(㎛) 이하인 것",,
M094,일본·중국및핀란드산도공(Coated)인쇄용지,일본ㆍ중국 및 핀란드산 도공(Coated) 인쇄용지에 대한 덤핑방지관세 부과에 관한 규칙,일본·중국및핀란드,기획재정부령,제684호,2018-07-20,2018-07-22,,,2023-07-21,,2,204117;239055,4810.13.1000;4810.14.1000;4810.19.1000;4810.19.9000;4810.22.0000;4810.29.0000,4810.13.1000;4810.14.0000;4810.19.1000;4810.19.9000;4810.22.0000;4810.29.0000,,,"제2조(부과대상 물품) 덤핑방지관세가 부과되는 물품은 일본ㆍ중국 및 핀란드산 도공(Coated) 인쇄용지(「관세법 시행령」 제98조제1항에 따른 관세ㆍ통계통합품목분류표 번호 제4810.13.1000호, 제4810.14.1000호, 제4810.19.1000호, 제4810.19.9000호, 제4810.22.0000호, 제4810.29.0000호에 해당하는 것을 말한다) 중 1제곱미터당 중량이 55그램 초과 110그램 이하인 제품으로 한다.",,,,
M095,중국산아연도금철선,중국산 아연도금철선에 대한 덤핑방지관세 부과에 관한 규칙,중국,기획재정부령,제688호,2018-08-10,2018-08-14,,,2023-08-13,,1,204243,,,,,제2조(부과대상 물품) 덤핑방지관세가 부과되는 물품은 중국산 아연도금철선[「관세법 시행령」 제98조제1항에 따른 관세ㆍ통계통합품목분류표 번호(이하 이 조에서 “품목분류표”라 한다) 제7217.20.0000호 및 제7229.90.9090호에 해당하는 것을 말한다] 중 다음 각 호의 요건을 모두 갖춘 것으로 한다. 1. 철이나 비합금강 또는 저합금강(합금원소 함유량의 합이 전체 중량의 8퍼센트 미만인 품목분류표에 따른 그 밖의 합금강을 말한다)에 아연을 용융(熔融) 도금하거나 전기 도금한 것일 것 2. 탄소함유량이 전체 중량의 0.25퍼센트 미만일 것,,,,
M096,미국·말레이시아·태국및일본산에탄올아민,미국ㆍ말레이시아ㆍ태국 및 일본산 에탄올아민에 대한 덤핑방지관세 부과에 관한 규칙,미국·말레이시아·태국및일본,기획재정부령,제689호,2018-08-31,2018-08-31,3,,2021-08-31,,1,204304,2922.11.1000;2922.12.1000;2922.15.0000,2922.11.1000;2922.12.1000;2922.15.0000,,,"제2조(부과대상 물품) 덤핑방지관세가 부과되는 물품은 미국ㆍ말레이시아ㆍ태국 및 일본산 에탄올아민(Ethanolamine, 「관세법 시행령」 제98조에 따른 관세ㆍ통계통합품목분류표 번호 제2922.11.1000호, 제2922.12.1000호, 제2922.15.0000호에 해당하는 것을 말한다)으로 한다.",,,,
M097,중국산플로트판유리,중국산 플로트판유리에 대한 덤핑방지관세 부과에 관한 규칙,중국,기획재정부령,제690호,2018-08-31,2018-08-31,3,,2021-08-31,,1,204305,7005.21.4000;7005.21.5000;7005.21.6000;7005.21.7010;7005.21.7020;7005.21.7030;7005.29.4010;7005.29.4090;7005.29.5010;7005.29.5090;7005.29.6010;7005.29.6090;7005.29.7010;7005.29.7090;7005.29.8010;7005.29.8090;7005.29.9010;7005.29.9090,7005.21.4000;7005.21.5000;7005.21.6000;7005.21.7010;7005.21.7020;7005.21.7030;7005.29.4010;7005.29.4090;7005.29.5010;7005.29.5090;7005.29.6010;7005.29.6090;7005.29.7010;7005.29.7090;7005.29.8010;7005.29.8090;7005.29.9010;7005.29.9090,Y,,"제2조(부과대상 물품) 덤핑방지관세가 부과되는 물품은 플로트공법으로 생산된 중국산 플로트판유리(「관세법 시행령」 제98조에 따른 관세ㆍ통계통합품목분류표 번호 제7005.21.4000호, 제7005.21.5000호, 제7005.21.6000호, 제7005.21.7010호, 제7005.21.7020호, 제7005.21.7030호, 제7005.29.4010호, 제7005.29.4090호, 제7005.29.5010호, 제7005.29.5090호, 제7005.29.6010호, 제7005.29.6090호, 제7005.29.7010호, 제7005.29.7090호, 제7005.29.8010호, 제7005.29.8090호, 제7005.29.9010호, 제7005.29.9090호에 해당하는 것을 말한다) 중 다음 각 호의 어느 하나에 해당하는 것으로 한다. 다만, 코팅유리(Coated Glass), 무늬유리(Patterned Glass), 망입유리(Wired Glass), 복층유리(Insulating Glass), 강화유리(Tempered Glass), 접합유리(Laminated Glass), 에칭유리(Etched Glass), 저철분유리(Low iron Glass) 등 판유리의 효용을 개선하기 위하여 가공한 유리는 제외한다. 1. 맑은 유리(Clear Float Glass) : 두께가 4밀리미터를 초과하고 13밀리미터 미만인 것 2. 색유리 중 그린유리(Green Float Glass) : 두께가 4밀리미터를 초과하고 13밀리미터 미만인 것","다만, 코팅유리(Coated Glass), 무늬유리(Patterned Glass), 망입유리(Wired Glass), 복층유리(Insulating Glass), 강화유리(Tempered Glass), 접합유리(Laminated Glass), 에칭유리(Etched Glass), 저철분유리(Low iron Glass) 등 판유리의 효용을 개선하기 위하여 가공한 유리는 제외한다. 1. 맑은 유리(Clear Float Glass) : 두께가 4밀리미터를 초과하고 13밀리미터 미만인 것 2. 색유리 중 그린유리(Green Float Glass) : 두께가 4밀리미터를 초과하고 13밀리미터 미만인 것","다만, 코팅유리(Coated Glass), 무늬유리(Patterned Glass), 망입유리(Wired Glass), 복층유리(Insulating Glass), 강화유리(Tempered Glass), 접합유리(Laminated Glass), 에칭유리(Etched Glass), 저철분유리(Low iron Glass) 등 판유리의 효용을 개선하기 위하여 가공한 유리는 제외한다. 1. 맑은 유리(Clear Float Glass) : 두께가 4밀리미터를 초과하고 13밀리미터 미만인 것 2. 색유리 중 그린유리(Green Float Glass) : 두께가 4밀리미터를 초과하고 13밀리미터 미만인 것",,
M098,중국산도자기질타일,중국산 도자기질 타일에 대한 덤핑방지관세 부과에 관한 규칙,중국,기획재정부령,제695호,2018-10-15,2018-10-15,3,,2021-10-15,,1,204869,6901.00.3000;6907.21.0000;6907.22.1000;6907.22.9000;6907.23.0000;6907.30.1000;6907.30.9000;6907.40.1000;6907.40.9000,6901.00.3000;6907.21.0000;6907.22.1000;6907.22.9000;6907.23.0000;6907.30.1000;6907.30.9000;6907.40.1000;6907.40.9000,,,"제2조(부과대상 물품) 「관세법」 제51조에 따른 덤핑방지관세(이하 “덤핑방지관세”라 한다)가 부과되는 물품은 중국산 도자기질 타일(「관세법 시행령」 제98조제1항에 따른 관세ㆍ통계통합품목분류표 번호 제6901.00.3000호, 제6907.21.0000호, 제6907.22.1000호, 제6907.22.9000호, 제6907.23.0000호, 제6907.30.1000호, 제6907.30.9000호, 제6907.40.1000호, 제6907.40.9000호에 해당하는 것을 말한다)로서 가로와 세로의 길이가 각각 70밀리미터 이상 1천300밀리미터 이하인 사각 형태의 것을 말한다.",,,,
M099,대만및이탈리아산스테인리스스틸바,대만 및 이탈리아산 스테인리스 스틸바에 대한 덤핑방지관세 부과에 관한 규칙,대만및이탈리아,기획재정부령,제734호,2019-05-16,2019-05-16,5,,2024-05-16,,1,208698,7222.11.0000;7222.19.0000;7222.20.0000;7222.30.0000,7222.11.0000;7222.19.0000;7222.20.0000;7222.30.0000,Y,,"제2조(부과대상 물품) 덤핑방지관세가 부과되는 물품은 대만 및 이탈리아산 스테인리스 스틸바(「관세법 시행령」 제98조제1항에 따른 관세ㆍ통계통합품목분류표 번호 제7222.11.0000호, 제7222.19.0000호, 제7222.20.0000호 및 제7222.30.0000호에 해당하는 것을 말한다) 중 횡단면이 원형, 정사각형, 육각형 또는 직사각형(두께가 25밀리미터 이상 150밀리미터 이하이고, 너비가 150밀리미터 이상 600밀리미터 이하인 것으로 한정한다)인 것으로 한다. 다만, 다음 각 호의 어느 하나에 해당하는 것은 부과대상에서 제외한다. 1. 가운데에 구멍이 있는 것 2. 횡단면이 직사각형인 것 중 두께가 100밀리미터 초과 150밀리미터 이하이고, 너비가 150밀리미터 이상 210밀리미터 이하인 것 3. 콘크리트 보강용 철근으로서 표면에 마디가 있는 것 4. 자동차 엔진밸브용 내열강(고온에 잘 견디는 강철을 말하며, 이하 같다)으로서 21-4NNbW[유럽연합기준(EN) 1.4882] 규격인 것. 이 경우 21-4NWNb 등 N, Nb, W의 표기순서가 다른 것이라도 같은 규격으로 본다. 5. 자동차 엔진밸브용 내열강으로서 23-8N(EN기준 1.4866) 규격인 것 6. 자동차 엔진밸브용 내열강으로서 21-4N(EN기준 1.4871) 규격인 것 7. 자동차 엔진밸브용 내열강으로서 21-2N(EN기준 1.4875) 규격인 것 8. 자동차 엔진부품용으로서 440B(EN기준 1.4112) 규격인 것 9. 자동차 엔진부품용으로서 415M(EN기준 1.4418) 규격인 것으로 황(S) 함량이 10피피엠(ppm) 이하인 것 10. 자동차 가스센서용 AISI 430F 육각봉으로서 BOSCH F028X50124 규격을 충족하는 것 11. 자동차 솔레노이드(전기 도선 감은 원통형 기기를 말한다) 밸브용 430FR 강종(鋼種)으로서 max 398A/m coercive field strength Hc 자력성(磁力性) 규격을 충족하는 것","다만, 다음 각 호의 어느 하나에 해당하는 것은 부과대상에서 제외한다. 1. 가운데에 구멍이 있는 것 2. 횡단면이 직사각형인 것 중 두께가 100밀리미터 초과 150밀리미터 이하이고, 너비가 150밀리미터 이상 210밀리미터 이하인 것 3. 콘크리트 보강용 철근으로서 표면에 마디가 있는 것 4. 자동차 엔진밸브용 내열강(고온에 잘 견디는 강철을 말하며, 이하 같다)으로서 21-4NNbW[유럽연합기준(EN) 1.4882] 규격인 것. 이 경우 21-4NWNb 등 N, Nb, W의 표기순서가 다른 것이라도 같은 규격으로 본다. 5. 자동차 엔진밸브용 내열강으로서 23-8N(EN기준 1.4866) 규격인 것 6. 자동차 엔진밸브용 내열강으로서 21-4N(EN기준 1.4871) 규격인 것 7. 자동차 엔진밸브용 내열강으로서 21-2N(EN기준 1.4875) 규격인 것 8. 자동차 엔진부품용으로서 440B(EN기준 1.4112) 규격인 것 9. 자동차 엔진부품용으로서 415M(EN기준 1.4418) 규격인 것으로 황(S) 함량이 10피피엠(ppm) 이하인 것 10. 자동차 가스센서용 AISI 430F 육각봉으로서 BOSCH F028X50124 규격을 충족하는 것 11. 자동차 솔레노이드(전기 도선 감은 원통형 기기를 말한다) 밸브용 430FR 강종(鋼種)으로서 max 398A/m coercive field strength Hc 자력성(磁力性) 규격을 충족하는 것","다만, 다음 각 호의 어느 하나에 해당하는 것은 부과대상에서 제외한다. 1. 가운데에 구멍이 있는 것 2. 횡단면이 직사각형인 것 중 두께가 100밀리미터 초과 150밀리미터 이하이고, 너비가 150밀리미터 이상 210밀리미터 이하인 것 3. 콘크리트 보강용 철근으로서 표면에 마디가 있는 것 4. 자동차 엔진밸브용 내열강(고온에 잘 견디는 강철을 말하며, 이하 같다)으로서 21-4NNbW[유럽연합기준(EN) 1.4882] 규격인 것. 이 경우 21-4NWNb 등 N, Nb, W의 표기순서가 다른 것이라도 같은 규격으로 본다. 5. 자동차 엔진밸브용 내열강으로서 23-8N(EN기준 1.4866) 규격인 것 6. 자동차 엔진밸브용 내열강으로서 21-4N(EN기준 1.4871) 규격인 것 7. 자동차 엔진밸브용 내열강으로서 21-2N(EN기준 1.4875) 규격인 것 8. 자동차 엔진부품용으로서 440B(EN기준 1.4112) 규격인 것 9. 자동차 엔진부품용으로서 415M(EN기준 1.4418) 규격인 것으로 황(S) 함량이 10피피엠(ppm) 이하인 것 10. 자동차 가스센서용 AISI 430F 육각봉으로서 BOSCH F028X50124 규격을 충족하는 것 11. 자동차 솔레노이드(전기 도선 감은 원통형 기기를 말한다) 밸브용 430FR 강종(鋼種)으로서 max 398A/m coercive field strength Hc 자력성(磁力性) 규격을 충족하는 것",,
M100,인도산초산에틸,인도산 초산에틸에 대한 덤핑방지관세 부과에 관한 규칙,인도,기획재정부령,제741호,2019-07-09,2019-07-09,3,,2022-07-09,,1,209927,2915.31,2915.31,,,제2조(부과대상 물품) 덤핑방지관세가 부과되는 물품은 인도산 초산에틸(「관세법 시행령」 제98조제1항에 따른 관세ㆍ통계통합품목분류표 번호 제2915.31호에 해당하는 것을 말한다)로 한다.,,,,
M101,중국·일본및싱가포르산초산에틸,중국ㆍ일본 및 싱가포르산 초산에틸에 대한 덤핑방지관세 부과에 관한 규칙,중국·일본및싱가포르,기획재정부령,제742호,2019-07-09,2019-07-09,3,,2022-07-09,,1,209928,2915.31,2915.31,,,제2조(부과대상 물품) 덤핑방지관세가 부과되는 물품은 중국ㆍ일본 및 싱가포르산 초산에틸(「관세법 시행령」 제98조제1항에 따른 관세ㆍ통계통합품목분류표 번호 제2915.31호에 해당하는 것을 말한다)로 한다.,,,,
M102,중국·인도네시아및태국산폴리프로필렌연신필름,중국ㆍ인도네시아 및 태국산 폴리프로필렌 연신필름에 대한 덤핑방지관세 부과에 관한 규칙,중국·인도네시아및태국,기획재정부령,제747호,2019-08-23,2019-08-23,5,,2024-08-23,,1,210389,3920.20.0000;3921.90.2000,3920.20.0000;3921.90.2000,Y,Y,"제2조(부과대상 물품) 덤핑방지관세가 부과되는 물품은 중국ㆍ인도네시아 및 태국산 폴리프로필렌 연신필름(「관세법 시행령」 제98조제1항에 따른 관세ㆍ통계통합품목분류표 번호 제3920.20.0000호 또는 제3921.90.2000호에 해당하는 것을 말한다) 중 두께가 10마이크로미터(㎛) 이상인 것으로 한다. 다만, 별표 1에 규정된 물품은 부과대상에서 제외한다.","다만, 별표 1에 규정된 물품은 부과대상에서 제외한다.","다만, 별표 1에 규정된 물품은 부과대상에서 제외한다.","■ 중국·인도네시아 및 태국산 폴리프로필렌 연신필름에 대한 덤핑방지관세 부과에 관한 규칙 [별표 1] 덤핑방지관세 부과대상에서 제외되는 물품(제2조 단서 관련) 해외 공급자 모델명 두께(㎛) 인도폴리 (PT Indopoly Swakarsa Industry Tbk.) DHR 18 SHO 23, 25 SHR 18, 20, 25 SHRV 25 DHSH 18 아르가 (PT Argha Karya Prima Industry Tbk.) PSP 20 PXAS 23 PXA 20, 23, 33 트리아스 (PT Trias Sentosa Tbk.) HSS 18, 19.5 THSS 18 THSSO 18 THSWO 18 HSB 17.6",
M103,중국및인도산폴리에틸렌테레프탈레이트(PET)필름,중국 및 인도산 폴리에틸렌 테레프탈레이트(PET)필름에 대한 덤핑방지관세 부과에 관한 규칙,중국및인도,기획재정부령,제750호,2019-09-11,2019-09-11,3,,2022-09-11,,1,210493,3920.62.0000;3920.69.0000,3920.62.0000;3920.69.0000,Y,Y,"제2조(부과대상 물품) 덤핑방지관세가 부과되는 물품은 중국 및 인도산 폴리에틸렌 테레프탈레이트(Polyethylene terephthalate, PET) 필름(「관세법 시행령」 제98조제1항에 따른 관세ㆍ통계통합품목분류표 번호 제3920.62.0000호 또는 제3920.69.0000호에 해당하는 것을 말한다)으로 한다. 다만, 별표 1에 규정된 물품은 부과대상에서 제외한다.","다만, 별표 1에 규정된 물품은 부과대상에서 제외한다.","다만, 별표 1에 규정된 물품은 부과대상에서 제외한다.","■ 중국 및 인도산 폴리에틸렌 테레프탈레이트(PET)필름에 대한 덤핑방지관세 부과에 관한 규칙 [별표 1] 덤핑방지관세 부과대상에서 제외되는 물품(제2조 단서 관련) 1. 두께가 9마이크로미터(㎛) 미만으로서 증착되지 않은 폴리에틸렌 테레프탈레이트 (Polyethylene terephthalate, PET) 필름 2. 비냉매용 모터 절연용(絶緣用)으로 사용되는 두께 125마이크로미터 이상인 흰색 의 폴리에틸렌 테레프탈레이트 필름으로서 다음 각 목의 요건을 모두 갖춘 것 가. 규격 미국 보험협회 안전시험소(Underwriters Laboratory Inc.)에서 지정한 시험방식 에 따라 측정한 전기적 및 기계적 내열성(Relative Thermal Index, RTI)이 각 각 섭씨 105도 이상이고 흐름도(Haze)가 70퍼센트 이상일 것 나. 모델명 Garfilm EM6(인도 Garware Polyester Limited 제품), J-470(인도 Jindal Polyfilms Limited 제품) 3. 냉매용 모터 절연용으로 사용되는 두께 125마이크로미터 이상인 흰색의 폴리에틸 렌 테레프탈레이트 필름으로서 다음 각 목의 요건을 모두 갖춘 것 가. 규격 미국 보험협회 안전시험소에서 지정한 시험방식에 따라 측정한 전기적 및 기계 적 내열성이 각각 섭씨 140도, 125도 이상이고 소중합체(小重合體, Oligomer) 추출비율이 0.65퍼센트 이하이며 흐림도가 75퍼센트 이상일 것 나. 모델명 Garfilm EM6-L.O.(인도 Garware Polyester Limited 제품) 4. 홀로그램 폴리에틸렌 테레프탈레이트 필름 5. 안료를 다른 원재료에 배합하여 생산한 유채색(有彩色)의 폴리에틸렌 테레프탈레 이트 필름으로서 두께 300마이크로미터 이상인 것",
M104,일본산스테인리스스틸후판,일본산 스테인리스스틸 후판에 대한 덤핑방지관세 부과에 관한 규칙,일본,기획재정부령,제801호,2020-07-14,2020-07-14,3,,2023-07-14,,1,220087,7219.21.1010;7219.21.1090;7219.21.9000;7219.22.1010;7219.22.1090;7219.22.9000,7219.21.1010;7219.21.1090;7219.21.9000;7219.22.1010;7219.22.1090;7219.22.9000,Y,Y,"제2조(부과대상 물품) 덤핑방지관세가 부과되는 물품은 일본산 스테인리스스틸 후판(「관세법 시행령」 제98조제1항에 따른 관세ㆍ통계통합품목분류표 번호 제7219.21.1010호, 제7219.21.1090호, 제7219.21.9000호, 제7219.22.1010호, 제7219.22.1090호, 제7219.22.9000호에 해당하는 것을 말한다) 중 다음 각 호의 요건을 모두 갖춘 것으로 한다. 다만, 별표에 규정된 물품은 부과대상에서 제외한다. 1. 스테인리스강(탄소의 함유량이 전체 중량의 100분의 1.2 이하이고 크로뮴의 함유량이 전체 중량의 100분의 10.5 이상인 합금강을 말한다)일 것 2. 두께가 8밀리미터 이상 80밀리미터 이하이고 너비가 1천밀리미터 이상 3,270밀리미터 이하인 열간압연(熱間壓延) 강판일 것 3. 압연, 열처리, 냉각 및 후처리과정[교정, 절단, 산세(酸洗) 및 포장을 말한다]을 거친 완제품으로서 코일형태의 제품이 아닌 것","다만, 별표에 규정된 물품은 부과대상에서 제외한다. 1. 스테인리스강(탄소의 함유량이 전체 중량의 100분의 1.2 이하이고 크로뮴의 함유량이 전체 중량의 100분의 10.5 이상인 합금강을 말한다)일 것 2. 두께가 8밀리미터 이상 80밀리미터 이하이고 너비가 1천밀리미터 이상 3,270밀리미터 이하인 열간압연(熱間壓延) 강판일 것 3. 압연, 열처리, 냉각 및 후처리과정[교정, 절단, 산세(酸洗) 및 포장을 말한다]을 거친 완제품으로서 코일형태의 제품이 아닌 것","다만, 별표에 규정된 물품은 부과대상에서 제외한다. 1. 스테인리스강(탄소의 함유량이 전체 중량의 100분의 1.2 이하이고 크로뮴의 함유량이 전체 중량의 100분의 10.5 이상인 합금강을 말한다)일 것 2. 두께가 8밀리미터 이상 80밀리미터 이하이고 너비가 1천밀리미터 이상 3,270밀리미터 이하인 열간압연(熱間壓延) 강판일 것 3. 압연, 열처리, 냉각 및 후처리과정[교정, 절단, 산세(酸洗) 및 포장을 말한다]을 거친 완제품으로서 코일형태의 제품이 아닌 것","■ 일본산 스테인리스스틸 후판에 대한 덤핑방지관세 부과에 관한 규칙 [별표] 덤핑방지관세 부과대상에서 제외되는 물품(제2조 각 호 외의 부분 단서 관련) 1. Nippon Yakin Kogyo Co., Ltd.에서 공급하는 공급자 기호 NAS 800[이 규칙 시행일 현재의 일본공업규격(Japanese Industrial Standards, 이하 ""JIS""라 한다) 의 NCF 800에 해당한다] 강종(鋼種)인 것 2. JIS의 SUS 410 강종인 것 3. JIS의 SUS 329J4L(공급자 기호 NAS 64를 포함한다) 강종인 것 4. JIS의 SUS 836L 강종인 것 5. JIS의 SUS 329J1 강종인 것 6. 이 규칙 시행일 현재의 미국재료시험협회(American Society for Testing Materials, 이하 ""ASTM""이라 한다)의 410S 또는 JIS의 SUS 410S 강종인 것 7. ASTM의 S82122[NIPPON STEEL Stainless Steel Corporation(이하 ""NSSC"" 라 한다)의 고유강종 NSSC 2120을 포함한다] 강종인 것 8. ASTM의 N08904 강종인 것 9. ASTM의 S31254 강종인 것 10. ASTM의 S32760 강종인 것 11. ASTM의 S32750(공급자 기호 NAS 74N을 포함한다) 강종인 것 12. ASTM의 A240 410 강종인 것 13. ASTM의 N8367 강종인 것 14. ASTM의 N8926 강종인 것 15. ASTM의 S32101 강종인 것 16. 공급자 기호 NAS 800H(JIS의 NCF 800H에 해당한다) 강종인 것 17. 공급자 기호 NAS 255(JIS의 SUS 890L에 해당한다) 강종인 것 18. 공급자 기호 NAS 185N(JIS의 SUS 312L에 해당한다) 강종인 것 19. 공급자 기호 NAS 800T[이 규칙 시행일 현재의 미국통일규격부여시스템(Unified Numbering System, 이하 ""UNS No.""라 한다)의 N 08811에 해당한다] 강종인 것 20. 공급자 기호 NAS 254NM(UNS No. N 08367에 해당한다) 강종인 것 21. 공급자 기호 NAS 255NM(UNS No. N 08926에 해당한다) 강종인 것 22. 공급자 기호 NAS 75N(UNS No. S 32760에 해당한다) 강종인 것 23. NSSC의 고유 강종(NSSC 409L) 중 다음 각 목의 요건을 모두 갖춘 것 가. 탄소 함유량이 전체 중량의 0.03% 이하일 것 나. 규소 함유량이 전체 중량의 1.00% 이하일 것 다. 망간 함유량이 전체 중량의 1.00% 이하일 것 라. 인 함유량이 전체 중량의 0.04% 이하일 것 마. 황 함유량이 전체 중량의 0.03% 이하일 것 바. 크로뮴 함유량이 전체 중량의 10.50% 이상 11.45% 이하일 것 사. 티타늄 함유량이 전체 중량의 0.75% 이하(하한치는 탄소 함유량의 6배 이 상)일 것 24. NSSC의 고유 강종(NSSC DP-28W) 중 다음 각 목의 요건을 모두 갖춘 것 가. 탄소 함유량이 전체 중량의 0.03% 이하일 것 나. 규소 함유량이 전체 중량의 0.50% 이하일 것 다. 망간 함유량이 전체 중량의 1.10% 이하일 것 라. 인 함유량이 전체 중량의 0.03% 이하일 것 마. 황 함유량이 전체 중량의 0.01% 이하일 것 바. 니켈 함유량이 전체 중량의 7.00% 이상 8.20% 이하일 것 사. 크로뮴 함유량이 전체 중량의 27.00% 이상 27.90% 이하일 것 아. 몰리브덴 함유량이 전체 중량의 0.80% 이상 1.20% 이하일 것 자. 질소 함유량이 전체 중량의 0.30% 이상 0.40% 이하일 것 차. 텅스텐 함유량이 전체 중량의 2.10% 이상 2.50% 이하일 것 25. NSSC의 고유 강종(NSSC DP-3) 중 다음 각 목의 요건을 모두 갖춘 것 가. 탄소 함유량이 전체 중량의 0.03% 이하일 것 나. 규소 함유량이 전체 중량의 0.75% 이하일 것 다. 망간 함유량이 전체 중량의 1.10% 이하일 것 라. 인 함유량이 전체 중량의 0.03% 이하일 것 마. 황 함유량이 전체 중량의 0.03% 이하일 것 바. 니켈 함유량이 전체 중량의 5.50% 이상 7.50% 이하일 것 사. 크로뮴 함유량이 전체 중량의 24.00% 이상 26.00% 이하일 것 아. 몰리브덴 함유량이 전체 중량의 2.50% 이상 3.50% 이하일 것 자. 질소 함유량이 전체 중량의 0.10% 이상일 것 차. 구리 함유량이 전체 중량의 0.20% 이상 0.80% 이하일 것 카. 텅스텐 함유량이 전체 중량의 0.10% 이상 0.50% 이하일 것 26. NSSC의 고유 강종(NSSC AH-4) 중 다음 각 목의 요건을 모두 갖춘 것 가. 탄소 함유량이 전체 중량의 0.05% 이상 0.10% 이하일 것 나. 규소 함유량이 전체 중량의 1.00% 이하일 것 다. 망간 함유량이 전체 중량의 1.00% 이하일 것 라. 인 함유량이 전체 중량의 0.04% 이하일 것 마. 황 함유량이 전체 중량의 0.03% 이하일 것 바. 니켈 함유량이 전체 중량의 10.00% 이상 12.00% 이하일 것 사. 크로뮴 함유량이 전체 중량의 22.00% 이상 24.00% 이하일 것 아. 질소 함유량이 전체 중량의 0.18% 이상 0.25% 이하일 것 자. 란타넘, 세륨 함유량의 합이 전체 중량의 0.03% 이상 0.07% 이하일 것 27. NSSC의 고유 강종(NSSC 260) 중 다음 각 목의 요건을 모두 갖춘 것 가. 탄소 함유량이 전체 중량의 0.03% 이하일 것 나. 규소 함유량이 전체 중량의 1.50% 이하일 것 다. 망간 함유량이 전체 중량의 2.00% 이하일 것 라. 인 함유량이 전체 중량의 0.04% 이하일 것 마. 황 함유량이 전체 중량의 0.03% 이하일 것 바. 니켈 함유량이 전체 중량의 13.50% 이상 16.50% 이하일 것 사. 크로뮴 함유량이 전체 중량의 18.50% 이상 21.50% 이하일 것 아. 몰리브덴 함유량이 전체 중량의 2.50% 이상 3.50% 이하일 것 자. 질소 함유량이 전체 중량의 0.16% 이상 0.24% 이하일 것 차. 구리 함유량이 전체 중량의 1.00% 이상 2.00% 이하일 것 28. NSSC의 고유 강종(NSSC 270) 중 다음 각 목의 요건을 모두 갖춘 것 가. 탄소 함유량이 전체 중량의 0.02% 이하일 것 나. 규소 함유량이 전체 중량의 0.80% 이하일 것 다. 망간 함유량이 전체 중량의 1.00% 이하일 것 라. 인 함유량이 전체 중량의 0.03% 이하일 것 마. 황 함유량이 전체 중량의 0.015% 이하일 것 바. 니켈 함유량이 전체 중량의 17.50% 이상 19.50% 이하일 것 사. 크로뮴 함유량이 전체 중량의 19.00% 이상 21.00% 이하일 것 아. 몰리브덴 함유량이 전체 중량의 6.00% 이상 7.00% 이하일 것 자. 질소 함유량이 전체 중량의 0.16% 이상 0.25% 이하일 것 차. 구리 함유량이 전체 중량의 0.50% 이상 1.00% 이하일 것 29. NSSC의 고유강종(NSSC SN-1) 중 다음 각 목의 요건을 모두 갖춘 것 가. 탄소 함유량이 전체 중량의 0.02% 이하일 것 나. 규소 함유량이 전체 중량의 3.90% 이상 4.70% 이하일 것 다. 망간 함유량이 전체 중량의 1.50% 이하일 것 라. 인 함유량이 전체 중량의 0.03% 이하일 것 마. 황 함유량이 전체 중량의 0.03% 이하일 것 바. 몰리브덴 함유량이 전체 중량의 0.50% 이하일 것 사. 구리 함유량이 전체 중량의 0.50% 이하일 것 아. 니켈 함유량이 전체 중량의 13.00% 이상 15.50% 이하일 것 자. 크로뮴 함유량이 전체 중량의 16.50% 이상 18.50% 이하일 것 30. 이 규칙 시행일 현재의 미국기계학회(American Society of Mechanical Engineers, 이하 ""ASME""라 한다)의 S31254 강종인 것 31. ASME의 N08904 강종인 것 32. ASME의 S32760 강종인 것 33. ASME의 SA240 410 강종인 것 34. ASME의 SA240 410S 강종인 것 35. ASME의 N8367 강종인 것 36. ASME의 N8926 강종인 것 37. ASME의 S32750 강종인 것 38. ASME의 S32101 강종인 것 39. 이 규칙 시행일 현재의 노르웨이해양산업규격(Norsk Sokkels Konkuranseposisjon, 이하 ""NORSOK""라 한다)의 S31254 강종인 것 40. NORSOK의 S32750 강종인 것",
M105,말레이시아산합판,말레이시아산 합판에 대한 덤핑방지관세 부과에 관한 규칙,말레이시아,기획재정부령,제812호,2020-11-06,2020-11-06,3,,2023-11-06,,1,222783,4412.31;4412.33;4412.34,4412.31;4412.33;4412.34,,,"제2조(부과대상 물품) 덤핑방지관세가 부과되는 물품은 말레이시아산 합판(「관세법 시행령」 제98조제1항에 따른 관세ㆍ통계통합품목분류표 번호 제4412.31호, 제4412.33호 또는 제4412.34호에 해당하는 것을 말한다) 중 두께가 6밀리미터(㎜) 이상인 것으로 한다.",,,,
M106,베트남산합판,베트남산 합판에 대한 덤핑방지관세 부과에 관한 규칙,베트남,기획재정부령,제815호,2020-11-06,2020-11-06,3,,2023-11-06,,2,222789;239011,4412.31;4412.33;4412.34;4412.39;4412.99,4412.31;4412.33;4412.34;4412.39;4412.91;4412.92;4412.99,,,"제2조(부과대상 물품) 덤핑방지관세가 부과되는 물품은 베트남산 합판(「관세법 시행령」 제98조제1항에 따른 관세ㆍ통계통합품목분류표 번호 제4412.31호, 제4412.33호, 제4412.34호, 제4412.39호 또는 제4412.99호에 해당하는 것을 말한다) 중 두께가 6밀리미터(㎜) 이상인 것으로 한다.",,,,
M107,중국산침엽수합판,중국산 침엽수 합판에 대한 덤핑방지관세 부과에 관한 규칙,중국,기획재정부령,제814호,2020-11-06,2020-11-06,3,,2023-11-06,,2,222787;239009,4412.39.9000;4412.99.6100;4412.99.9100,4412.39.9000;4412.99.1000;2021.12.31,,,"제2조(부과대상 물품) 덤핑방지관세가 부과되는 물품은 중국산 합판[세 개 이상의 단판(單板)을 층층이 쌓아 접착한 것으로서 「관세법 시행령」 제98조제1항에 따른 관세ㆍ통계통합품목분류표 번호 제4412.39.9000호, 제4412.99.6100호 또는 제4412.99.9100호에 해당하는 것을 말한다]으로서 다음 각 호의 요건을 모두 갖춘 것으로 한다. 1. 전체 두께가 6밀리미터(㎜) 이상일 것 2. 양쪽 겉면의 단판이 침엽수 목재일 것 3. 단판의 섬유 방향이 다른 단판의 섬유 방향과 교차할 것",,,,
M108,중국산합판,중국산 합판에 대한 덤핑방지관세 부과에 관한 규칙,중국,기획재정부령,제813호,2020-11-06,2020-11-06,3,,2023-11-06,,1,222785,4412.31;4412.33;4412.34,4412.31;4412.33;4412.34,,,"제2조(부과대상 물품) 덤핑방지관세가 부과되는 물품은 중국산 합판(「관세법 시행령」 제98조제1항에 따른 관세ㆍ통계통합품목분류표 번호 제4412.31호, 제4412.33호 또는 제4412.34호에 해당하는 것을 말한다) 중 두께가 6밀리미터(㎜) 이상인 것으로 한다.",,,,
M109,일본·인도및스페인산스테인리스스틸바,일본ㆍ인도 및 스페인산 스테인리스 스틸바에 대한 덤핑방지관세 부과에 관한 규칙,일본·인도및스페인,기획재정부령,제826호,2021-01-22,2021-01-22,3,,2024-01-22,,1,228809,7222.11.0000;7222.19.0000;7222.20.0000;7222.30.0000,7222.11.0000;7222.19.0000;7222.20.0000;7222.30.0000,Y,Y,"제2조(부과대상 물품) 덤핑방지관세가 부과되는 물품은 일본ㆍ인도 및 스페인산 스테인리스 스틸바(「관세법 시행령」 제98조제1항에 따른 관세ㆍ통계통합품목분류표 번호 제7222.11.0000호, 제7222.19.0000호, 제7222.20.0000호 또는 제7222.30.0000호에 해당하는 것을 말한다) 중 다음 각 호의 어느 하나에 해당하는 것으로 한다. 다만, 별표 1에 규정된 물품은 제외한다. 1. 가운데에 구멍이 없는 원형강(Round Bar): 지름이 600밀리미터(㎜) 이하인 것 2. 각강(Square Bar): 대변거리(마주보는 변 사이의 길이를 말한다. 이하 같다)가 4.5밀리미터 이상 40밀리미터 이하인 것 3. 육각강(Hexagonal Bar): 대변거리가 5밀리미터 이상 40밀리미터 이하인 것 4. 평강(Flat Bar): 두께가 25밀리미터 이상 150밀리미터 이하이고 너비가 150밀리미터 이상 600밀리미터 이하인 것. 다만, 두께가 100밀리미터 초과 150밀리미터 이하이고 너비가 150밀리미터 이상 210밀리미터 이하인 것은 제외한다.","다만, 별표 1에 규정된 물품은 제외한다. 1. 가운데에 구멍이 없는 원형강(Round Bar): 지름이 600밀리미터(㎜) 이하인 것 2. 각강(Square Bar): 대변거리(마주보는 변 사이의 길이를 말한다. 이하 같다)가 4.5밀리미터 이상 40밀리미터 이하인 것 3. 육각강(Hexagonal Bar): 대변거리가 5밀리미터 이상 40밀리미터 이하인 것 4. 평강(Flat Bar): 두께가 25밀리미터 이상 150밀리미터 이하이고 너비가 150밀리미터 이상 600밀리미터 이하인 것. 다만, 두께가 100밀리미터 초과 150밀리미터 이하이고 너비가 150밀리미터 이상 210밀리미터 이하인 것은 제외한다.","다만, 별표 1에 규정된 물품은 제외한다. 1. 가운데에 구멍이 없는 원형강(Round Bar): 지름이 600밀리미터(㎜) 이하인 것 2. 각강(Square Bar): 대변거리(마주보는 변 사이의 길이를 말한다. 이하 같다)가 4.5밀리미터 이상 40밀리미터 이하인 것 3. 육각강(Hexagonal Bar): 대변거리가 5밀리미터 이상 40밀리미터 이하인 것 4. 평강(Flat Bar): 두께가 25밀리미터 이상 150밀리미터 이하이고 너비가 150밀리미터 이상 600밀리미터 이하인 것. 다만, 두께가 100밀리미터 초과 150밀리미터 이하이고 너비가 150밀리미터 이상 210밀리미터 이하인 것은 제외한다.","■ 일본ㆍ인도 및 스페인산 스테인리스 스틸바에 대한 덤핑방지관세 부과에 관한 규칙 [별표 1] 덤핑방지관세 부과대상에서 제외되는 물품(제2조 각 호 외의 부분 단서 관련) 1. 내열강 JIS(Japanese industrial standard)의 SUH1/1HT, SUH3/3HT, SUH11 /11HT, SUH35, 21-2N, 21-12N(SUH37), 23-8N, 21-4NNbW 규격인 것 2. 니켈합금강 및 전자스테인리스강(Electromagnetic stainless steel) 3. 액화천연가스(LNG) 선박 건조용 스테인리스 스틸 평강(SUS304)으로서 규 격[두께(㎜)×너비(㎜)×길이(㎜)]이 12×55×6,000, 16×55×6,000인 것 4. 합성섬유방사 노즐용으로서 원형강(SUS-630KN) 중 그 경도(단단한 정도) 가 HRC(Hardness Rockwell C, 로크웰 경도 C) 34∼38이고 지름이 30㎜ 이상 600㎜ 이하인 것과 사각강(SUS-630KN) 중 그 경도가 HRC 35∼40인 것 5. 다음 각 목의 어느 하나에 해당하는 것 가. 관 이음쇠 및 유압용 육각강(SUS316) 중 그 경도가 HRC 21∼23이고, 허 용공차가 H11이며, 대변거리(단위: ㎜)가 7.9, 9.5, 11.1, 12.0, 12.7, 14.0, 14.2, 15.0, 15.8, 16.0, 17.0, 17.4, 18.0, 19.1, 20.6, 22.0, 22.2, 23.8, 24.0, 25.0, 25.4, 26.9, 28.5, 30.0, 31.7, 32.0, 33.3, 34.9, 36.0 또는 38.1인 것 나. 스테인리스 스틸 원형강(SUS316) 중 그 경도가 HRC 24∼28이고, 허용공 차가 H9이며, 지름(단위: ㎜)이 6.0, 10.0, 12.0, 13.0, 14.0, 16.0, 18.0, 20.0, 23.0, 26.0, 29.0, 30.0, 32.0, 35.0, 40.0, 42.0 또는 50.8인 것 6. 가솔린 자동차 연료펌프모터 샤프트(Shaft)용 원형강(SUS440C)으로서 지름 5.1㎜, 길이 2,000㎜, 직경공차 ±0.02㎜ 이내, 진직도(眞直度) ±0.018㎜ 이내, 진원도(眞圓度) 0.012㎜ 이내, 표면거칠기 3.2z 이내 및 표면경도 HRB(Hardn ess Rockwell B, 로크웰 경도 B) 96(Max)인 것 7. 자동차 연료조절기밸브용 원형강(SUS420F)으로서 규격[지름(㎜)×길이(㎜)]이 7.1(＋0.05/－0)×2,500(＋30/－0) 또는 11.5(＋0.05/－0)×2,500(＋30/－0)인 것 8. 자동차 및 유공압 솔레노이드밸브용 쾌삭스테인리스 스틸바 원형강(ASK3200) 으로서 지름이 8㎜ 이하인 것 9. 전자부품 가공용 쾌삭스테인리스 스틸바 원형강(ASK3000U)으로서 지름이 1㎜ 이상 4㎜ 이하인 것 10. SUS316L 계열의 원형강 중 고청정(高淸淨: 아주 맑고 깨끗함) 반도체 제조 설비에 사용되는 밸브 및 배관부품용으로 2회 이상의 용해 또는 정련 공정 을 거친 것으로서 다음 각 목의 요건을 모두 갖춘 것 가. 탄소 함유량이 전체 중량의 0.01% 이하일 것 나. 규소의 함유량이 전체 중량의 0.15% 이하일 것 다. 망간의 함유량이 전체 중량의 0.05% 이하일 것 라. 황의 함유량이 전체 중량의 0.002% 이하일 것 마. 질소의 함유량이 전체 중량의 0.015% 이하일 것 바. 산소의 함유량이 전체 중량의 0.0015% 이하일 것 사. 니켈의 함유량이 전체 중량의 14.5% 이상 15.0% 이하일 것 아. 크로뮴의 함유량이 전체 중량의 16.5% 이상 17.0% 이하일 것 자. 몰리브덴의 함유량이 전체 중량의 2.20% 이상 2.25% 이하일 것 11. SUS316L 계열의 원형강 중 고청정 반도체 제조설비에 사용되는 밸브 및 배관부품용으로 2회 이상의 용해 또는 정련 공정을 거친 것으로서 다음 각 목의 요건을 모두 갖춘 것 가. 탄소 함유량이 전체 중량의 0.01% 이하일 것 나. 규소의 함유량이 전체 중량의 0.30% 이하일 것 다. 망간의 함유량이 전체 중량의 0.40% 이하일 것 라. 황의 함유량이 전체 중량의 0.003% 이하일 것 마. 질소의 함유량이 전체 중량의 0.015% 이하일 것 바. 산소의 함유량이 전체 중량의 0.0015% 이하일 것 사. 니켈의 함유량이 전체 중량의 14.5% 이상 15.0% 이하일 것 아. 크로뮴의 함유량이 전체 중량의 16.5% 이상 17.0% 이하일 것 자. 몰리브덴의 함유량이 전체중량의 2.20% 이상 2.50% 이하일 것 12. 평강 중 다음 각 목의 어느 하나에 해당하는 것 가. 두께가 9㎜ 이상 13㎜ 이하이고 너비가 15㎜ 이상 100㎜ 이하인 것 나. 두께가 13㎜ 이상 20㎜ 이하이고 너비가 15㎜ 이상 150㎜ 이하인 것 13. 일본산 스테인리스 스틸바 중 문구류 제조용 원형강인 SF20T 및 SF20E 제 품으로서 지름이 2.5㎜ 이하이고 길이가 12㎜ 이하인 것 14. 관세ㆍ통계통합품목분류표번호제7222.11.0000호의일본산스테인리스스틸바중 금속섬유제조용 Fe-Cr-Al 내열합금원형강으로 다음각 목의 요건을 모두 갖춘 것 가. 알루미늄의 함유량이 전체 중량의 5% 이상일 것 나. 크로뮴의 함유량이 전체 중량의 23% 이상일 것 다. 지름이 10.0㎜ 이상일 것",
M110,중국산에이치(H)형강,중국산 에이치(H) 형강에 대한 덤핑방지관세의 부과에 관한 규칙,중국,기획재정부령,제851호,2021-03-30,2021-03-30,5,,2026-03-30,,2,230761;282687,7216.33.3000;7216.33.4000;7216.33.5000;7228.70.1010;7228.70.1090,7216.33.3000;7216.33.4000;7216.33.5000;7228.70.1010;7228.70.1090,,Y,"제2조(부과대상 물품) 덤핑방지관세가 부과되는 물품은 중국산 에이치(H) 형강[「관세법 시행령」 제98조제1항에 따른 관세ㆍ통계통합품목분류표 번호 제7216.33.3000호, 제7216.33.4000호, 제7216.33.5000호, 제7228.70.1010호, 제7228.70.1090호에 해당하는 것을 말한다] 중 다음 각 호의 요건을 모두 갖춘 것으로 한다. 1. 상하 및 좌우 대칭 형태일 것 2. 「산업표준화법」 제12조에 따른 한국산업표준에 따라 측정한 높이가 80밀리미터 이상일 것",,,"■ 중국산 에이치(H) 형강에 대한 덤핑방지관세의 부과에 관한 규칙 [별표 1] 부과대상 공급자에서 제외되는 공급자(제3조제2항 본문 관련) 공급자 1. 라이우스틸(Shandong Iron and Steel Company Ltd. Laiwu Company)과 그 기 업의 제품을 수출하는 다음 각 목의 기업 가. Shandong Laiwu Steel International Corp. 나. Eldon Development Limited 다. Shandong Steel International Co., Ltd. 2. 르자오스틸(Rizhao Medium Section Mill Co., Ltd.)과 그 기업의 제품을 수출하 는 다음 각 목의 기업 가. Rizhao Steel Holding Group Co., Ltd. 나. Bright Ruby Resources Pte. Limited 다. Baohua Steel International Pte. Limited 3. 안타이스틸(Shanxi Antai H-beam Co., Ltd.)과 그 기업의 제품을 수출하는 다 음 각 목의 기업 가. Jiexiu Yian Industry Co., Ltd. 나. Shanxi Antai International Trading Co., Ltd. 다. Everstate Trading(Hong Kong) Limited",
M111,중국산인쇄제판용평면모양사진플레이트,중국산 인쇄제판용 평면 모양 사진플레이트에 대한 덤핑방지관세 부과에 관한 규칙,중국,기획재정부령,제852호,2021-05-03,2021-05-03,5,,2026-05-03,,2,232037;239013,3701.30.9100,3701.30.2000,Y,,"제2조(부과대상 물품) 덤핑방지관세가 부과되는 물품은 중국산 인쇄제판용 평면 모양 사진플레이트(「관세법 시행령」 제98조제1항에 따른 관세ㆍ통계통합품목분류표 번호 제3701.30.9100호에 해당하는 것을 말한다) 중 다음 각 호의 요건을 모두 갖춘 것으로 한다. 다만, 포토폴리머 바이올렛판(Photopolymer Violet Plate), 재생판 및 더블레이어판(Double-layer Plate)은 부과대상 물품에서 제외한다. 1. 알루미늄판의 표면을 전기ㆍ화학적으로 연마하여 산화막을 형성한 후 표면에 감광재를 도포한 감광성 인쇄용 판일 것 2. 각 변의 길이가 255밀리미터(㎜)를 초과할 것","다만, 포토폴리머 바이올렛판(Photopolymer Violet Plate), 재생판 및 더블레이어판(Double-layer Plate)은 부과대상 물품에서 제외한다. 1. 알루미늄판의 표면을 전기ㆍ화학적으로 연마하여 산화막을 형성한 후 표면에 감광재를 도포한 감광성 인쇄용 판일 것 2. 각 변의 길이가 255밀리미터(㎜)를 초과할 것","다만, 포토폴리머 바이올렛판(Photopolymer Violet Plate), 재생판 및 더블레이어판(Double-layer Plate)은 부과대상 물품에서 제외한다. <개정 2021. 12. 31.> 1. 알루미늄판의 표면을 전기ㆍ화학적으로 연마하여 산화막을 형성한 후 표면에 감광재를 도포한 감광성 인쇄용 판일 것 2. 각 변의 길이가 255밀리미터(㎜)를 초과할 것",,
M112,중국·인도네시아및대만산스테인리스강평판압연,중국ㆍ인도네시아 및 대만산 스테인리스강 평판압연에 대한 덤핑방지관세 부과에 관한 규칙,중국·인도네시아및대만,기획재정부령,제865호,2021-09-15,2021-09-15,3,,2024-09-15,,1,235485,7219.12.1010;7219.12.1090;7219.12.9000;7219.13.1010;7219.13.1090;7219.13.9000;7219.14.1010;7219.14.1090;7219.14.9000;7219.22.1010;7219.22.1090;7219.22.9000;7219.23.1010;7219.23.1090;7219.23.9000;7219.24.1010;7219.24.1090;7219.24.9000;7219.31.1010;7219.31.1090;7219.31.9000;7219.32.1010;7219.32.1090;7219.32.9000;7219.33.1010;7219.33.1090;7219.33.9000;7219.34.1010;7219.34.1090;7219.34.9000;7219.35.1010;7219.35.1090;7219.35.9000;7219.90.1010;7219.90.1090;7219.90.9000;7220.11.1010;7220.11.1090;7220.11.9000;7220.12.1010;7220.12.1090;7220.12.9000;7220.20.1010;7220.20.1090;7220.20.9000;7220.90.1010;7220.90.1090;7220.90.9000,7219.12.1010;7219.12.1090;7219.12.9000;7219.13.1010;7219.13.1090;7219.13.9000;7219.14.1010;7219.14.1090;7219.14.9000;7219.22.1010;7219.22.1090;7219.22.9000;7219.23.1010;7219.23.1090;7219.23.9000;7219.24.1010;7219.24.1090;7219.24.9000;7219.31.1010;7219.31.1090;7219.31.9000;7219.32.1010;7219.32.1090;7219.32.9000;7219.33.1010;7219.33.1090;7219.33.9000;7219.34.1010;7219.34.1090;7219.34.9000;7219.35.1010;7219.35.1090;7219.35.9000;7219.90.1010;7219.90.1090;7219.90.9000;7220.11.1010;7220.11.1090;7220.11.9000;7220.12.1010;7220.12.1090;7220.12.9000;7220.20.1010;7220.20.1090;7220.20.9000;7220.90.1010;7220.90.1090;7220.90.9000,Y,Y,"제2조(부과대상 물품) 덤핑방지관세가 부과되는 물품은 중국ㆍ인도네시아 및 대만산 스테인리스강 평판압연(「관세법 시행령」 제98조제1항에 따른 관세ㆍ통계통합품목분류표 번호 제7219.12.1010호, 제7219.12.1090호, 제7219.12.9000호, 제7219.13.1010호, 제7219.13.1090호, 제7219.13.9000호, 제7219.14.1010호, 제7219.14.1090호, 제7219.14.9000호, 제7219.22.1010호, 제7219.22.1090호, 제7219.22.9000호, 제7219.23.1010호, 제7219.23.1090호, 제7219.23.9000호, 제7219.24.1010호, 제7219.24.1090호, 제7219.24.9000호, 제7219.31.1010호, 제7219.31.1090호, 제7219.31.9000호, 제7219.32.1010호, 제7219.32.1090호, 제7219.32.9000호, 제7219.33.1010호, 제7219.33.1090호, 제7219.33.9000호, 제7219.34.1010호, 제7219.34.1090호, 제7219.34.9000호, 제7219.35.1010호, 제7219.35.1090호, 제7219.35.9000호, 제7219.90.1010호, 제7219.90.1090호, 제7219.90.9000호, 제7220.11.1010호, 제7220.11.1090호, 제7220.11.9000호, 제7220.12.1010호, 제7220.12.1090호, 제7220.12.9000호, 제7220.20.1010호, 제7220.20.1090호, 제7220.20.9000호, 제7220.90.1010호, 제7220.90.1090호 또는 제7220.90.9000호에 해당하는 것을 말한다) 중 두께가 8밀리미터(mm) 이하인 것으로 한다. 다만, 별표 1 각 호에 해당하는 물품은 제외한다.","다만, 별표 1 각 호에 해당하는 물품은 제외한다.","다만, 별표 1 각 호에 해당하는 물품은 제외한다.","■ 중국ㆍ 인도네시아 및 대만산 스테인리스강 평판압연에 대한 덤핑방지관세 부과 에 관한 규칙 [별표 1] 덤핑방지관세 부과대상에서 제외되는 물품(제2조 단서 관련) 1. 미국재료시험협회(American Society for Testing Materials) 규격 S31254 및 N 08367 강종의 제품 2. 니켈계(니켈을 함유하며, 다른 원소의 포함 여부는 상관없다)고 니켈 함유량이 6% 미만이며 망간 함유량이 3% 이상인 200계 제품(「관세법 시행령」제98조제 1항에 따른 관세ㆍ 통계통합품목분류표 번호 제7219.12.1010호, 제7219.13.1010호, 제7219.14.1010호, 제7219.22.1010호, 제7219.23.1010호, 제7219.24.1010호, 제7219.3 1.1010호, 제7219.32.1010호, 제7219.33.1010호, 제7219.34.1010호, 제7219.35.1010호, 제7219.90.1010호, 제7220.11.1010호, 제7220.12.1010호, 제7220.20.1010호 또는 제7 220.90.1010호에 해당하는 것을 말한다) 3. 폭이 2,000밀리미터(mm) 이상인 열간압연 제품 4. 316 또는 316L 강종으로 두께가 3.0밀리미터(mm) 이상 4.0밀리미터(mm) 이하 면서 폭 1,524밀리미터(mm) 이상인 열간압연 제품 5. 중국국가표준(GB) 2Cr13, 3Cr13, 4Cr13, 6Cr13 강종으로 두께 3밀리미터(mm) 이하면서 폭 400밀리미터(mm) 이하인 경도 HV 250 이상 350 이하의 제품 6. 다음 각 목의 요건을 모두 갖춘 제품 가. 탄소(C) 함유량이 전체 중량의 0.015% 이하일 것 나. 규소(Si) 함유량이 전체 중량의 0.3% 이상 0.6% 이하일 것 다. 망간(Mn) 함유량이 전체 중량의 0.9% 이상 1.3% 이하일 것 라. 인(P) 함유량이 전체 중량의 0.013% 이하일 것 마. 황(S) 함유량이 전체 중량의 0.005% 이하일 것 바. 니켈(Ni) 함유량이 전체 중량의 10.0% 이상 11.5% 이하일 것 사. 크로뮴(Cr) 함유량이 전체 중량의 18.0% 이상 19.5% 이하일 것 아. 몰리브덴(Mo) 함유량이 전체 중량의 0.3% 이하일 것 자. 구리(Cu) 함유량이 전체 중량의 0.01% 이하일 것 차. 질소(N) 함유량이 전체 중량의 0.025% 이하일 것 카. 두께가 0.34밀리미터(mm) 이상 0.36밀리미터(mm) 이하일 것 || ■ 중국ㆍ 인도네시아 및 대만산 스테인리스강 평판압연에 대한 덤핑방지관세 부과에 관한 규칙 [별표 2] 부과대상 공급자에서 제외되는 공급자(제3조제2항 본문 관련) 공급국 공급자 중국 1. 산시타이강(Shanxi Taigang Stainless Steel Co., Ltd.)과 다음 각 목의 관계사 가. 티스코홍콩[TISCO Stainless Steel (H.K.) Limited] 나. 티스코트레이딩[TISCO Trading (H.K.) LTD.] 다. 타이강보세(Shanxi Taigang Bonded & Comprehensive Service Co., LTD.) 2. 리스코(ANGANG LIANZHONG STAINLESS STEEL CORPORA TION) 인도네시아 3. 인니청산(PT. INDONESIA TSINGSHAN STAINLESS STEEL)과 다음 각 목의 관계사 가. 광칭(PT. INDONESIA GUANG CHING NICKEL AND STAIN LESS STEEL INDUSTRY) 나. 루이푸(PT. INDONESIA RUIPU NICKEL AND CHROME ALL OY) 다. 이터널청산(ETERNAL TSINGSHAN GROUP LIMITED) 라. 골든하버(GOLDEN HARBOUR INTERNATIONAL PTE. LTD.) 대만 4. 유스코(Yieh United Steel Corporation)와 다음 각 목의 관계사 가. 이예마우(Yieh Mau Corp.) 나. 탕엉(Tang Eng Iron Works Co., Ltd.) 다. 와이씨엘(Yieh Corporation Limited) 5. 왈신(Walsin Lihwa Corporation)",
M113,대만·태국및아랍에미리트연합산폴리에틸렌테레프탈레이트(PET)필름,대만ㆍ태국 및 아랍에미리트연합산 폴리에틸렌 테레프탈레이트(PET) 필름에 대한 덤핑방지관세 부과에 관한 규칙,대만·태국및아랍에미리트연합,기획재정부령,제877호,2021-12-24,2021-12-24,5,,2026-12-24,,1,238463,3920.62.0000;3920.69.0000,3920.62.0000;3920.69.0000,Y,,"제2조(부과대상 물품) 덤핑방지관세가 부과되는 물품은 대만ㆍ태국 및 아랍에미리트연합산 폴리에틸렌 테레프탈레이트(Polyethylene Terephthalate, PET) 필름( 「관세법 시행령」 제98조 제1항 에 따른 관세ㆍ통계통합품목분류표의 품목번호 제3920.62.0000호 및 제3920.69.0000호에 해당하는 것을 말한다) 중 다음 각 호의 어느 하나에 해당하는 것으로 한다. 다만, 금속이 증착(蒸着)된 물품 또는 유채색 물품은 제외한다. 1. 코팅되지 않은 물품 2. 코팅된 물품으로서 코팅 두께의 합이 0.25마이크로미터(㎛) 이하인 것 || 제3조(부과대상 물품의 공급자 및 덤핑방지관세율) 제2조 에 따른 부과대상 물품의 공급자와 그 공급자별 덤핑방지관세율은 별표 와 같다.","다만, 금속이 증착(蒸着)된 물품 또는 유채색 물품은 제외한다. 1. 코팅되지 않은 물품 2. 코팅된 물품으로서 코팅 두께의 합이 0.25마이크로미터(㎛) 이하인 것","다만, 금속이 증착(蒸着)된 물품 또는 유채색 물품은 제외한다. 1. 코팅되지 않은 물품 2. 코팅된 물품으로서 코팅 두께의 합이 0.25마이크로미터(㎛) 이하인 것",,
M114,중국산폴리에스테르장섬유완전연신사(FDY),중국산 폴리에스테르 장섬유 완전연신사(FDY)에 대한 덤핑방지관세 부과에 관한 규칙,중국,기획재정부령,제888호,2022-01-06,2022-01-06,5,,2027-01-06,,1,239451,5402.47.9000,5402.47.9000,,,"제2조(부과대상 물품) 덤핑방지관세가 부과되는 물품은 「관세법 시행령」 제98조 제1항 에 따른 관세ㆍ통계통합품목분류표의 품목번호 제5402.47.9000호에 해당하는 중국산 폴리에스테르 장섬유 완전연신사(Polyester Filament Fully Drawn Yarn, FDY)로 한다. || 제3조(부과대상 물품의 공급자 및 덤핑방지관세율) 제2조 에 따른 부과대상 물품의 공급자와 그 공급자별 덤핑방지관세율은 별표 와 같다.",,,,
M115,중국산플로트판유리,중국산 플로트판유리에 대한 덤핑방지관세 부과에 관한 규칙,중국,기획재정부령,제913호,2022-04-08,2022-04-08,5,,2027-04-08,,1,241733,7005.21.4000;7005.21.5000;7005.21.6000;7005.21.7010;7005.21.7020;7005.21.7030;7005.29.4010;7005.29.4090;7005.29.5010;7005.29.5090;7005.29.6010;7005.29.6090;7005.29.7010;7005.29.7090;7005.29.8010;7005.29.8090;7005.29.9010;7005.29.9090,7005.21.4000;7005.21.5000;7005.21.6000;7005.21.7010;7005.21.7020;7005.21.7030;7005.29.4010;7005.29.4090;7005.29.5010;7005.29.5090;7005.29.6010;7005.29.6090;7005.29.7010;7005.29.7090;7005.29.8010;7005.29.8090;7005.29.9010;7005.29.9090,Y,,"제2조(부과대상 물품) 덤핑방지관세가 부과되는 물품은 플로트(float) 공법으로 생산된 중국산 플로트판유리( 「관세법 시행령」 제98조 제1항 에 따른 관세ㆍ통계통합품목분류표의 품목번호 제7005.21.4000호, 제7005.21.5000호, 제7005.21.6000호, 제7005.21.7010호, 제7005.21.7020호, 제7005.21.7030호, 제7005.29.4010호, 제7005.29.4090호, 제7005.29.5010호, 제7005.29.5090호, 제7005.29.6010호, 제7005.29.6090호, 제7005.29.7010호, 제7005.29.7090호, 제7005.29.8010호, 제7005.29.8090호, 제7005.29.9010호 및 제7005.29.9090호에 해당하는 것을 말한다) 중 다음 각 호의 어느 하나에 해당하는 것으로 한다. 다만, 코팅유리(coated glass), 무늬유리(patterned glass), 망입(網入)유리(wired glass), 복층유리(insulating glass), 강화유리(tempered glass), 접합유리(laminated glass), 에칭유리(etched glass) 및 저철분유리(low iron glass) 등 판유리의 효용을 개선하기 위해 가공한 유리는 제외한다. 1. 맑은 유리(clear float glass): 두께가 4밀리미터를 초과하고 13밀리미터 미만인 것 2. 색유리 중 그린유리(green glass): 두께가 4밀리미터를 초과하고 13밀리미터 미만인 것 || 제3조(부과대상 물품의 공급자 및 덤핑방지관세율) 제2조 에 따른 부과대상 물품의 공급자와 그 공급자별 덤핑방지관세율은 별표 와 같다.","다만, 코팅유리(coated glass), 무늬유리(patterned glass), 망입(網入)유리(wired glass), 복층유리(insulating glass), 강화유리(tempered glass), 접합유리(laminated glass), 에칭유리(etched glass) 및 저철분유리(low iron glass) 등 판유리의 효용을 개선하기 위해 가공한 유리는 제외한다. 1. 맑은 유리(clear float glass): 두께가 4밀리미터를 초과하고 13밀리미터 미만인 것 2. 색유리 중 그린유리(green glass): 두께가 4밀리미터를 초과하고 13밀리미터 미만인 것","다만, 코팅유리(coated glass), 무늬유리(patterned glass), 망입(網入)유리(wired glass), 복층유리(insulating glass), 강화유리(tempered glass), 접합유리(laminated glass), 에칭유리(etched glass) 및 저철분유리(low iron glass) 등 판유리의 효용을 개선하기 위해 가공한 유리는 제외한다. 1. 맑은 유리(clear float glass): 두께가 4밀리미터를 초과하고 13밀리미터 미만인 것 2. 색유리 중 그린유리(green glass): 두께가 4밀리미터를 초과하고 13밀리미터 미만인 것",,
M116,미국및프랑스산부틸글리콜에테르,미국 및 프랑스산 부틸글리콜에테르에 대한 덤핑방지관세 부과에 관한 규칙,미국및프랑스,기획재정부령,제925호,2022-07-26,2022-07-26,5,,2027-07-26,,1,244019,2909.43.0000,2909.43.0000,,,제2조(부과대상 물품) 덤핑방지관세가 부과되는 물품은 미국 및 프랑스산 부틸글리콜에테르( 「관세법 시행령」 제98조 제1항 에 따른 관세ㆍ통계통합품목분류표의 품목번호 제2909.43.0000호에 해당하는 것을 말한다)로 한다. || 제3조(부과대상 물품의 공급자 및 덤핑방지관세율) 제2조 에 따른 부과대상 물품의 공급자와 그 공급자별 덤핑방지관세율은 별표 와 같다.,,,,
M117,사우디아라비아산부틸글리콜에테르,사우디아라비아산 부틸글리콜에테르에 대한 덤핑방지관세 부과에 관한 규칙,사우디아라비아,기획재정부령,제932호,2022-09-05,2022-09-05,3,,2025-09-05,,1,244531,2909.43.0000,2909.43.0000,,,제2조(부과대상 물품) 덤핑방지관세가 부과되는 물품은 사우디아라비아산 부틸글리콜에테르(「관세법 시행령」 제98조제1항에 따른 관세ㆍ통계통합품목분류표의 품목번호 제2909.43.0000호에 해당하는 것을 말한다)로 한다. || 제3조(부과대상 물품의 공급자 및 덤핑방지관세율) 제2조에 따른 부과대상 물품의 공급자와 그 공급자별 덤핑방지관세율은 별표와 같다.,,,,
M118,중국산더블레이어인쇄제판용평면모양사진플레이트,중국산 더블레이어 인쇄제판용 평면 모양 사진플레이트에 대한 덤핑방지관세 부과에 관한 규칙,중국,기획재정부령,제940호,2022-10-25,2022-10-25,5,,2027-10-25,,1,245053,3701.30.2000,3701.30.2000,Y,,"제2조(부과대상 물품) 덤핑방지관세가 부과되는 물품은 중국산 더블레이어(double-layer) 인쇄제판용 평면 모양 사진플레이트( 「관세법 시행령」 제98조 제1항 에 따른 관세ㆍ통계통합품목분류표의 품목번호 제3701.30.2000호에 해당하는 것을 말한다) 중 다음 각 호의 요건을 모두 갖춘 것으로 한다. 다만, 포토폴리머 바이올렛판(Photopolymer Violet Plate) 및 재생판은 부과대상 물품에서 제외한다. 1. 알루미늄판의 표면을 전기ㆍ화학적으로 연마하여 산화막을 형성한 후 표면에 감광재를 2회 도포한 감광성 인쇄용 판일 것 2. 각 변의 길이가 255밀리미터(㎜)를 초과하고, 감광면이 2개층일 것 || 제3조(부과대상 물품의 공급자 및 덤핑방지관세율) 제2조 에 따른 부과대상 물품의 공급자와 그 공급자별 덤핑방지관세율은 별표 와 같다.","다만, 포토폴리머 바이올렛판(Photopolymer Violet Plate) 및 재생판은 부과대상 물품에서 제외한다. 1. 알루미늄판의 표면을 전기ㆍ화학적으로 연마하여 산화막을 형성한 후 표면에 감광재를 2회 도포한 감광성 인쇄용 판일 것 2. 각 변의 길이가 255밀리미터(㎜)를 초과하고, 감광면이 2개층일 것","다만, 포토폴리머 바이올렛판(Photopolymer Violet Plate) 및 재생판은 부과대상 물품에서 제외한다. 1. 알루미늄판의 표면을 전기ㆍ화학적으로 연마하여 산화막을 형성한 후 표면에 감광재를 2회 도포한 감광성 인쇄용 판일 것 2. 각 변의 길이가 255밀리미터(㎜)를 초과하고, 감광면이 2개층일 것",,
M119,중국·태국및인도네시아산폴리아미드필름,중국ㆍ태국 및 인도네시아산 폴리아미드 필름에 대한 덤핑방지관세 부과에 관한 규칙,중국·태국및인도네시아,기획재정부령,제960호,2023-02-27,2023-02-27,5,,2028-02-27,,1,248381,3920.92.0000,3920.92.0000,Y,,"제2조(부과대상 물품) 덤핑방지관세가 부과되는 물품은 중국ㆍ태국 및 인도네시아산 연신 가공된 폴리아미드 필름(Biaxially Oriented Polyamide Film, BOPA Film)( 「관세법 시행령」 제98조 제1항 에 따른 관세ㆍ통계통합품목분류표의 품목번호 제3920.92.0000호에 해당하는 것을 말한다) 중 두께가 25마이크로미터(㎛) 이하인 것으로 한다. 다만, 금속 등이 증착(蒸着)된 제품이나 다른 필름 등과 합지(合紙)된 제품은 부과대상 물품에서 제외한다. || 제3조(부과대상 물품의 공급자 및 덤핑방지관세율) 제2조 에 따른 부과대상 물품의 공급자와 그 공급자별 덤핑방지관세율은 별표 와 같다.","다만, 금속 등이 증착(蒸着)된 제품이나 다른 필름 등과 합지(合紙)된 제품은 부과대상 물품에서 제외한다.","다만, 금속 등이 증착(蒸着)된 제품이나 다른 필름 등과 합지(合紙)된 제품은 부과대상 물품에서 제외한다.",,
M120,중국·베트남산이음매없는동관,중국ㆍ베트남산 이음매 없는 동관에 대한 덤핑방지관세 부과에 관한 규칙,중국·베트남,기획재정부령,제964호,2023-03-02,2023-03-02,5,,2028-03-02,,2,248439;282685,7411.10.0000,7411.10.0000,Y,Y,"제2조(부과대상 물품) 덤핑방지관세가 부과되는 물품은 중국ㆍ베트남산 이음매 없는 동관(「관세법 시행령」 제98조제1항에 따른 관세ㆍ통계통합품목분류표의 품목번호 제7411.10.0000호에 해당하는 것을 말한다) 중 다음 각 호의 요건을 모두 갖춘 것으로 한다. 1. 바깥지름이 3.80밀리미터(mm) 이상 28.58밀리미터(mm) 이하인 것 2. 두께가 0.20밀리미터(mm) 이상 2.00밀리미터(mm) 이하인 것[관 내부가 홈 가공된 제품은 저면(bottom wall) 두께를 기준으로 한다] 3. 길이가 50미터(m) 이상인 것 || 제3조(부과대상 물품의 공급자 및 덤핑방지관세율) ① 제2조에 따른 부과대상 물품의 공급자와 그 공급자별 덤핑방지관세율은 별표 1과 같다. ② 제1항에도 불구하고 기획재정부장관이 「관세법」 제54조제1항에 따른 가격수정에 관한 약속을 수락한 별표 2 각 호의 공급자는 부과대상 공급자에서 제외한다. 다만, 해당 가격수정에 관한 약속을 이행하지 않은 경우에는 별표 1에 따른 덤핑방지관세를 부과한다.","② 제1항에도 불구하고 기획재정부장관이 「관세법」 제54조제1항에 따른 가격수정에 관한 약속을 수락한 별표 2 각 호의 공급자는 부과대상 공급자에서 제외한다. 다만, 해당 가격수정에 관한 약속을 이행하지 않은 경우에는 별표 1에 따른 덤핑방지관세를 부과한다.","② 제1항에도 불구하고 재정경제부장관이 「관세법」 제54조 제1항 에 따른 가격수정에 관한 약속을 수락한 별표 2 각 호의 공급자는 부과대상 공급자에서 제외한다. 다만, 해당 가격수정에 관한 약속을 이행하지 않은 경우에는 별표 1 에 따른 덤핑방지관세를 부과한다. <개정 2026. 1. 2.>","■ 중국ㆍ 베트남산 이음매 없는 동관에 대한 덤핑방지관세 부과에 관한 규칙 [별표 2] 부과대상 공급자에서 제외되는 공급자(제3조제2항 본문 관련) 공급국 공급자 중국 1. 금룡신샹[Golden Dragon Precise Copper Tube (Xinxiang) Co., Ltd.]과 그 관계사인 다음 각 목의 기업 가. 금룡그룹(Golden Dragon Precise Copper Tube Group Inc.) 나. 상하이롱양(Shanghai Longyang Precise Compound Copper Tube Co., Ltd.) 다. 장수캉후안(Jiangsu Canghuan Copper Products Co., Ltd.) 리. 광동롱펑(Guangdong Longfeng Precise Copper Tube Co., Ltd.) 마. 롱커우롱펑(Longkou Longpeng Precise Copper Tube Co., Ltd.) 바. 충칭롱유(Chongqing Longyu Precision Copper Tube Co., Ltd.) 사. 허난롱휘(Henan Longhui Copper Industry Co., Ltd.) 2. 닝보진티엔(Ningbo Jintian Copper Tube Co., Ltd.)과 그 관계사인 장수싱롱 (Jiangsu Xingrong Copper Co., Ltd.) 또는 해당 기업의 제품을 수출하는 다 음 각 목의 자 가. 닝보진티엔그룹[Ningbo Jintian Copper (Group) Co. Ltd.] 나. 닝보진티엔수출입(NINGBO JINTIAN IMPORT & EXPORT CO., LTD.) 다. 광동진티엔(GUANGDONG JINTIAN COPPER CO., LTD.) 3. 상하이하이량(Shanghai Hailiang Copper Co., Ltd.)과 그 관계사인 다음 각 목 의 기업 가. 하이량올탑[Hailiang Alltop Tube (Guangdong) Ltd.] 나. 저장하이량(Zhejiang Hailiang Co., Ltd.) 베트남 4. 진티엔베트남[Jintian Copper Industrial (Vietnam) Company Limited]과 그 기업의 제품을 수출하는 홍콩메이타임(Hongkong Maytime International Industry Limited) 5. 하이량베트남[Hailiang (Vietnam) Copper Manufacturing Co., Ltd.]과 그 기업의 제품을 수출하는 홍콩하이량(Hong Kong Hailiang Metal Trading Limited)",
M121,중국및호주산수산화알루미늄,중국 및 호주산 수산화알루미늄에 대한 덤핑방지관세 부과에 관한 규칙,중국및호주,기획재정부령,제990호,2023-04-28,2023-04-28,5,,2028-04-28,,2,250607;259379,2818.30.9000,2818.30.9000,Y,Y,"제2조(부과대상 물품) 덤핑방지관세가 부과되는 물품은 중국 및 호주산 수산화알루미늄(「관세법 시행령」 제98조제1항에 따른 관세ㆍ통계통합품목분류표의 품목번호 제2818.30.9000호에 해당하는 것을 말한다) 으로 화학식 Al(OH)3를 가지는 백색 분말 상태의 알루미늄 수화물(水化物) 중 평균 입도(Dp50)가 55㎛ 이상인 것으로 한다. 다만, 별표 1에 해당하는 물품은 제외한다. || 제3조(부과대상 물품의 공급자 및 덤핑방지관세율) 제2조에 따른 부과대상 물품의 공급자와 그 공급자별 덤핑방지관세율은 별표 2와 같다.","다만, 별표 1에 해당하는 물품은 제외한다.","다만, 별표 1 에 해당하는 물품은 제외한다.","■ 중국 및 호주산 수산화알루미늄에 대한 덤핑방지관세 부과에 관한 규칙 [별표 1] 덤핑방지관세 부과대상에서 제외되는 물품(제2조 단서 관련) 공급국 공급자 제품 모델 백색도 (YS/T 469-2 004) 중국 찰코산동신소재(CHALCO Shandong Advanced Material Co., Ltd.) 또는 찰코중주신소재(CHALCO Zhongzhou Advanced Material Co., Ltd.) HC110A 90 이상 HC110KK H-WF-60-SP H-WF-75 H-WF-75-SP H-WF-90 H-WF-90-SP H-WF-100 H-WF-50C-SP",
M122,중국및인도산폴리에틸렌테레프탈레이트(PET)필름,중국 및 인도산 폴리에틸렌 테레프탈레이트(PET) 필름에 대한 덤핑방지관세 부과에 관한 규칙,중국및인도,기획재정부령,제992호,2023-05-08,2023-05-08,5,,2028-05-08,,2,250717;283817,3920.62.0000;3920.69.0000,3920.62.0000;3920.69.0000,Y,Y,"제2조(부과대상 물품) 덤핑방지관세가 부과되는 물품은 중국 및 인도산 폴리에틸렌 테레프탈레이트(Polyethylene Terephthalate, PET) 필름(「관세법 시행령」 제98조제1항에 따른 관세ㆍ통계통합품목분류표의 품목번호 제3920.62.0000호 또는 제3920.69.0000호에 해당하는 것을 말한다)으로 한다. 다만, 별표 1에 해당하는 물품은 제외한다. || 제3조(부과대상 물품의 공급자 및 덤핑방지관세율) 제2조에 따른 부과대상 물품의 공급자와 그 공급자별 덤핑방지관세율은 별표 2와 같다.","다만, 별표 1에 해당하는 물품은 제외한다.","다만, 별표 1 에 해당하는 물품은 제외한다.","■ 중국 및 인도산 폴리에틸렌 테레프탈레이트(PET) 필름에 대한 덤핑방지관세 부과에 관한 규칙 [별표 1] 덤핑방지관세 부과대상에서 제외되는 물품(제2조 단서 관련) 1. 두께가 9마이크로미터(㎛) 미만으로서 증착되지 않은 폴리에틸렌 테레프탈레이트 필름 2. 비냉매용 모터 절연용(絶緣用)으로 사용되는 두께 125마이크로미터 이상인 흰색 의 폴리에틸렌 테레프탈레이트 필름으로서 다음 각 목의 요건을 모두 갖춘 것 가. 규격 미국 보험협회 안전시험소(Underwriters Laboratory Inc.)에서 지정한 시험방식 에 따라 측정한 전기적 및 기계적 내열성(Relative Thermal Index, RTI)이 각 각 섭씨 105도 이상이고 흐림도(Haze)가 70퍼센트 이상일 것 나. 모델명 Garfilm EM6(인도 Garware Polyester Limited 제품), J-470(인도 Jindal Polyfilms Limited 제품) 3. 냉매용 모터 절연용으로 사용되는 두께 125마이크로미터 이상인 흰색의 폴리에틸 렌 테레프탈레이트 필름으로서 다음 각 목의 요건을 모두 갖춘 것 가. 규격 미국 보험협회 안전시험소에서 지정한 시험방식에 따라 측정한 전기적 및 기계 적 내열성이 각각 섭씨 140도, 125도 이상이고 소중합체(小重合體, Oligomer) 추출비율이 0.65퍼센트 이하이며 흐림도가 75퍼센트 이상일 것 나. 모델명 Garfilm EM6-L.O.(인도 Garware Polyester Limited 제품) 4. 홀로그램 폴리에틸렌 테레프탈레이트 필름 5. 안료를 다른 원재료에 배합하여 생산한 유채색(有彩色)의 폴리에틸렌 테레프탈레 이트 필름으로서 두께가 300마이크로미터 이상인 것 6. 태양광 모듈용 격자무늬 투명 백시트(Back Sheet)",
M123,베트남및인도산페로실리코망간,베트남 및 인도산 페로실리코망간에 대한 덤핑방지관세 부과에 관한 규칙,베트남및인도,기획재정부령,제1007호,2023-07-21,2023-07-21,5,,2028-07-21,,1,252977,7202.30.0000,7202.30.0000,,,제2조(부과대상 물품) 덤핑방지관세가 부과되는 물품은 베트남 및 인도산 페로실리코망간( 「관세법 시행령」 제98조 제1항 에 따른 관세ㆍ통계통합품목분류표의 품목번호 제7202.30.0000호에 해당하는 것을 말한다)으로 한다. || 제3조(부과대상 물품의 공급자 및 덤핑방지관세율) 제2조 에 따른 부과대상 물품의 공급자와 그 공급자별 덤핑방지관세율은 별표 와 같다.,,,,
M124,일본·중국및핀란드산도공(Coated)인쇄용지,일본ㆍ중국 및 핀란드산 도공(Coated) 인쇄용지에 대한 덤핑방지관세 부과에 관한 규칙,일본·중국및핀란드,기획재정부령,제1040호,2024-03-18,2024-03-18,5,,2029-03-18,,1,261255,4810.13.1000;4810.14.0000;4810.19.1000;4810.19.9000;4810.22.0000;4810.29.0000,4810.13.1000;4810.14.0000;4810.19.1000;4810.19.9000;4810.22.0000;4810.29.0000,,,"제2조(부과대상 물품) 덤핑방지관세가 부과되는 물품은 일본ㆍ중국 및 핀란드산 도공(Coated) 인쇄용지( 「관세법 시행령」 제98조 제1항 에 따른 관세ㆍ통계통합품목분류표의 품목번호 제4810.13.1000호, 제4810.14.0000호, 제4810.19.1000호, 제4810.19.9000호, 제4810.22.0000호, 제4810.29.0000호에 해당하는 것을 말한다) 중 1제곱미터당 중량이 55그램 초과 110그램 이하인 제품으로 한다. || 제3조(부과대상 물품의 공급자 및 덤핑방지관세율) 제2조 에 따른 부과대상 물품의 공급자와 그 공급자별 덤핑방지관세율은 별표 와 같다.",,,,
M125,이집트산백색시멘트,이집트산 백색 시멘트에 대한 덤핑방지관세 부과에 관한 규칙,이집트,기획재정부령,제1065호,2024-04-30,2024-04-30,5,,2029-04-30,,1,262217,2523.21.0000,2523.21.0000,,,제2조(부과대상 물품) 덤핑방지관세가 부과되는 물품은 이집트산 백색 시멘트( 「관세법 시행령」 제98조 제1항 에 따른 관세ㆍ통계통합품목분류표의 품목번호 제2523.21.0000호에 해당하는 것을 말한다)로 한다. || 제3조(부과대상 물품의 공급자 및 덤핑방지관세율) 제2조 에 따른 부과대상 물품의 공급자와 그 공급자별 덤핑방지관세율은 별표 와 같다.,,,,
M126,말레이시아산합판,말레이시아산 합판에 대한 덤핑방지관세 부과에 관한 규칙,말레이시아,기획재정부령,제1075호,2024-07-02,2024-07-02,5,,2029-07-02,,1,263789,4412.31;4412.33;4412.34,4412.31;4412.33;4412.34,,,"제2조(부과대상 물품) 덤핑방지관세가 부과되는 물품은 말레이시아산 합판( 「관세법 시행령」 제98조 제1항 에 따른 관세ㆍ통계통합품목분류표의 품목번호 제4412.31호, 제4412.33호 또는 제4412.34호에 해당하는 것을 말한다) 중 두께가 6밀리미터(㎜) 이상인 것으로 한다. || 제3조(부과대상 물품의 공급자 및 덤핑방지관세율) 제2조 에 따른 부과대상 물품의 공급자와 그 공급자별 덤핑방지관세율은 별표 와 같다.",,,,
M127,베트남산합판,베트남산 합판에 대한 덤핑방지관세 부과에 관한 규칙,베트남,기획재정부령,제1076호,2024-07-02,2024-07-02,5,,2029-07-02,,1,263817,4412.31;4412.33;4412.34;4412.39;4412.91;4412.92;4412.99,4412.31;4412.33;4412.34;4412.39;4412.91;4412.92;4412.99,,,"제2조(부과대상 물품) 덤핑방지관세가 부과되는 물품은 베트남산 합판( 「관세법 시행령」 제98조 제1항 에 따른 관세ㆍ통계통합품목분류표의 품목번호 제4412.31호, 제4412.33호, 제4412.34호, 제4412.39호, 제4412.91호, 제4412.92호 또는 제4412.99호에 해당하는 것을 말한다) 중 두께가 6밀리미터(㎜) 이상인 것으로 한다. || 제3조(부과대상 물품의 공급자 및 덤핑방지관세율) 제2조 에 따른 부과대상 물품의 공급자와 그 공급자별 덤핑방지관세율은 별표 와 같다.",,,,
M128,중국산침엽수합판,중국산 침엽수 합판에 대한 덤핑방지관세 부과에 관한 규칙,중국,기획재정부령,제1074호,2024-07-02,2024-07-02,5,,2029-07-02,,1,263781,4412.39.9000;4412.99.1000,4412.39.9000;4412.99.1000,,,제2조(부과대상 물품) 덤핑방지관세가 부과되는 물품은 중국산 합판[세 개 이상의 단판(單板)을 층층이 쌓아 접착한 것으로서 「관세법 시행령」 제98조 제1항 에 따른 관세ㆍ통계통합품목분류표의 품목번호 제4412.39.9000호 또는 제4412.99.1000호에 해당하는 것을 말한다]으로서 다음 각 호의 요건을 모두 갖춘 것으로 한다. 1. 전체 두께가 6밀리미터(㎜) 이상일 것 2. 양쪽 겉면의 단판이 침엽수 목재일 것 3. 단판의 섬유 방향이 다른 단판의 섬유 방향과 교차할 것 || 제3조(부과대상 물품의 공급자 및 덤핑방지관세율) 제2조 에 따른 부과대상 물품의 공급자와 그 공급자별 덤핑방지관세율은 별표 와 같다.,,,,
M129,중국산합판,중국산 합판에 대한 덤핑방지관세 부과에 관한 규칙,중국,기획재정부령,제1073호,2024-07-02,2024-07-02,5,,2029-07-02,,1,263783,4412.31;4412.33;4412.34,4412.31;4412.33;4412.34,,,"제2조(부과대상 물품) 덤핑방지관세가 부과되는 물품은 중국산 합판( 「관세법 시행령」 제98조 제1항 에 따른 관세ㆍ통계통합품목분류표의 품목번호 제4412.31호, 제4412.33호 또는 제4412.34호에 해당하는 것을 말한다) 중 두께가 6밀리미터(㎜) 이상인 것으로 한다. || 제3조(부과대상 물품의 공급자 및 덤핑방지관세율) 제2조 에 따른 부과대상 물품의 공급자와 그 공급자별 덤핑방지관세율은 별표 와 같다.",,,,
M130,중국산폴리(에틸렌테레프탈레이트),중국산 폴리(에틸렌 테레프탈레이트)에 대한 덤핑방지관세 부과에 관한 규칙,중국,기획재정부령,제1090호,2024-11-29,2024-11-30,5,,2029-11-30,,1,266901,3907.61.0000,3907.61.0000,,,제2조(부과대상 물품) 덤핑방지관세가 부과되는 물품은 중국산 폴리(에틸렌 테레프탈레이트)( 「관세법 시행령」 제98조 제1항 에 따른 관세ㆍ통계통합품목분류표의 품목번호 제3907.61.0000호에 해당하는 것을 말한다) 중 폴리(에틸렌 테레프탈레이트) 수지로 한다. || 제3조(부과대상 물품의 공급자 및 덤핑방지관세율) 제2조 에 따른 부과대상 물품의 공급자와 그 공급자별 덤핑방지관세율은 별표 와 같다.,,,,
M131,중국·인도네시아및태국산폴리프로필렌연신필름,중국ㆍ인도네시아 및 태국산 폴리프로필렌 연신필름에 대한 덤핑방지관세 부과에 관한 규칙,중국·인도네시아및태국,기획재정부령,제1125호,2025-04-25,2025-04-25,,부칙에 유효기간 없음,,,1,270953,3920.20.0000;3921.90.2000,3920.20.0000;3921.90.2000,Y,Y,"제2조(부과대상 물품) 덤핑방지관세가 부과되는 물품은 중국ㆍ인도네시아 및 태국산 폴리프로필렌 연신필름( 「관세법 시행령」 제98조 제1항 에 따른 관세ㆍ통계통합품목분류표의 품목번호 제3920.20.0000호 또는 제3921.90.2000호에 해당하는 것을 말한다) 중 두께가 10마이크로미터(㎛) 이상인 것으로 한다. 다만, 별표 1 에 규정된 물품은 제외한다. || 제3조(부과대상 물품의 공급자 및 덤핑방지관세율) 제2조 에 따른 부과대상 물품의 공급자와 그 공급자별 덤핑방지관세율은 별표 2 와 같다.","다만, 별표 1 에 규정된 물품은 제외한다.","다만, 별표 1 에 규정된 물품은 제외한다.","■ 중국ㆍ 인도네시아 및 태국산 폴리프로필렌 연신필름에 대한 덤핑방지관세 부과에 관한 규칙 [별표 1] 덤핑방지관세 부과대상에서 제외되는 물품(제2조 단서 관련) 공급국 공급자 모델명 두께(㎛) 인도네 시아 인도폴리(PT Indopoly Swakarsa Industry Tbk.) DHR 18 SHO 23, 25 SHR 18, 20, 25 SHRV 25 DHSH 18 아르가(PT Argha Karya Prima Industry Tbk.) PSP 20 PXAS 23 PXA 20, 23, 33 트리아스(PT Trias Sentosa Tbk.) HSS 18, 19.5 THSS 18 THSSO 18 THSWO 18 HSB 17.6",
M132,중국·인도네시아및대만산스테인리스강평판압연,중국ㆍ인도네시아 및 대만산 스테인리스강 평판압연에 대한 덤핑방지관세 부과에 관한 규칙,중국·인도네시아및대만,기획재정부령,제1126호,2025-05-16,2025-05-16,,부칙에 유효기간 없음,,,2,271185;282691,7219.12.1010;7219.12.1090;7219.12.9000;7219.13.1010;7219.13.1090;7219.13.9000;7219.14.1010;7219.14.1090;7219.14.9000;7219.22.1010;7219.22.1090;7219.22.9000;7219.23.1010;7219.23.1090;7219.23.9000;7219.24.1010;7219.24.1090;7219.24.9000;7219.31.1010;7219.31.1090;7219.31.9000;7219.32.1010;7219.32.1090;7219.32.9000;7219.33.1010;7219.33.1090;7219.33.9000;7219.34.1010;7219.34.1090;7219.34.9000;7219.35.1010;7219.35.1090;7219.35.9000;7219.90.1010;7219.90.1090;7219.90.9000;7220.11.1010;7220.11.1090;7220.11.9000;7220.12.1010;7220.12.1090;7220.12.9000;7220.20.1010;7220.20.1090;7220.20.9000;7220.90.1010;7220.90.1090;7220.90.9000,7219.12.1010;7219.12.1090;7219.12.9000;7219.13.1010;7219.13.1090;7219.13.9000;7219.14.1010;7219.14.1090;7219.14.9000;7219.22.1010;7219.22.1090;7219.22.9000;7219.23.1010;7219.23.1090;7219.23.9000;7219.24.1010;7219.24.1090;7219.24.9000;7219.31.1010;7219.31.1090;7219.31.9000;7219.32.1010;7219.32.1090;7219.32.9000;7219.33.1010;7219.33.1090;7219.33.9000;7219.34.1010;7219.34.1090;7219.34.9000;7219.35.1010;7219.35.1090;7219.35.9000;7219.90.1010;7219.90.1090;7219.90.9000;7220.11.1010;7220.11.1090;7220.11.9000;7220.12.1010;7220.12.1090;7220.12.9000;7220.20.1010;7220.20.1090;7220.20.9000;7220.90.1010;7220.90.1090;7220.90.9000,Y,Y,"제2조(부과대상 물품) 덤핑방지관세가 부과되는 물품은 중국ㆍ인도네시아 및 대만산 스테인리스강 평판압연(「관세법 시행령」 제98조제1항에 따른 관세ㆍ통계통합품목분류표의 품목번호 제7219.12.1010호, 제7219.12.1090호, 제7219.12.9000호, 제7219.13.1010호, 제7219.13.1090호, 제7219.13.9000호, 제7219.14.1010호, 제7219.14.1090호, 제7219.14.9000호, 제7219.22.1010호, 제7219.22.1090호, 제7219.22.9000호, 제7219.23.1010호, 제7219.23.1090호, 제7219.23.9000호, 제7219.24.1010호, 제7219.24.1090호, 제7219.24.9000호, 제7219.31.1010호, 제7219.31.1090호, 제7219.31.9000호, 제7219.32.1010호, 제7219.32.1090호, 제7219.32.9000호, 제7219.33.1010호, 제7219.33.1090호, 제7219.33.9000호, 제7219.34.1010호, 제7219.34.1090호, 제7219.34.9000호, 제7219.35.1010호, 제7219.35.1090호, 제7219.35.9000호, 제7219.90.1010호, 제7219.90.1090호, 제7219.90.9000호, 제7220.11.1010호, 제7220.11.1090호, 제7220.11.9000호, 제7220.12.1010호, 제7220.12.1090호, 제7220.12.9000호, 제7220.20.1010호, 제7220.20.1090호, 제7220.20.9000호, 제7220.90.1010호, 제7220.90.1090호 또는 제7220.90.9000호에 해당하는 것을 말한다) 중 두께가 8밀리미터(㎜) 이하인 것으로 한다. 다만, 별표 1에 규정된 물품은 제외한다.","다만, 별표 1에 규정된 물품은 제외한다.","다만, 별표 1 에 규정된 물품은 제외한다.","■ 중국ㆍ 인도네시아 및 대만산 스테인리스강 평판압연에 대한 덤핑방지관세 부과에 관한 규칙 [별표 1] 덤핑방지관세 부과대상에서 제외되는 물품(제2조 단서 관련) 1. 미국재료시험협회(ASTM: American Society for Testing Materials) 규격상 S312 54, S31803, S32050, S32205, S32750 및 N08367에 해당하는 강종(鋼種)의 제품 2. 니켈계(니켈이 함유된 것을 말하며, 니켈과 다른 원소가 함께 함유된 것을 포함 한다)이고 니켈 함유량이 전체 중량의 6% 미만이며 망간 함유량이 전체 중량의 3% 이상인 200계 제품(「관세법 시행령」제98조제1항에 따른 관세ㆍ 통계통합품목 분류표의 품목번호 제7219.12.1010호, 제7219.13.1010호, 제7219.14.1010호, 제7219.22. 1010호, 제7219.23.1010호, 제7219.24.1010호, 제7219.31.1010호, 제7219.32.1010호, 제721 9.33.1010호, 제7219.34.1010호, 제7219.35.1010호, 제7219.90.1010호, 제7220.11.1010호, 제 7220.12.1010호, 제7220.20.1010호 또는 제7220.90.1010호에 해당하는 것을 말한다) 3. 폭이 2,000밀리미터 이상인 열간압연 제품 4. 미국재료시험협회 규격상 316 또는 316L에 해당하는 강종으로서 두께가 3.0밀리 미터 이상 4.0밀리미터 이하이고 폭이 1,524밀리미터 이상인 열간압연 제품 5. 중국국가표준(GB: GuoBiao)상 2Cr13, 3Cr13, 4Cr13, 6Cr13에 해당하는 강종으로 서 두께가 3밀리미터 이하이고 폭이 400밀리미터 이하이며 경도가 250HV 이상 35 0HV 이하인 제품 6. 다음 각 목의 요건을 모두 갖춘 제품 가. 규소 함유량이 전체 중량의 0.3% 이상 0.6% 이하일 것 나. 망간 함유량이 전체 중량의 0.9% 이상 1.3% 이하일 것 다. 니켈 함유량이 전체 중량의 10.0% 이상 11.5% 이하일 것 라. 크롬 함유량이 전체 중량의 18.0% 이상 19.5% 이하일 것 마. 황 함유량이 전체 중량의 0.005% 이하일 것 바. 구리 함유량이 전체 중량의 0.01% 이하일 것 사. 인 함유량이 전체 중량의 0.013% 이하일 것 아. 탄소 함유량이 전체 중량의 0.015% 이하일 것 자. 질소 함유량이 전체 중량의 0.025% 이하일 것 차. 몰리브덴 함유량이 전체 중량의 0.3% 이하일 것 카. 두께가 0.34밀리미터 이상 0.36밀리미터 이하일 것 7. 0.05밀리미터 두께의 니트릴 부타디엔 고무(Nitrile Butadiene Rubber)가 양면에 코팅된 스테인리스강 냉간압연제품으로서 다음 각 목의 요건을 모두 갖춘 제품 가. 니켈 함유량이 전체 중량의 6% 이상 8% 이하일 것 나. 크롬 함유량이 전체 중량의 16% 이상 18% 이하일 것 다. 황 함유량이 전체 중량의 0.03% 이하일 것 라 인 함유량이 전체 중량의 0.045% 이하일 것 마. 질소 함유량이 전체 중량의 0.1% 이하일 것 바. 탄소 함유량이 전체 중량의 0.15% 이하일 것 사. 규소 함유량이 전체 중량의 1% 이하일 것 아. 망간 함유량이 전체 중량의 2% 이하일 것 자. 두께(니트릴 부타디엔 고무 코팅을 제외한 부분의 두께를 말한다)가 0.2밀리미 터일 것 || ■ 중국ㆍ 인도네시아 및 대만산 스테인리스강 평판압연에 대한 덤핑방지관세 부과에 관한 규칙 [별표 2] 부과대상 공급자에서 제외되는 공급자(제3조제2항 본문 관련) 공급국 공급자 중국 1. 산시타이강(Shanxi Taigang Stainless Steel Co., Ltd.)과 다음 각 목의 관계사 가. 티스코홍콩[TISCO Stainless Steel (H.K.) Limited] 나. 티스코트레이딩[TISCO Trading (H.K.) LTD.] 다. 타이강보세(Shanxi Taigang Bonded & Comprehensive Service Co., LTD.) 2. 리스코(ANGANG LIANZHONG STAINLESS STEEL CORPORA TION) 인도네시아 3. 인니청산(PT. INDONESIA TSINGSHAN STAINLESS STEEL)과 다음 각 목의 관계사 가. 광칭(PT. INDONESIA GUANG CHING NICKEL AND STAIN LESS STEEL INDUSTRY) 나. 루이푸(PT. INDONESIA RUIPU NICKEL AND CHROME AL LOY) 다. 이터널청산(ETERNAL TSINGSHAN GROUP LIMITED) 라. 골든하버(GOLDEN HARBOUR INTERNATIONAL PTE. LTD.) 대만 4. 유스코(Yieh United Steel Corporation)와 다음 각 목의 관계사 가. 이예마우(Yieh Mau Corp.) 나. 탕엉(Tang Eng Iron Works Co., Ltd.) 다. 와이씨엘(Yieh Corporation Limited) 5. 왈신(Walsin Lihwa Corporation)",
M133,베트남산스테인리스강냉간압연,베트남산 스테인리스강 냉간압연에 대한 덤핑방지관세 부과에 관한 규칙,베트남,기획재정부령,제1129호,2025-07-11,2025-07-11,,부칙에 유효기간 없음,,,1,272835,7219.31.1010;7219.31.1090;7219.31.9000;7219.32.1010;7219.32.1090;7219.32.9000;7219.33.1010;7219.33.1090;7219.33.9000;7219.34.1010;7219.34.1090;7219.34.9000;7219.35.1010;7219.35.1090;7219.35.9000;7219.90.1010;7219.90.1090;7219.90.9000;7220.20.1010;7220.20.1090;7220.20.9000;7220.90.1010;7220.90.1090;7220.90.9000,7219.31.1010;7219.31.1090;7219.31.9000;7219.32.1010;7219.32.1090;7219.32.9000;7219.33.1010;7219.33.1090;7219.33.9000;7219.34.1010;7219.34.1090;7219.34.9000;7219.35.1010;7219.35.1090;7219.35.9000;7219.90.1010;7219.90.1090;7219.90.9000;7220.20.1010;7220.20.1090;7220.20.9000;7220.90.1010;7220.90.1090;7220.90.9000,,,"제2조(부과대상 물품) 덤핑방지관세가 부과되는 물품은 베트남산 스테인리스강 냉간압연( 「관세법 시행령」 제98조 제1항 에 따른 관세ㆍ통계통합품목분류표의 품목번호 제7219.31.1010호, 제7219.31.1090호, 제7219.31.9000호, 제7219.32.1010호, 제7219.32.1090호, 제7219.32.9000호, 제7219.33.1010호, 제7219.33.1090호, 제7219.33.9000호, 제7219.34.1010호, 제7219.34.1090호, 제7219.34.9000호, 제7219.35.1010호, 제7219.35.1090호, 제7219.35.9000호, 제7219.90.1010호, 제7219.90.1090호, 제7219.90.9000호, 제7220.20.1010호, 제7220.20.1090호, 제7220.20.9000호, 제7220.90.1010호, 제7220.90.1090호 또는 제7220.90.9000호에 해당하는 것을 말한다)으로 한다.",,,,
M134,중국및대만산석유수지,중국 및 대만산 석유수지에 대한 덤핑방지관세 부과에 관한 규칙,중국및대만,기획재정부령,제1139호,2025-08-01,2025-08-01,,부칙에 유효기간 없음,,,1,273137,3911.10.1000,3911.10.1000,Y,,"제2조(부과대상 물품) 덤핑방지관세가 부과되는 물품은 중국 및 대만산 석유수지( 「관세법 시행령」 제98조 제1항 에 따른 관세ㆍ통계통합품목분류표의 품목번호 제3911.10.1000호에 해당하는 것을 말한다)로 한다. 다만, 연화점(軟化點)이 섭씨 130도 이상인 C9 계열의 석유수지는 제외한다.","다만, 연화점(軟化點)이 섭씨 130도 이상인 C9 계열의 석유수지는 제외한다.","다만, 연화점(軟化點)이 섭씨 130도 이상인 C9 계열의 석유수지는 제외한다.",,
M135,중국산스테인리스강후판,중국산 스테인리스강 후판에 대한 덤핑방지관세 부과에 관한 규칙,중국,기획재정부령,제1140호,2025-09-05,2025-09-05,,부칙에 유효기간 없음,,,1,273633,7219.21.1010;7219.21.1090;7219.21.9000;7219.22.1010;7219.22.1090;7219.22.9000,7219.21.1010;7219.21.1090;7219.21.9000;7219.22.1010;7219.22.1090;7219.22.9000,Y,,"제2조(부과대상 물품) 덤핑방지관세가 부과되는 물품은 중국산 스테인리스강 후판(厚板)( 「관세법 시행령」 제98조 제1항 에 따른 관세ㆍ통계통합품목분류표의 품목번호 제7219.21.1010호, 제7219.21.1090호, 제7219.21.9000호, 제7219.22.1010호, 제7219.22.1090호 또는 제7219.22.9000호에 해당하는 것을 말한다)으로 한다. 다만, 다음 각 호의 어느 하나에 해당하는 물품은 제외한다. 1. 스테인리스 슬래브를 열간(熱間) 상태에서 압연한 후 생산한 코일 형태의 제품 2. 스테인리스 슬래브를 열간 상태에서 압연한 후 생산한 흑판(black plate) 형태의 제품 3. 두께가 8밀리미터 이하이고 폭이 2천밀리미터 미만인 제품 4. 미국재료시험협회(ASTM : American Society for Testing Materials) 규격 904L 강종(鋼種)의 제품 || 제3조(부과대상 물품의 공급자 및 덤핑방지관세율) 제2조 에 따른 부과대상 물품의 공급자와 그 공급자별 덤핑방지관세율은 별표 와 같다.","다만, 다음 각 호의 어느 하나에 해당하는 물품은 제외한다. 1. 스테인리스 슬래브를 열간(熱間) 상태에서 압연한 후 생산한 코일 형태의 제품 2. 스테인리스 슬래브를 열간 상태에서 압연한 후 생산한 흑판(black plate) 형태의 제품 3. 두께가 8밀리미터 이하이고 폭이 2천밀리미터 미만인 제품 4. 미국재료시험협회(ASTM : American Society for Testing Materials) 규격 904L 강종(鋼種)의 제품","다만, 다음 각 호의 어느 하나에 해당하는 물품은 제외한다. 1. 스테인리스 슬래브를 열간(熱間) 상태에서 압연한 후 생산한 코일 형태의 제품 2. 스테인리스 슬래브를 열간 상태에서 압연한 후 생산한 흑판(black plate) 형태의 제품 3. 두께가 8밀리미터 이하이고 폭이 2천밀리미터 미만인 제품 4. 미국재료시험협회(ASTM : American Society for Testing Materials) 규격 904L 강종(鋼種)의 제품",,
M136,중국산탄소강및그밖의합금강열간압연후판,중국산 탄소강 및 그 밖의 합금강 열간압연 후판에 대한 덤핑방지관세 부과에 관한 규칙,중국,기획재정부령,제1145호,2025-11-24,2025-11-24,,부칙에 유효기간 없음,,,2,279931;282689,7208.51.1000;7208.51.9000;7208.52.1000;7208.52.9000;7225.40.9010;7225.40.9091;7225.40.9099,7208.51.1000;7208.51.9000;7208.52.1000;7208.52.9000;7225.40.9010;7225.40.9091;7225.40.9099,Y,Y,"제2조(부과대상 물품) 덤핑방지관세가 부과되는 물품은 중국산 탄소강 및 그 밖의 합금강 열간압연 후판(厚板)(「관세법 시행령」 제98조제1항에 따른 관세ㆍ통계통합품목분류표의 품목번호 제7208.51.1000호, 제7208.51.9000호, 제7208.52.1000호, 제7208.52.9000호, 제7225.40.9010호, 제7225.40.9091호 또는 제7225.40.9099호에 해당하는 것을 말한다) 중 다음 각 호의 요건을 모두 갖춘 것으로 한다. 다만, 별표 1에 규정된 물품은 제외한다. 1. 두께가 4.75밀리미터(㎜) 이상일 것 2. 폭이 600밀리미터 이상일 것 3. 코일(coil) 모양이 아닐 것 4. 냉간압연(冷間壓延)을 하지 않은 것일 것","다만, 별표 1에 규정된 물품은 제외한다. 1. 두께가 4.75밀리미터(㎜) 이상일 것 2. 폭이 600밀리미터 이상일 것 3. 코일(coil) 모양이 아닐 것 4. 냉간압연(冷間壓延)을 하지 않은 것일 것","다만, 별표 1 에 규정된 물품은 제외한다. 1. 두께가 4.75밀리미터(㎜) 이상일 것 2. 폭이 600밀리미터 이상일 것 3. 코일(coil) 모양이 아닐 것 4. 냉간압연(冷間壓延)을 하지 않은 것일 것","■ 중국산 탄소강 및 그 밖의 합금강 열간압연 후판에 대한 덤핑방지관세 부과에 관 한 규칙 [별표 1] 덤핑방지관세 부과대상에서 제외되는 물품(제2조 각 호 외의 부분 단서 관련) 1. 「관세법 시행령」 제98조제1항에 따른 관세ㆍ 통계통합품목분류표의 품목번호 제 7208.51.1000호 또는 제7208.51.9000호에 해당하는 것 중 다음 각 목의 제품 가. 미국기계기술자협회(American Society of Mechanical Engineers, 이하 ""AS ME""라 한다) 규격 SA516-70(두께 134밀리미터 이상) 나. ASME 규격 SA299-Grade B(두께 50밀리미터 이상) 다. ASME 규격 SA302-Grade B 라. ASME 규격 SA302-Grade C || ■ 중국산 탄소강 및 그 밖의 합금강 열간압연 후판에 대한 덤핑방지관세 부과에 관한 규칙 [별표 2] 부과대상 공급자에서 제외되는 공급자(제3조제2항 본문 관련) 공급국 공급자 중국 1. 다음 각 목의 회사 가. 바오 스틸(Baoshan Iron & Steel Co., Ltd.) 나. 우한 스틸(Wuhan Iron & Steel Co., Ltd.) 다. 메이산 스틸(Shanghai Meishan Iron & Steel Co., Ltd.), 라. 바오스틸 짠쟝(Baosteel Zhanjiang Iron & Steel Co., Ltd.) 마. 산동 르자오(Shandong Iron And Steel Group Rizhao Co., Ltd.) 바. 가목부터 마목까지의 기업의 제품을 수출하는 호와 무역(Howa Trading Co., Ltd.) 2. 장수 사강(Jiangsu Shagang Steel Co., Ltd.)과 그 기업의 제품을 수출하는 다음 각 목의 관계사 가. 장수 사강 국제(Jiangsu Shagang International Trade Co., Ltd.) 나. 사강 싱가포르[Shagang International (Singapore) Pte. Ltd.] 다. 콴탁 국제[Kwan Tak International (Singapore) Pte. Ltd.] 3. 샹탄 스틸(Hunan Valin Xiangtan Iron And Steel Co., Ltd.)과 그 기업의 제품을 수출하는 샹탄 싱가포르[Xisc (Singapore) Pte. Ltd.] 4. 안강 스틸(Angang Steel Co., Ltd)과 그 기업의 제품을 수출하는 안강 홍콩(Angang Group Hong Kong Co., Ltd) 5. 쟝인 싱청(Jiangyin Xingcheng Special Steel Works Co., Ltd.) 6. 난징 스틸(Nanjing Iron and Steel Co., Ltd.)과 그 기업의 제품을 수출하는 다음 각 목의 관계사 가. 싱가포르 진텅 국제(Singapore Jinteng International Pte. Ltd.) 나. 난징 국제(Nanjing Iron and Steel Group International Trade Co., Ltd.) 7. 징예 강판[Jingye (Yingkou) Medium Plate Co., Ltd.]과 그 기업의 제품을 수출하는 다음 각 목의 관계사 가. 징예 싱가포르[Jingye International (Singapore) Company Pte. Ltd.] 나. 징예 홍콩[Jingye International (HK) Co., Ltd] 다. 탑 홍콩[Top (HK) Commodities International Limited] 라. 유에스알 국제(USR International Limited) 마. 케이에스씨 홍콩(KSC Hongkong Limited) 바. 큐믹 스틸(Cumic Steel Limited) 8. 중푸 한단[Zhongpu (Handan) Iron And Steel Co., Ltd.]과 그 기업 의 제품을 수출하는 다음 각 목의 관계사 가. 허베이 푸양(Hebei Puyang New Material Industry Co., Ltd.) 나. 하이난 푸양(Hainan Puyang Supply Chain Management Co., Ltd.) 9. 허강 우양(HBIS Wuyang Iron and Steel Co., Ltd.)과 그 기업의 제품을 수출하는 유에스알 국제(USR International Limited)",
M137,태국산파티클보드,태국산 파티클보드에 대한 덤핑방지관세 부과에 관한 규칙,태국,기획재정부령,제1147호,2025-12-05,2025-12-05,,부칙에 유효기간 없음,,,1,280249,4410.11.1000,4410.11.1000,Y,,"제2조(부과대상 물품) 덤핑방지관세가 부과되는 물품은 태국산 파티클보드(particle board)( 「관세법 시행령」 제98조 제1항 에 따른 관세ㆍ통계통합품목분류표의 품목번호 제4410.11.1000호에 해당하는 것을 말한다)로 한다. 다만, 표면을 피복한 파티클보드는 제외한다. || 제3조(부과대상 물품의 공급자 및 덤핑방지관세율) 제2조 에 따른 부과대상 물품의 공급자와 그 공급자별 덤핑방지관세율은 별표 와 같다.","다만, 표면을 피복한 파티클보드는 제외한다.","다만, 표면을 피복한 파티클보드는 제외한다.",,
M138,중국산아이티온산나트륨(차아황산소다),중국산 아이티온산나트륨(차아황산소다)에 대한 덤핑방지관세 부과에 관한 규칙,중국,기획재정부령,제1149호,2025-12-17,2025-12-17,,부칙에 유효기간 없음,,,1,280335,2831.10.1000,2831.10.1000,,,제2조(부과대상 물품) 덤핑방지관세가 부과되는 물품은 「관세법 시행령」 제98조 제1항 에 따른 관세ㆍ통계통합품목분류표의 품목번호 제2831.10.1000호에 해당하는 중국산 아이티온산나트륨(차아황산소다)로 한다. || 제3조(부과대상 물품의 공급자 및 덤핑방지관세율) 제2조 에 따른 부과대상 물품의 공급자와 그 공급자별 덤핑방지관세율은 별표 와 같다.,,,,
M139,중국산단일모드광섬유,중국산 단일모드 광섬유에 대한 덤핑방지관세 부과에 관한 규칙,중국,재정경제부령,제5호,2026-03-19,2026-03-19,,부칙에 유효기간 없음,,,1,284971,9001.10.0000,9001.10.0000,Y,,"제2조(부과대상 물품) 덤핑방지관세가 부과되는 물품은 「관세법 시행령」 제98조 제1항 에 따른 관세ㆍ통계통합품목분류표의 품목번호 제9001.10.0000호에 해당하는 중국산 단일모드 광섬유로서 다음 각 호의 요건을 모두 만족하는 것으로 한다. 1. 유리 용접물을 고열로 녹여 생산한 원통형 유전체 도파관으로서 코어, 클래딩 및 아크릴 코팅층 등으로 구성된 것일 것 2. 국제전기통신연합 전기통신표준화부문(ITU-T: International Telecommunication Union - Telecommunication Standardization Sector)의 단일모드 광섬유 규격 중 다음 각 목의 어느 하나에 해당하는 제품일 것 가. G.652.A 나. G.652.B 다. G.652.C 라. G.652.D(Low Loss 제품은 제외한다) 마. G.657.A1 바. G.657.A2 3. 광섬유 다발 및 광섬유 케이블이 아닐 것 || 제3조(부과대상 물품의 공급자 및 덤핑방지관세율) 제2조 에 따른 부과대상 물품의 공급자와 그 공급자별 덤핑방지관세율은 별표 와 같다.",G.652.C 라. G.652.D(Low Loss 제품은 제외한다) 마. G.657.A1 바. G.657.A2 3. 광섬유 다발 및 광섬유 케이블이 아닐 것,G.652.C 라. G.652.D(Low Loss 제품은 제외한다) 마. G.657.A1 바. G.657.A2 3. 광섬유 다발 및 광섬유 케이블이 아닐 것,,
M140,태국산섬유판,태국산 섬유판에 대한 덤핑방지관세 부과에 관한 규칙,태국,재정경제부령,제30호,2026-05-07,2026-05-07,,부칙에 유효기간 없음,,,1,285853,4411.12.1000;4411.12.9000;4411.92.1000;4411.92.9010;4411.92.9090;4411.93.1000;4411.93.9010;4411.93.9090;4411.94.1000;4411.94.9000,4411.12.1000;4411.12.9000;4411.92.1000;4411.92.9010;4411.92.9090;4411.93.1000;4411.93.9010;4411.93.9090;4411.94.1000;4411.94.9000,,,"제2조(부과대상 물품) 덤핑방지관세가 부과되는 물품은 「관세법 시행령」 제98조 제1항 에 따른 관세ㆍ통계통합품목분류표의 품목번호 제4411.12.1000호, 제4411.12.9000호, 제4411.92.1000호, 제4411.92.9010호, 제4411.92.9090호, 제4411.93.1000호, 제4411.93.9010호, 제4411.93.9090호, 제4411.94.1000호 또는 제4411.94.9000호에 해당하는 태국산 섬유판(Fibreboard of wood or other ligneous materials)으로서 다음 각 호의 요건을 모두 만족하는 것으로 한다. 1. 목재 또는 그 밖의 목질 재료로부터 섬유질을 분리ㆍ추출한 후 접착제 등을 도포하여 판재(보드) 형태로 가공한 것 2. 두께 5mm 이하인 섬유판일 것 || 제3조(부과대상 물품의 공급자 및 덤핑방지관세율) 제2조 에 따른 부과대상 물품의 공급자와 그 공급자별 덤핑방지관세율은 별표 와 같다.",,,,
M141,사우디아라비아산부틸글리콜에테르,사우디아라비아산 부틸글리콜에테르에 대한 덤핑방지관세 부과에 관한 규칙,사우디아라비아,재정경제부령,제31호,2026-05-15,2026-05-15,,부칙에 유효기간 없음,,,1,286195,2909.43.0000,2909.43.0000,,,제2조(부과대상 물품) 덤핑방지관세가 부과되는 물품은 사우디아라비아산 부틸글리콜에테르( 「관세법 시행령」 제98조 제1항 에 따른 관세ㆍ통계통합품목분류표의 품목번호 제2909.43.0000호에 해당하는 것을 말한다)로 한다. || 제3조(부과대상 물품의 공급자 및 덤핑방지관세율) 제2조 에 따른 부과대상 물품의 공급자와 그 공급자별 덤핑방지관세율은 별표 와 같다.,,,,
M142,일본및중국산4축이상수직다관절형산업용로봇,일본 및 중국산 4축 이상 수직다관절형 산업용 로봇에 대한 덤핑방지관세 부과에 관한 규칙,일본및중국,재정경제부령,제32호,2026-05-21,2026-05-21,3,,2029-05-21,,1,286205,8479.50.9000;8515.21.1010;8515.21.2010;8515.21.3010;8515.21.9010;8515.31.1010;8515.31.9010,8479.50.9000;8515.21.1010;8515.21.2010;8515.21.3010;8515.21.9010;8515.31.1010;8515.31.9010,Y,Y,"제2조(부과대상 물품) 덤핑방지관세가 부과되는 물품은 「관세법 시행령」 제98조 제1항 에 따른 관세ㆍ통계통합품목분류표의 품목번호 제8479.50.9000호, 제8515.21.1010호, 제8515.21.2010호, 제8515.21.3010호, 제8515.21.9010호, 제8515.31.1010호 또는 제8515.31.9010호에 해당하는 일본 및 중국산 산업용 로봇으로서 다음 각 호의 어느 하나에 해당하는 것을 말한다. 다만, 별표 1에 규정된 물품은 제외한다. 1. 다음 각 목의 요건을 모두 갖춘 것 가. 4축 이상 수직다관절형 구조(4개 이상의 회전모터를 장착하여 회전축이 4축 이상인 다관절 구조이며, 설치면과 1축의 회전축은 수직이고 2축과 3축의 회전축은 수평인 것을 말한다)일 것 나. 운반할 수 있는 중량이 6킬로그램 이상 600킬로그램 이하일 것 2. 제1호의 로봇에 1개 이상의 부가축(기본축 외에 부착되는 장치를 말한다)을 설치한 것 3. 제1호 또는 제2호의 로봇으로서 기계장치(로봇 본체), 제어장치, 전원케이블 및 조정기가 조립되지 않은 상태로 수입되는 것 || 제3조(부과대상 물품의 공급자 및 덤핑방지관세율) 제2조에 따른 덤핑방지관세 부과대상 물품의 공급자와 그 공급자별 덤핑방지관세율은 별표 2와 같다.","다만, 별표 1에 규정된 물품은 제외한다. 1. 다음 각 목의 요건을 모두 갖춘 것 가. 4축 이상 수직다관절형 구조(4개 이상의 회전모터를 장착하여 회전축이 4축 이상인 다관절 구조이며, 설치면과 1축의 회전축은 수직이고 2축과 3축의 회전축은 수평인 것을 말한다)일 것 나. 운반할 수 있는 중량이 6킬로그램 이상 600킬로그램 이하일 것 2. 제1호의 로봇에 1개 이상의 부가축(기본축 외에 부착되는 장치를 말한다)을 설치한 것 3. 제1호 또는 제2호의 로봇으로서 기계장치(로봇 본체), 제어장치, 전원케이블 및 조정기가 조립되지 않은 상태로 수입되는 것","다만, 별표 1에 규정된 물품은 제외한다. 1. 다음 각 목의 요건을 모두 갖춘 것 가. 4축 이상 수직다관절형 구조(4개 이상의 회전모터를 장착하여 회전축이 4축 이상인 다관절 구조이며, 설치면과 1축의 회전축은 수직이고 2축과 3축의 회전축은 수평인 것을 말한다)일 것 나. 운반할 수 있는 중량이 6킬로그램 이상 600킬로그램 이하일 것 2. 제1호의 로봇에 1개 이상의 부가축(기본축 외에 부착되는 장치를 말한다)을 설치한 것 3. 제1호 또는 제2호의 로봇으로서 기계장치(로봇 본체), 제어장치, 전원케이블 및 조정기가 조립되지 않은 상태로 수입되는 것","■ 일본 및 중국산 4축 이상 수직다관절형 산업용 로봇에 대한 덤핑방지관세 부과에 관한 규칙 [별표 1] 덤핑방지관세 부과대상에서 제외되는 물품(제2조 관련) 1. 다음 각 목의 요건을 모두 갖춘 소형고속로봇 가. 운반할 수 있는 중량이 20킬로그램 이하일 것 나. 1축, 2축 및 3축이 아닌 축의 최고 회전속도의 평균이 초당 500도를 초과할 것 다. 2축과 3축이 모두 양쪽 끝부분에서 지지되는 구조일 것 2. 방폭 기능에 대하여 「산업안전보건법」 제84조 및 같은 법 시행령 제74조에 따라 안전인증을 받은 도장전용로봇 3. 사람과 같은 작업영역에서 직접 협동하여 작동하는 로봇으로서 국제표준화기 구(ISO)의 ISO 10218-1 및 ISO/TS 15066에서 정하는 기준에 따라 제조되었음 을 인증받은 협동로봇 4. 사람의 상반신과 양팔을 본뜬 형태로 7축 이상의 로봇 팔 2개가 하나의 본체 (상반신에 해당하는 부분을 말한다)에 부착되어 전체 회전축이 14축 이상인 양 팔로봇 5. 화물의 적재작업 등에 주로 사용되는 4축 산업용 로봇",
M143,일본및중국산탄소강및그밖의합금강열간압연제품,일본 및 중국산 탄소강 및 그 밖의 합금강 열간압연 제품에 대한 덤핑방지관세 부과에 관한 규칙,일본및중국,재정경제부령,제35호,2026-06-23,2026-06-23,,부칙에 유효기간 없음,,,1,287461,7208.10.1000;7208.10.9000;7208.25.1000;7208.25.9000;7208.26.1000;7208.26.9000;7208.27.1000;7208.27.9000;7208.36.1000;7208.36.9000;7208.37.1000;7208.37.9000;7208.38.1000;7208.38.9000;7208.39.1000;7208.39.9000;7208.40.0000;7208.53.1000;7208.53.9000;7208.54.1000;7208.54.9000;7208.90.0000;7211.13.0000;7211.14.1000;7211.14.9000;7211.19.1000;7211.19.9000;7225.30.1000;7225.30.9010;7225.30.9091;7225.30.9092;7225.30.9099;7225.40.1000;7225.40.9092;7226.20.0000;7226.91.1000;7226.91.2000;7226.91.9000,7208.10.1000;7208.10.9000;7208.25.1000;7208.25.9000;7208.26.1000;7208.26.9000;7208.27.1000;7208.27.9000;7208.36.1000;7208.36.9000;7208.37.1000;7208.37.9000;7208.38.1000;7208.38.9000;7208.39.1000;7208.39.9000;7208.40.0000;7208.53.1000;7208.53.9000;7208.54.1000;7208.54.9000;7208.90.0000;7211.13.0000;7211.14.1000;7211.14.9000;7211.19.1000;7211.19.9000;7225.30.1000;7225.30.9010;7225.30.9091;7225.30.9092;7225.30.9099;7225.40.1000;7225.40.9092;7226.20.0000;7226.91.1000;7226.91.2000;7226.91.9000,Y,Y,"제2조(부과대상 물품) 덤핑방지관세가 부과되는 물품은 일본 및 중국산 탄소강 및 그 밖의 합금강 열간압연( 「관세법 시행령」 제98조 제1항 에 따른 관세ㆍ통계통합품목분류표의 품목번호 제7208.10.1000호, 제7208.10.9000호, 제7208.25.1000호, 제7208.25.9000호, 제7208.26.1000호, 제7208.26.9000호, 제7208.27.1000호, 제7208.27.9000호, 제7208.36.1000호, 제7208.36.9000호, 제7208.37.1000호, 제7208.37.9000호, 제7208.38.1000호, 제7208.38.9000호, 제7208.39.1000호, 제7208.39.9000호, 제7208.40.0000호, 제7208.53.1000호, 제7208.53.9000호, 제7208.54.1000호, 제7208.54.9000호, 제7208.90.0000호, 제7211.13.0000호, 제7211.14.1000호, 제7211.14.9000호, 제7211.19.1000호, 제7211.19.9000호, 제7225.30.1000호, 제7225.30.9010호, 제7225.30.9091호, 제7225.30.9092호, 제7225.30.9099호, 제7225.40.1000호, 제7225.40.9092호, 제7226.20.0000호, 제7226.91.1000호, 제7226.91.2000호 또는 제7226.91.9000호에 해당하는 것을 말한다) 중 다음 각 호의 요건을 모두 갖춘 것으로 한다. 다만, 별표 1에 규정된 물품은 제외한다. 1. 철, 탄소강 또는 그 밖의 합금강 등에 열을 가한 후 압연한 것일 것 2. 코일(coil), 시트(sheet) 또는 판(plate) 등의 형태를 지닐 것 || 제3조(부과대상 물품의 공급자) ① 덤핑방지관세가 부과되는 공급자는 제2조에 따른 덤핑방지관세 부과대상 물품의 공급자로 한다. ② 제1항에도 불구하고 재정경제부장관이 「관세법」 제54조 제1항 에 따른 가격수정에 관한 약속을 수락한 별표 2에 규정된 공급자는 제1항에 따른 덤핑방지관세 부과대상 물품의 공급자에서 제외한다. 다만, 해당 가격수정에 관한 약속을 이행하지 않은 경우에는 덤핑방지관세를 부과한다.","다만, 별표 1에 규정된 물품은 제외한다. 1. 철, 탄소강 또는 그 밖의 합금강 등에 열을 가한 후 압연한 것일 것 2. 코일(coil), 시트(sheet) 또는 판(plate) 등의 형태를 지닐 것 / ② 제1항에도 불구하고 재정경제부장관이 「관세법」 제54조 제1항 에 따른 가격수정에 관한 약속을 수락한 별표 2에 규정된 공급자는 제1항에 따른 덤핑방지관세 부과대상 물품의 공급자에서 제외한다. 다만, 해당 가격수정에 관한 약속을 이행하지 않은 경우에는 덤핑방지관세를 부과한다.","다만, 별표 1에 규정된 물품은 제외한다. 1. 철, 탄소강 또는 그 밖의 합금강 등에 열을 가한 후 압연한 것일 것 2. 코일(coil), 시트(sheet) 또는 판(plate) 등의 형태를 지닐 것 / ② 제1항에도 불구하고 재정경제부장관이 「관세법」 제54조 제1항 에 따른 가격수정에 관한 약속을 수락한 별표 2에 규정된 공급자는 제1항에 따른 덤핑방지관세 부과대상 물품의 공급자에서 제외한다. 다만, 해당 가격수정에 관한 약속을 이행하지 않은 경우에는 덤핑방지관세를 부과한다.","■ 일본 및 중국산 탄소강 및 그 밖의 합금강 열간압연 제품에 대한 덤핑방지 관세 부과에 관한 규칙 [별표 1] 덤핑방지관세 부과대상에서 제외되는 물품(제2조 각 호 외의 부분 단서 관련) 1. 철이나 비합금강 및 그 밖의 합금강의 평판압연제품으로서 다음 각 목의 요 건을 모두 갖춘 열간압연 후판 제품 가. 두께가 4.75밀리미터(㎜) 이상일 것 나. 폭이 600밀리미터 이상일 것 다. 코일 모양이 아닐 것 라. 냉간압연을 하지 않을 것 2. 열간압연 제품에 클래드(clad: 두 가지 이상의 금속을 높은 온도와 압력으로 접합한 것), 도금(plated) 또는 도포(coated)한 제품 3. 다음 각 목의 요건을 모두 갖춘 합금강 제품 가. 탄소 함유량이 전체 중량의 1.2퍼센트 이하일 것 나. 크로뮴 함유량이 전체 중량의 10.5퍼센트 이상일 것 4. 금속ㆍ 목재ㆍ 플라스틱 가공용으로 금형 및 절삭공구 등에 사용되는 것으로 서 다음 각 목의 어느 하나에 해당하는 것 가. 일본 다이도특수강(Daido Steel Co., Ltd.) 제품으로서 브리넬 경도(HB W) 255 이하 또는 로크웰 경도(HRC) 43 이하인 NAK80, NAK55, DC11, DC53, DH2F, DCMX, DH31-EX, DHA-WORLD, DH31-S, PXA30, PAC 5000, NAK86K, DHA1, PD613, DH32, DHA-GIGA, RDH494 강종 나. 일본 프로테리얼(Proterial, Ltd.) 제품으로서 브리넬 경도(HBW) 277 이 하 또는 로크웰 경도(HRC) 41 이하인 HPM1, HPM31, SLD, SLD-f, SLD 10, SLD-MAGIC, HAP10, HAP40, HAP5R, YXM1, YXM4, YXR7, YXR 3, YXR33 강종 다. 중국 저장 징루이 툴링(Zhejiang Jingrui Tooling Co., Ltd.) 제품으로서 일본산업표준(Japanese Industrial Standard) 규격 SKH-51, SKH-55에 해 당하는 제품 || ■ 일본 및 중국산 탄소강 및 그 밖의 합금강 열간압연 제품에 대한 덤핑방지관세 부과에 관한 규칙 [별표 2] 부과대상 공급자에서 제외되는 공급자(제3조제2항 본문 관련) 공급국 공급자 일본 1. 제이에프이 스틸(JFE Steel corporation)과 그 기업의 제품을 수출하는 다음 각 목의 관계사 가. 제이에프이 상사(JFE Shoji Corporation) 나. 영스틸(Young Steel Co., Ltd.) 다. 메탈원(Metal One Corporation) 라. 토요타 통상(Toyota Tsusho Corporation) 마. 이토추마루베니 철강(Marubeni-Itochu Steel Inc.) 바. 동국(Dongkuk Corporation) 2. 일본제철(Nippon Steel Corporation)과 그 기업의 제품을 수출하는 다음 각 목의 관계사 가. 닛테츠 물산(Nippon Steel Trading Corporation) 나. 스미토모 상사 글로벌(Sumitomo Corporation Global Metals Co., Ltd.) 다. 동국(Dongkuk Corporation) 라. 세아 재팬(SeAH Japan Co., Ltd.) 마. 이토추마루베니 철강 바. 메탈원(Metal One Corporation) 3. 도쿄스틸(Tokyo Steel Manufacturing Co., Ltd.)과 그 기업의 제품을 수출하는 다음 각 목의 관계사 가. 닛세이 무역(Nissei Trading Co., Ltd.) 나. 제이에프이 상사 다. 오카야강기(Okaya & Co., Ltd.) 라. 포스코 인터내셔널 재팬(POSCO International Japan Corp.) 마. 영스틸 중국 4. 벤강 스틸(Bengang Steel Plates Co.,Ltd.) 또는 안강 스틸(Angang Steel Company Limited)과 그 기업의 제품을 수출하는 다음 각 목의 관 계사 가. 안강 홍콩(Angang Group Hong Kong Co., Limited) 나. 베스콤(Bescom Pte. Ltd.) 다. 대련 우호 홍콩(Dalian Woo-Ho Hongkong International Trading Limited) 라. 이피 스틸(Ep Steel Trading Co., Ltd.) 5. 다음 각 목의 회사 가. 바오 스틸(Baoshan Iron & Steel Co., Ltd.) 나. 우한 스틸(Wuhan Iron & Steel Co., Ltd.) 다. 메이산 스틸(Shanghai Meishan Iron & Steel Co., Ltd.) 라. 바오스틸 짠쟝(Baosteel Zhanjiang Iron & Steel Co., Ltd.) 마. 산동 르자오(Shandong Iron & Steel Group Rizhao Co., Ltd.) 바. 마안산 철강(Maanshan Iron & Steel Ltd.) 사. 가목부터 바목까지의 기업의 제품을 수출하는 호와 무역(Howa Trading Co., Ltd.) 6. 허베이 옌산(Hebei Yanshan Iron And Steel Group Co., Ltd.)과 그 기 업의 제품을 수출하는 와이더 밴티지(Wider Vantage International Limited) 7. 서우강 징탕(Shougang Jingtang United Iron & Steel Co., Ltd.) 또는 서우강 첸안(Shougang Qian'an Iron & Steel Company)과 그 기업의 제품을 수출하는 서우강 홀딩[Shougang Holding Trade (Hong Kong) Limited] 8. 장수 사강(Jiangsu Shagang Steel Co., Ltd.)과 그 기업의 제품을 수출 하는 다음 각 목의 관계사 가. 장수 사강 국제(Jiangsu Shagang International Trade Co., Ltd.) 나. 사강 싱가포르[Shagang International (Singapore) Pte. Ltd.] 다. 콴탁 국제[Kwan Tak International (Singapore) Pte. Ltd.] 9. 르자오 스틸홀딩(Rizhao Steel Holding Group Co., Ltd.)과 그 기업의 제품 을 수출하는 바오후아 스틸(Baohua Steel International Pte. Limited)",
M144,독일·프랑스·노르웨이및스웨덴산폴리염화비닐페이스트수지,독일ㆍ프랑스ㆍ노르웨이 및 스웨덴산 폴리염화비닐 페이스트 수지에 대한 덤핑방지관세 부과에 관한 규칙,독일·프랑스·노르웨이및스웨덴,재정경제부령,제43호,2026-08-05,2026-08-05,,부칙에 유효기간 없음,,,1,288631,3904.10.0000,3904.10.0000,Y,,"제2조(부과대상 물품) 덤핑방지관세가 부과되는 물품은 독일ㆍ프랑스ㆍ노르웨이 및 스웨덴산 폴리염화비닐 페이스트 수지( 「관세법 시행령」 제98조 제1항 에 따른 관세ㆍ통계통합품목분류표의 품목번호 제3904.10.0000호에 해당하는 것을 말한다)로 한다. 다만, 다음 각 호의 요건을 모두 갖춘 서스펜션 폴리염화비닐은 제외한다. 1. 현탁중합[Suspension Polymerization: 물속에서 분산 안정제를 사용하여 단량체(單量體)를 작은 방울로 분산시켜 중합하는 방식을 말한다]으로 제조된 것 2. 건축용 경질(輕質) 파이프 등에 주로 사용되고 점도 값이 없을 것 3. 평균 입자크기가 100마이크로미터(㎛) 이상 180마이크로미터 이하일 것 || 제3조(부과대상 물품의 공급자 및 덤핑방지관세율) 제2조에 따른 부과대상 물품의 공급자와 그 공급자별 덤핑방지관세율은 별표와 같다.","다만, 다음 각 호의 요건을 모두 갖춘 서스펜션 폴리염화비닐은 제외한다. 1. 현탁중합[Suspension Polymerization: 물속에서 분산 안정제를 사용하여 단량체(單量體)를 작은 방울로 분산시켜 중합하는 방식을 말한다]으로 제조된 것 2. 건축용 경질(輕質) 파이프 등에 주로 사용되고 점도 값이 없을 것 3. 평균 입자크기가 100마이크로미터(㎛) 이상 180마이크로미터 이하일 것","다만, 다음 각 호의 요건을 모두 갖춘 서스펜션 폴리염화비닐은 제외한다. 1. 현탁중합[Suspension Polymerization: 물속에서 분산 안정제를 사용하여 단량체(單量體)를 작은 방울로 분산시켜 중합하는 방식을 말한다]으로 제조된 것 2. 건축용 경질(輕質) 파이프 등에 주로 사용되고 점도 값이 없을 것 3. 평균 입자크기가 100마이크로미터(㎛) 이상 180마이크로미터 이하일 것",,
M145,태국산이음매없는동관,태국산 이음매 없는 동관에 대한 덤핑방지관세 부과에 관한 규칙,태국,재정경제부령,제49호,2026-09-11,2026-09-11,,부칙에 유효기간 없음,,,1,289823,7411.10.0000,7411.10.0000,Y,,"제2조(부과대상 물품) 덤핑방지관세가 부과되는 물품은 태국산 이음매 없는 동관( 「관세법 시행령」 제98조 제1항 에 따른 관세ㆍ통계통합품목분류표의 품목번호 제7411.10.0000호에 해당하는 것을 말한다) 중 다음 각 호의 요건을 모두 갖춘 것으로 한다. 다만, 플라스틱으로 코팅되어 있거나 엠보 또는 발포고무 등의 부착물이 결합된 동관은 제외한다. 1. 바깥지름이 66.68밀리미터(mm) 이하인 것 2. 두께가 0.20밀리미터 이상 2.00밀리미터 이하인 것[관 내부가 홈 가공된 제품은 밑면(bottom wall) 두께를 기준으로 한다] || 제3조(부과대상 물품의 공급자 및 덤핑방지관세율) 제2조에 따른 부과대상 물품의 공급자와 그 공급자별 덤핑방지관세율은 별표와 같다.","다만, 플라스틱으로 코팅되어 있거나 엠보 또는 발포고무 등의 부착물이 결합된 동관은 제외한다. 1. 바깥지름이 66.68밀리미터(mm) 이하인 것 2. 두께가 0.20밀리미터 이상 2.00밀리미터 이하인 것[관 내부가 홈 가공된 제품은 밑면(bottom wall) 두께를 기준으로 한다]","다만, 플라스틱으로 코팅되어 있거나 엠보 또는 발포고무 등의 부착물이 결합된 동관은 제외한다. 1. 바깥지름이 66.68밀리미터(mm) 이하인 것 2. 두께가 0.20밀리미터 이상 2.00밀리미터 이하인 것[관 내부가 홈 가공된 제품은 밑면(bottom wall) 두께를 기준으로 한다]",,
